timestamp;AXIS_ACT;POS_ACT;TORQUE_A1;TORQUE_A2;TORQUE_A3;TORQUE_A4;TORQUE_A5;TORQUE_A6;MOT_TEMP_A1;MOT_TEMP_A2;MOT_TEMP_A3;MOT_TEMP_A4;MOT_TEMP_A5;MOT_TEMP_A6;CURR_A1;CURR_A2;CURR_A3;CURR_A4;CURR_A5;CURR_A6;VEL_AXIS_ACT_A1;VEL_AXIS_ACT_A2;VEL_AXIS_ACT_A3;VEL_AXIS_ACT_A4;VEL_AXIS_ACT_A5;VEL_AXIS_ACT_A6;VEL_ACT;OV_PRO;BRAKE_SIG;MODE_OP;PRO_STATE1
2025-11-27 14:13:51.923;{E6AXIS: A1 21.6373806, A2 -139.758759, A3 153.728378, A4 -0.739100039, A5 11.8348293, A6 9.39366913, E1 0.0, E2 0.0, E3 0.0, E4 0.0, E5 0.0, E6 0.0};;1.85788286;9.10251808;-9.26898;-1.97950912;-0.234564841;-3.44155431;295;295;294;296;295;295;-0.0140250502;-0.00336601213;-0.00729302643;0.0813826919;0.0127160456;-0.127160460;0.0;-0.000610278;0.0;0.000270670309;0.0;0.0;0.0;100;0;#T1;#P_FREE
2025-11-27 14:13:52.122;{E6AXIS: A1 21.6373806, A2 -139.758759, A3 153.728378, A4 -0.739100039, A5 11.8348293, A6 9.39366913, E1 0.0, E2 0.0, E3 0.0, E4 0.0, E5 0.0, E6 0.0};;1.11472976;7.97748804;-6.49784374;-3.31836152;-1.87651634;-5.18257713;295;295;294;296;295;295;-0.00561002037;-0.0246840883;-0.0370261334;0.0775678754;0.00254320912;-0.124617249;0.0;0.0;0.0;-0.000812257407;0.0;0.000316817;0.0;100;0;#T1;#P_FREE
2025-11-27 14:13:52.312;{E6AXIS: A1 21.6373806, A2 -139.758759, A3 153.728378, A4 -0.739100039, A5 11.8348293, A6 9.39366913, E1 0.0, E2 0.0, E3 0.0, E4 0.0, E5 0.0, E6 0.0};;0.445891827;1.94323373;-2.86669612;-3.84216762;-0.469129235;-2.91519928;295;295;294;296;295;295;-0.00617102208;-0.0314161107;-0.0196350701;0.0813826919;0.0495925769;-0.116987616;0.0;0.0;0.0;-0.000270670309;0.0;0.0;0.0;100;0;#T1;#P_FREE
2025-11-27 14:13:52.495;{E6AXIS: A1 21.6373806, A2 -139.758759, A3 153.728378, A4 -0.739100039, A5 11.8348293, A6 9.39366913, E1 0.0, E2 0.0, E3 0.0, E4 0.0, E5 0.0, E6 0.0};;1.11472964;10.0229979;-9.07787132;-2.73602438;-0.410488337;-3.19862175;295;295;294;296;295;295;-0.00392701384;-0.0443191603;-0.00841503;0.0546789952;0.00254320912;-0.138604894;0.000610277755;0.000305277907;0.0;-0.000270670309;0.0;0.0;0.0;100;0;#T1;#P_FREE
2025-11-27 14:13:52.675;{E6AXIS: A1 21.6373806, A2 -139.758759, A3 153.728378, A4 -0.739100039, A5 11.8348293, A6 9.39366913, E1 0.0, E2 0.0, E3 0.0, E4 0.0, E5 0.0, E6 0.0};;0.743153155;4.09101868;-0.668894708;-2.56134748;-1.81787455;-2.18639970;295;295;294;296;295;295;-0.0112200407;-0.0510511808;-0.0633932278;0.0902839229;-0.0267036967;-0.113172807;0.000305277761;0.0;0.0;0.000270670309;0.000280047447;0.0;0.0;100;0;#T1;#P_FREE
2025-11-27 14:13:52.857;{E6AXIS: A1 21.6373806, A2 -139.758759, A3 153.728378, A4 -0.739100039, A5 11.8348293, A6 9.39366913, E1 0.0, E2 0.0, E3 0.0, E4 0.0, E5 0.0, E6 0.0};;0.594522536;7.16029406;-7.54896355;-3.90019584;-1.34874618;-3.32008839;295;294;294;296;295;295;-0.00448801601;-0.0561002;-0.0185130667;0.0737530664;0.0139876502;-0.116987616;0.000305277761;-0.000915555924;0.0;-0.000270670309;0.0;-0.000634211057;0.0;100;0;#T1;#P_FREE
2025-11-27 14:13:53.032;{E6AXIS: A1 21.6373806, A2 -139.758759, A3 153.728378, A4 -0.739100039, A5 11.8348293, A6 9.39366913, E1 0.0, E2 0.0, E3 0.0, E4 0.0, E5 0.0, E6 0.0};;-0.668837845;3.37616873;-5.16005325;-3.60911560;-0.586411238;-1.74102199;295;294;294;296;295;295;-0.00504901819;-0.0589052103;-0.0403921455;0.0762962699;0.0254320912;-0.130975276;0.0;0.0;0.000325348141;0.0;0.0;0.000316817;0.0;100;0;#T1;#P_FREE
2025-11-27 14:13:53.214;{E6AXIS: A1 21.6373806, A2 -139.758759, A3 153.728378, A4 -0.739100039, A5 11.8348293, A6 9.39366913, E1 0.0, E2 0.0, E3 0.0, E4 0.0, E5 0.0, E6 0.0};;0.222945943;5.52526569;-1.81557441;-3.25983357;-0.234564736;-3.80595493;295;294;294;296;295;295;0.00392701384;-0.0241230875;-0.0112200407;0.0737530664;0.0228888821;-0.167851806;0.0;-0.000610278;0.0;0.0;0.0;0.000317105529;0.0;100;0;#T1;#P_FREE
2025-11-27 14:13:53.397;{E6AXIS: A1 21.6373806, A2 -139.758759, A3 153.728378, A4 -0.739100039, A5 11.8348293, A6 9.39366913, E1 0.0, E2 0.0, E3 0.0, E4 0.0, E5 0.0, E6 0.0};;0.297261238;3.68379;-6.02006245;-5.00616074;-1.70059323;-3.07715464;295;294;294;296;295;295;-0.00953703374;-0.0201960728;-0.0375871360;0.0330617204;0.0267036967;-0.142419711;0.0;-0.000610555813;0.000325348141;0.0;0.0;-0.000633922522;0.0;100;0;#T1;#P_FREE
2025-11-27 14:13:53.584;{E6AXIS: A1 21.6373806, A2 -139.758759, A3 153.728378, A4 -0.739100039, A5 11.8348293, A6 9.39366913, E1 0.0, E2 0.0, E3 0.0, E4 0.0, E5 0.0, E6 0.0};;0.743153214;10.0285692;-6.78451490;-3.31803155;-0.820976377;-2.06493258;295;294;294;296;295;295;-0.00280501018;-0.0387091376;-0.0443191603;0.0699382499;0.0228888821;-0.141148105;0.0;0.0;0.0;0.0;0.0;0.000316817;0.0;100;0;#T1;#P_FREE
2025-11-27 14:13:53.764;{E6AXIS: A1 21.6373806, A2 -139.758759, A3 153.728378, A4 -0.739100039, A5 11.8348293, A6 9.39366913, E1 0.0, E2 0.0, E3 0.0, E4 0.0, E5 0.0, E6 0.0};;0.371576577;5.11676502;-7.54896736;-2.56128502;-1.17282283;-1.25515497;295;294;294;296;295;295;-0.0190740675;-0.0426361524;-0.0516121872;0.0483209714;0.0139876502;-0.142419711;-0.000305000;0.000915555924;0.000325348141;-0.000270670309;0.0;0.0;0.0;100;0;#T1;#P_FREE
2025-11-27 14:13:53.945;{E6AXIS: A1 21.6373806, A2 -139.758759, A3 153.728378, A4 -0.739100039, A5 11.8348293, A6 9.39366913, E1 0.0, E2 0.0, E3 0.0, E4 0.0, E5 0.0, E6 0.0};;2.00651360;9.41502094;-1.81557333;-3.08518243;-0.879616737;-4.57524395;295;294;294;296;295;295;-0.0134640485;-0.0140250502;-0.0488071777;0.0826543;-0.0152592547;-0.146234527;0.0;0.000305277907;0.0;-0.000270670309;0.0;-0.000316817;0.0;100;0;#T1;#P_FREE
2025-11-27 14:13:54.127;{E6AXIS: A1 21.6373806, A2 -139.758759, A3 153.728378, A4 -0.739100039, A5 11.8348293, A6 9.39366913, E1 0.0, E2 0.0, E3 0.0, E4 0.0, E5 0.0, E6 0.0};;0.966099083;5.73094893;-1.24223530;-2.21201682;-0.469129354;-1.98395503;295;294;294;296;295;295;-0.00504901819;-0.0448801629;0.000561002;0.0788394809;0.0610370189;-0.106814787;0.0;0.0;0.0;0.000812257407;0.0;0.000633922522;0.0;100;0;#T1;#P_FREE
2025-11-27 14:13:54.305;{E6AXIS: A1 21.6373806, A2 -139.758759, A3 153.728378, A4 -0.739100039, A5 11.8348293, A6 9.39366913, E1 0.0, E2 0.0, E3 0.0, E4 0.0, E5 0.0, E6 0.0};;-0.445891887;12.0760202;-2.00668693;-4.59866524;-1.29010510;-3.52253270;295;294;294;296;295;295;-0.00897603203;0.00448801601;-0.0544171967;0.0775678754;0.0750246719;-0.171666622;0.0;0.0;0.0;-0.000541587127;0.0;0.0;0.0;100;0;#T1;#P_FREE
2025-11-27 14:13:54.486;{E6AXIS: A1 21.6373806, A2 -139.758759, A3 153.728378, A4 -0.739100039, A5 11.8348293, A6 9.39366913, E1 0.0, E2 0.0, E3 0.0, E4 0.0, E5 0.0, E6 0.0};;2.30377483;11.4620399;-3.34447908;-3.84192228;-1.87651622;-4.89915419;295;294;294;296;295;295;0.00168300606;-0.0532951914;-0.0162690580;0.0762962699;0.0394197404;-0.136061683;0.0;0.000305277907;0.000325348141;0.0;0.0;0.000317105529;0.0;100;0;#T1;#P_FREE
2025-11-27 14:13:54.665;{E6AXIS: A1 21.6373806, A2 -139.758759, A3 153.728378, A4 -0.739100039, A5 11.8348293, A6 9.39366913, E1 0.0, E2 0.0, E3 0.0, E4 0.0, E5 0.0, E6 0.0};;-0.222945973;8.28953362;-6.30673;-2.56128120;-0.527770340;-4.45377636;295;294;294;296;295;295;-0.00561002037;-0.0398311429;-0.0230010822;0.0673950389;-0.00381481368;-0.111901201;0.0;-0.000610555813;0.0;0.0;0.0;0.0;0.0;100;0;#T1;#P_FREE
2025-11-27 14:13:54.857;{E6AXIS: A1 21.6373806, A2 -139.758759, A3 153.728378, A4 -0.739100039, A5 11.8348293, A6 9.39366913, E1 0.0, E2 0.0, E3 0.0, E4 0.0, E5 0.0, E6 0.0};;0.371576488;7.67443657;-4.01337528;-2.79412484;-0.938258290;-4.17035437;295;295;294;296;295;295;-0.0201960728;-0.0112200407;-0.0398311429;0.0546789952;0.0114444410;-0.156407356;0.000305277761;0.0;0.0;0.0;0.0;-0.000633922522;0.0;100;0;#T1;#P_FREE
2025-11-27 14:13:55.039;{E6AXIS: A1 21.6373806, A2 -139.758759, A3 153.728378, A4 -0.739100039, A5 11.8348293, A6 9.39366913, E1 0.0, E2 0.0, E3 0.0, E4 0.0, E5 0.0, E6 0.0};;0.520207226;8.69613934;-3.53559232;-3.84192109;-1.34874582;-2.55079913;295;295;294;296;295;295;-0.0112200407;-0.0504901819;-0.0325381160;0.0699382499;0.0305185094;-0.0521357879;0.0;0.0;0.0;0.0;0.0;0.0;0.0;100;0;#T1;#P_FREE
2025-11-27 14:13:55.216;{E6AXIS: A1 21.6373806, A2 -139.758759, A3 153.728378, A4 -0.739100039, A5 11.8348293, A6 9.39366913, E1 0.0, E2 0.0, E3 0.0, E4 0.0, E5 0.0, E6 0.0};;-0.743153095;5.01249886;-7.74008131;-2.38664818;-1.70059299;-3.96791077;295;295;294;296;295;295;-0.00336601213;-0.0134640485;-0.0353431255;0.0737530664;0.0216172785;-0.0902839229;0.0;0.0;0.0;0.000541587127;0.0;0.0;0.0;100;0;#T1;#P_FREE
2025-11-27 14:13:55.426;{E6AXIS: A1 21.6373806, A2 -139.758759, A3 153.728378, A4 -0.739100039, A5 11.8348293, A6 9.39366913, E1 0.0, E2 0.0, E3 0.0, E4 0.0, E5 0.0, E6 0.0};;179.837616;7.46699095;-5.82894897;-4.48224115;0.996899247;-6.07333040;295;295;294;296;295;295;-1.35257590;0.0162690580;-0.0409531482;0.0508641824;0.0317901149;-0.0648518354;-0.000305277761;-0.000305000111;0.0;0.000270670309;0.0;0.000316817;0.0;100;0;#T1;#P_FREE
2025-11-27 14:13:55.607;{E6AXIS: A1 21.6372528, A2 -139.758759, A3 153.728378, A4 -0.739100039, A5 11.8348293, A6 9.39366913, E1 0.0, E2 0.0, E3 0.0, E4 0.0, E5 0.0, E6 0.0};;137.778137;6.85296869;-2.58002639;-3.08517909;-0.175923407;-3.88693285;295;295;294;296;295;295;-0.0319771133;0.0241230875;-0.0224400815;0.0457777642;0.0203456730;-0.133518472;0.0100708334;0.000305000111;0.0;0.000270670309;0.000280047447;0.000316817;0.0;100;1;#T1;#P_FREE
2025-11-27 14:13:55.789;{E6AXIS: A1 21.6190338, A2 -139.758759, A3 153.728378, A4 -0.739100039, A5 11.8348293, A6 9.39366913, E1 0.0, E2 0.0, E3 0.0, E4 0.0, E5 0.0, E6 0.0};;-595.662842;2.76156855;-0.764452100;-2.79412460;-1.87640893;-2.71275473;295;295;294;296;296;295;3.56124091;-0.0185130667;-0.0426361524;0.0699382499;-0.00762962736;-0.153864145;0.301513612;0.0;-0.000325348141;-0.000270670309;0.0;-0.000317105529;0.0;100;1;#T1;#P_FREE
2025-11-27 14:13:55.977;{E6AXIS: A1 21.5254078, A2 -139.758759, A3 153.728378, A4 -0.739100039, A5 11.8348293, A6 9.39366913, E1 0.0, E2 0.0, E3 0.0, E4 0.0, E5 0.0, E6 0.0};;-510.123840;5.42076111;-7.74008036;-2.44485903;-0.644881845;-3.56302142;295;295;294;296;296;295;4.17161083;-0.0465631671;-0.0308551099;0.0483209714;0.0343333222;-0.0750246719;0.757141113;0.000305277907;0.0;0.000812257407;0.0;-0.000634211057;0.0;100;1;#T1;#P_FREE
2025-11-27 14:13:56.150;{E6AXIS: A1 21.3206406, A2 -139.758759, A3 153.728378, A4 -0.739100039, A5 11.8348293, A6 9.39366913, E1 0.0, E2 0.0, E3 0.0, E4 0.0, E5 0.0, E6 0.0};;-496.311890;4.39792871;-0.668895602;-2.56128097;-2.52057457;-3.72497725;295;295;294;296;296;295;3.77273846;-0.00112200400;-0.0381481349;0.0559506;0.0381481349;-0.152592540;1.54235828;0.000610278;-0.00195149670;-0.000541587127;-0.00251966249;0.0;0.0;100;1;#T1;#P_FREE
2025-11-27 14:13:56.335;{E6AXIS: A1 20.9198303, A2 -139.758759, A3 153.728378, A4 -0.739100039, A5 11.8348293, A6 9.39366913, E1 0.0, E2 0.0, E3 0.0, E4 0.0, E5 0.0, E6 0.0};;-577.473083;3.27285433;-6.30673170;-3.72549939;0.351678610;-3.32008791;295;295;294;296;296;295;4.61480236;-0.00448801601;-0.0415141508;0.0457777642;0.0241604857;-0.148777738;2.62054443;0.0;0.00162614859;0.0;-0.00139972754;0.0;0.0;100;1;#T1;#P_FREE
2025-11-27 14:13:56.519;{E6AXIS: A1 20.3486023, A2 -139.758759, A3 153.728378, A4 -0.739100039, A5 11.8348293, A6 9.39366913, E1 0.0, E2 0.0, E3 0.0, E4 0.0, E5 0.0, E6 0.0};;-476.456268;2.25007772;-10.0334377;-3.66728830;0.703322113;-2.10542154;294;295;294;296;296;295;3.91859889;-0.0134640485;0.0117810424;0.0686666444;-0.00127160456;-0.0775678754;2.70690918;0.000305277907;0.00162614859;0.000270670309;-0.00195982237;0.000317105529;0.0;100;1;#T1;#P_FREE
2025-11-27 14:13:56.706;{E6AXIS: A1 19.7557430, A2 -139.758759, A3 153.728378, A4 -0.739100039, A5 11.8348293, A6 9.39366913, E1 0.0, E2 0.0, E3 0.0, E4 0.0, E5 0.0, E6 0.0};;-477.421143;9.71621704;-5.06449699;-1.80453885;-2.10989094;-3.03666639;294;295;294;296;296;295;3.40079403;-0.0213180762;-0.0381481349;0.0495925769;0.00762962736;-0.0648518354;2.69348168;0.0;0.00130109652;0.0;-0.00251966249;0.000633922522;0.0;100;1;#T1;#P_FREE
2025-11-27 14:13:56.896;{E6AXIS: A1 19.1773090, A2 -139.758759, A3 153.728378, A4 -0.739100039, A5 11.8348293, A6 9.39366913, E1 0.0, E2 0.0, E3 0.0, E4 0.0, E5 0.0, E6 0.0};;-220.932236;10.5344057;-3.24892259;-2.67770267;-0.820495963;-3.88693309;294;295;294;296;296;295;1.82381761;-0.0274890978;-0.0347821228;0.0597654134;0.0203456730;-0.147506133;1.78192139;0.000915555924;0.000325052097;-0.000270916818;0.000279792614;0.000317105529;0.0;100;1;#T1;#P_FREE
2025-11-27 14:13:57.077;{E6AXIS: A1 18.9324303, A2 -139.758759, A3 153.728378, A4 -0.739100039, A5 11.8348293, A6 9.39366913, E1 0.0, E2 0.0, E3 0.0, E4 0.0, E5 0.0, E6 0.0};;-177.011917;4.80695677;-2.00668740;-2.79412460;-1.05491006;-3.03666615;294;295;294;296;296;295;3.39462304;-0.0117810424;-0.0157080553;0.0648518354;0.0521357879;-0.0940987393;0.166626111;0.0;0.0;0.000270670309;0.000559840060;0.0;0.0;100;1;#T1;#P_FREE
2025-11-27 14:13:57.261;{E6AXIS: A1 18.9268208, A2 -139.758759, A3 153.728378, A4 -0.739100039, A5 11.8348293, A6 9.39366913, E1 0.0, E2 0.0, E3 0.0, E4 0.0, E5 0.0, E6 0.0};;-185.790634;3.88647389;-5.44672298;-3.02696848;-3.80936694;-4.08937740;294;295;294;296;296;295;1.72115421;-0.0409531482;0.00897603203;0.0699382499;0.0597654134;-0.132246882;0.000915555574;-0.000305000111;-0.000325052097;0.0;0.0;0.000951028080;0.0;100;1;#T1;#P_FREE
2025-11-27 14:13:57.442;{E6AXIS: A1 18.9144669, A2 -139.758759, A3 153.728378, A4 -0.739100039, A5 11.8348293, A6 9.39366913, E1 0.0, E2 0.0, E3 0.0, E4 0.0, E5 0.0, E6 0.0};;-418.225525;-0.715929031;-5.25561047;-4.07490969;1.05489600;-3.68448758;294;295;294;295;296;295;3.85184;-0.0235620849;-0.0258060936;0.0635802299;0.0394197404;-0.0915555283;0.242004439;0.000610278;0.000650400238;0.0;0.0;-0.000634211057;0.0;100;1;#T1;#P_FREE
2025-11-27 14:13:57.645;{E6AXIS: A1 18.8242912, A2 -139.758759, A3 153.728378, A4 -0.739100039, A5 11.8348293, A6 9.39366913, E1 0.0, E2 0.0, E3 0.0, E4 0.0, E5 0.0, E6 0.0};;-422.765747;6.85246134;-4.68227053;-2.91134930;-0.234420627;-3.32008743;294;295;294;295;296;295;3.38564706;0.0106590381;-0.0162690580;0.0521357879;0.0419629514;-0.0966419429;0.926208317;0.0;0.000650400238;0.0;0.0;0.0;0.0;100;1;#T1;#P_FREE
2025-11-27 14:13:57.876;{E6AXIS: A1 18.5258942, A2 -139.758759, A3 153.728378, A4 -0.739100039, A5 11.8348293, A6 9.39366913, E1 0.0, E2 0.0, E3 0.0, E4 0.0, E5 0.0, E6 0.0};;-512.308655;10.2275505;-6.59340191;-2.38767;-2.28601480;-2.87471080;294;295;294;295;295;295;4.07848454;-0.0431971550;0.00617102208;0.0623086244;0.0178024638;-0.144962922;1.98028553;-0.000610278;-0.00195149670;0.000541833637;0.00195956766;-0.000951028080;0.0;100;1;#T1;#P_FREE
2025-11-27 14:13:58.109;{E6AXIS: A1 17.9155617, A2 -139.758759, A3 153.728378, A4 -0.739100039, A5 11.8348293, A6 9.39366913, E1 0.0, E2 0.0, E3 0.0, E4 0.0, E5 0.0, E6 0.0};;-445.958099;11.4548569;-6.78451538;-3.20324206;-1.23116922;-4.45354223;294;295;294;295;295;296;3.57133889;-0.0387091376;-0.0678812414;0.0915555283;0.0661234409;-0.105543181;2.68951416;-0.000610278;0.00292694895;0.0;-0.00279971;0.0;0.0;100;1;#T1;#P_FREE
2025-11-27 14:13:58.347;{E6AXIS: A1 17.1587200, A2 -139.758759, A3 153.728378, A4 -0.739100039, A5 11.8348293, A6 9.39366913, E1 0.0, E2 0.0, E3 0.0, E4 0.0, E5 0.0, E6 0.0};;-478.209503;12.9889879;-5.63783693;-2.27149987;-1.70036781;-2.87382197;294;295;294;295;295;296;3.24932384;-0.0706862509;0.0218790788;0.0623086244;0.0330617204;-0.123345643;2.69531250;0.0;0.00130109652;0.000270916818;0.00195956766;0.000951028080;0.0;100;1;#T1;#P_FREE
2025-11-27 14:13:58.590;{E6AXIS: A1 16.3892651, A2 -139.758759, A3 153.728378, A4 -0.739100039, A5 11.8348293, A6 9.39366913, E1 0.0, E2 0.0, E3 0.0, E4 0.0, E5 0.0, E6 0.0};;-508.293762;-2.55688763;-7.16674089;-3.43646336;-0.293185085;-3.76376629;295;295;294;295;295;296;3.51467776;-0.0224400815;-0.0521731861;0.0661234409;0.0546789952;-0.0737530664;2.69805908;0.0;-0.00260189688;0.000541587127;0.00139972754;0.0;0.0;100;1;#T1;#P_FREE
2025-11-27 14:13:58.827;{E6AXIS: A1 15.6450386, A2 -139.758759, A3 153.728378, A4 -0.739100039, A5 11.8348293, A6 9.39366913, E1 0.0, E2 0.0, E3 0.0, E4 0.0, E5 0.0, E6 0.0};;-454.732849;7.67066288;-5.44672346;-1.74737883;-2.22827482;-4.61330318;295;295;294;295;295;296;3.66166019;-0.0258060936;-0.0302941073;0.0775678754;0.0394197404;-0.115716018;2.69500756;0.000305000111;0.000325348141;0.000270670309;-0.00195982237;-0.000634211057;0.0;100;1;#T1;#P_FREE
2025-11-27 14:13:59.068;{E6AXIS: A1 14.8881979, A2 -139.758759, A3 153.728378, A4 -0.739100039, A5 11.8348293, A6 9.39366913, E1 0.0, E2 0.0, E3 0.0, E4 0.0, E5 0.0, E6 0.0};;-452.911621;7.26155901;-2.48446965;-2.15511751;-1.93511510;-3.39913535;295;295;295;295;295;296;3.56741166;-0.0437581576;-0.0168300606;0.0890123174;0.0343333222;-0.171666622;2.70294189;0.000610278;0.00162614859;0.0;0.00251966249;0.000633922522;0.0;100;1;#T1;#P_FREE
2025-11-27 14:13:59.292;{E6AXIS: A1 14.1818132, A2 -139.758759, A3 153.728378, A4 -0.739100039, A5 11.8348293, A6 9.39366913, E1 0.0, E2 0.0, E3 0.0, E4 0.0, E5 0.0, E6 0.0};;-440.932495;2.55688643;-8.69340;-2.15512681;-0.469123572;-2.42789936;295;295;295;295;295;296;3.64314699;-0.0353431255;-0.0381481349;0.0610370189;-0.00381481368;-0.119530827;2.69226074;0.000915555924;-0.00292694895;0.000270670309;0.00111968012;0.000633922522;0.0;100;1;#T1;#P_FREE
2025-11-27 14:13:59.533;{E6AXIS: A1 13.4249716, A2 -139.758759, A3 153.728378, A4 -0.739100039, A5 11.8348293, A6 9.39366913, E1 0.0, E2 0.0, E3 0.0, E4 0.0, E5 0.0, E6 0.0};;-481.919891;11.4548550;-4.68026066;-2.67894816;-1.29009652;-4.12737417;295;295;295;296;295;296;3.81481385;-0.00729302643;-0.0100980364;0.0534073934;0.0356049277;-0.118259221;2.69958496;0.000305277907;0.000650400238;-0.000270670309;-0.00223961519;0.0;0.0;100;1;#T1;#P_FREE
2025-11-27 14:13:59.765;{E6AXIS: A1 12.6933594, A2 -139.758759, A3 153.728378, A4 -0.739100039, A5 11.8348293, A6 9.39366913, E1 0.0, E2 0.0, E3 0.0, E4 0.0, E5 0.0, E6 0.0};;-499.514069;5.31832457;-6.68548918;-1.63033414;-0.703690827;-2.54924321;295;295;295;296;295;296;3.90513492;-0.00785402767;-0.0527341925;0.0724814609;0.0190740675;-0.0890123174;2.69531250;-0.000305000111;0.0;0.0;0.00223961519;0.000317105529;0.0;100;1;#T1;#P_FREE
2025-11-27 14:14:00.000;{E6AXIS: A1 11.9491320, A2 -139.758759, A3 153.728378, A4 -0.739100039, A5 11.8348293, A6 9.39366913, E1 0.0, E2 0.0, E3 0.0, E4 0.0, E5 0.0, E6 0.0};;-453.760712;5.31832504;-4.29758739;-2.61986399;-3.04933286;-4.28918552;295;295;295;296;295;296;3.71271157;-0.0179520641;-0.0218790788;0.0610370189;0.0317901149;-0.139876500;2.69927979;0.0;-0.00162614859;-0.000270670309;-0.00139972754;0.000634211057;0.0;100;1;#T1;#P_FREE
2025-11-27 14:14:00.239;{E6AXIS: A1 11.1922913, A2 -139.758759, A3 153.728378, A4 -0.739100039, A5 11.8348293, A6 9.39366913, E1 0.0, E2 0.0, E3 0.0, E4 0.0, E5 0.0, E6 0.0};;-452.124420;4.29557;-2.96047544;-2.67791486;-8.62331504E-08;-4.24961615;295;295;295;296;295;295;3.42828321;-0.00168300606;-0.0695642456;0.0686666444;0.0394197404;-0.0737530664;2.70294189;0.0;0.00260189688;-0.000270670309;-0.00167977496;0.0;0.0;100;1;#T1;#P_FREE
2025-11-27 14:14:00.473;{E6AXIS: A1 10.4606781, A2 -139.758759, A3 153.728378, A4 -0.739100039, A5 11.8348293, A6 9.39366913, E1 0.0, E2 0.0, E3 0.0, E4 0.0, E5 0.0, E6 0.0};;-501.066101;6.64790773;-8.40379906;-2.61960649;-1.17282212;-3.52173829;295;295;295;296;295;295;3.73066330;-0.0123420442;-0.0129030468;0.0572222061;0.0597654134;-0.0712098554;2.70233154;-0.000305277907;-0.000650400238;0.0;0.00335929519;0.000633922522;0.0;100;1;#T1;#P_FREE
2025-11-27 14:14:00.708;{E6AXIS: A1 9.71645164, A2 -139.758759, A3 153.728378, A4 -0.739100039, A5 11.8348293, A6 9.39366913, E1 0.0, E2 0.0, E3 0.0, E4 0.0, E5 0.0, E6 0.0};;-470.616699;8.79569149;-6.78027868;-3.20167780;-1.23146355;-1.49790251;295;295;295;296;295;295;3.67063618;-0.0168300606;-0.0392701402;0.0877407119;-0.0165308602;-0.0991851538;2.69714332;0.0;-0.00162614859;0.0;-0.000280047447;-0.000951028080;0.0;100;1;#T1;#P_FREE
2025-11-27 14:14:00.953;{E6AXIS: A1 8.94699669, A2 -139.758759, A3 153.728378, A4 -0.739100039, A5 11.8348293, A6 9.39366913, E1 0.0, E2 0.0, E3 0.0, E4 0.0, E5 0.0, E6 0.0};;-460.589417;5.42189455;-2.00542498;-1.57171583;-1.70059252;-4.57493162;295;294;295;296;295;295;3.76432347;0.00841503;-0.0347821228;0.0495925769;0.0419629514;-0.116987616;2.71270752;0.000610278;0.00292694895;0.000270916818;-0.00279945508;-0.000634211057;0.0;100;1;#T1;#P_FREE
2025-11-27 14:14:01.187;{E6AXIS: A1 8.20276928, A2 -139.758759, A3 153.728378, A4 -0.739100039, A5 11.8348293, A6 9.39366913, E1 0.0, E2 0.0, E3 0.0, E4 0.0, E5 0.0, E6 0.0};;-468.461761;5.62749290;-5.15679312;-3.20162416;-0.645052671;-4.89897108;295;294;295;296;295;295;3.72561431;-0.0173910614;-0.0504901819;0.0368765332;0.0597654134;-0.118259221;2.70019531;0.000305277907;0.000975748349;-0.000270916818;0.00167977496;0.000316817;0.0;100;1;#T1;#P_FREE
2025-11-27 14:14:01.426;{E6AXIS: A1 7.45854235, A2 -139.758759, A3 153.728378, A4 -0.739100039, A5 11.8348293, A6 9.39366913, E1 0.0, E2 0.0, E3 0.0, E4 0.0, E5 0.0, E6 0.0};;-478.785309;4.29778385;-7.16220236;-2.50308;-1.11418140;-4.08929300;295;294;295;296;295;295;3.69532037;-0.0291721057;-0.0617102198;0.0457777642;0.0381481349;-0.130975276;2.69104;0.00152583397;-0.00195149670;-0.000270916818;-0.000560094893;0.0;0.0;100;1;#T1;#P_FREE
2025-11-27 14:14:01.661;{E6AXIS: A1 6.70170116, A2 -139.758759, A3 153.728378, A4 -0.739100039, A5 11.8348293, A6 9.39366913, E1 0.0, E2 0.0, E3 0.0, E4 0.0, E5 0.0, E6 0.0};;-460.366150;4.09334707;-3.43785405;-4.48225117;0.293205500;-5.42544842;295;294;295;296;295;295;3.88101196;-0.0342211202;-0.0179520641;0.0623086244;0.0216172785;-0.0356049277;2.70111084;0.0;0.000325348141;0.000270670309;-0.00223961519;0.000316817;0.0;100;1;#T1;#P_FREE
2025-11-27 14:14:01.905;{E6AXIS: A1 5.94486046, A2 -139.758759, A3 153.728378, A4 -0.739100039, A5 11.8348293, A6 9.39366913, E1 0.0, E2 0.0, E3 0.0, E4 0.0, E5 0.0, E6 0.0};;-442.392426;7.16357756;-3.53334880;-4.30761385;-0.527663946;-5.30401134;295;294;295;296;296;295;3.33627915;-0.0319771133;-0.0280501;0.0737530664;0.0254320912;-0.137333289;2.69653320;-0.000305277907;0.000650696282;0.0;0.00195982237;-0.000633922522;0.0;100;1;#T1;#P_FREE
2025-11-27 14:14:02.140;{E6AXIS: A1 5.20063353, A2 -139.758759, A3 153.728378, A4 -0.739100039, A5 11.8348293, A6 9.39366913, E1 0.0, E2 0.0, E3 0.0, E4 0.0, E5 0.0, E6 0.0};;-475.145844;7.77772045;-4.48830652;-3.49265790;-1.34822309;-5.18255854;295;294;295;296;296;295;3.58592486;-0.0230010822;-0.0330991186;0.0534073934;0.0127160456;-0.110629596;2.70050049;-0.000610278;-0.00260189688;0.0;0.00111968012;-0.000633922522;0.0;100;1;#T1;#P_FREE
2025-11-27 14:14:02.381;{E6AXIS: A1 4.44379234, A2 -139.758759, A3 153.728378, A4 -0.739100039, A5 11.8348293, A6 9.39366913, E1 0.0, E2 0.0, E3 0.0, E4 0.0, E5 0.0, E6 0.0};;-446.625549;5.32164764;-1.24144602;-3.55086803;-1.28946865;-3.11763787;295;294;295;296;296;295;3.51636076;-0.00280501018;-0.0431971550;0.0788394809;0.0559506;-0.122074038;2.69928;0.0;0.000975748349;0.0;-0.00279945508;-0.000634211057;0.0;100;1;#T1;#P_FREE
2025-11-27 14:14:02.620;{E6AXIS: A1 3.68695164, A2 -139.758759, A3 153.728378, A4 -0.739100039, A5 11.8348293, A6 9.39366913, E1 0.0, E2 0.0, E3 0.0, E4 0.0, E5 0.0, E6 0.0};;-466.901764;10.1316471;-9.64508247;-3.90013266;-0.527480364;-2.06493068;295;294;295;296;296;295;3.74581027;-0.0274890978;-0.0521731861;0.0686666444;0.0267036967;-0.111901201;2.70355248;0.0;0.00195149670;-0.000541833637;0.000839887478;-0.000634211057;0.0;100;1;#T1;#P_FREE
2025-11-27 14:14:02.864;{E6AXIS: A1 2.91749668, A2 -139.758759, A3 153.728378, A4 -0.739100039, A5 11.8348293, A6 9.39366913, E1 0.0, E2 0.0, E3 0.0, E4 0.0, E5 0.0, E6 0.0};;-486.508667;8.49423122;-7.35318136;-3.37623382;-1.64099693;-4.89915085;295;294;295;296;296;295;3.45577216;-0.0381481349;-0.0280501;0.0623086244;0.0190740675;-0.100456759;2.69927979;0.0;-0.00260189688;0.000541587127;0.00251966249;0.000317105529;0.0;100;1;#T1;#P_FREE
2025-11-27 14:14:03.102;{E6AXIS: A1 2.16065574, A2 -139.758759, A3 153.728378, A4 -0.739100039, A5 11.8348293, A6 9.39366913, E1 0.0, E2 0.0, E3 0.0, E4 0.0, E5 0.0, E6 0.0};;-460.812103;1.84212649;-5.25229597;-2.50307;-0.410242498;-5.30404234;295;294;294;296;296;295;3.44230843;-0.00729302643;-0.0577832051;0.0305185094;0.0330617204;-0.144962922;2.69836426;0.00152583397;-0.000975748349;-0.000270670309;-0.00251966249;0.000316817;0.0;100;1;#T1;#P_FREE
2025-11-27 14:14:03.339;{E6AXIS: A1 1.41642869, A2 -139.758759, A3 153.728378, A4 -0.739100039, A5 11.8348293, A6 9.39366913, E1 0.0, E2 0.0, E3 0.0, E4 0.0, E5 0.0, E6 0.0};;-476.705597;8.08489;-4.58511925;-3.31802297;-0.586055100;-3.92742038;295;294;294;296;296;295;3.56572866;-0.0628322214;-0.0370261334;0.0483209714;0.0394197404;-0.101728365;2.70263672;0.000610555813;0.00162644463;-0.000270670309;-0.00195956766;0.00126813364;0.0;100;1;#T1;#P_FREE
2025-11-27 14:14:03.583;{E6AXIS: A1 0.646973729, A2 -139.758759, A3 153.728378, A4 -0.739100039, A5 11.8348293, A6 9.39366913, E1 0.0, E2 0.0, E3 0.0, E4 0.0, E5 0.0, E6 0.0};;-503.069672;4.29829788;-2.77061772;-3.26047754;-1.28931427;-2.26737714;295;294;294;295;296;295;3.84118080;-0.0415141508;-0.0196350701;0.0457777642;0.0279753;-0.151320949;2.70477295;0.0;-0.00130109652;0.0;0.00307950261;0.000316817;0.0;100;1;#T1;#P_FREE
2025-11-27 14:14:03.819;{E6AXIS: A1 -0.0972532332, A2 -139.758759, A3 153.728378, A4 -0.739100039, A5 11.8348293, A6 9.39366913, E1 0.0, E2 0.0, E3 0.0, E4 0.0, E5 0.0, E6 0.0};;-489.034027;0.716381788;-6.49717569;-2.67875361;-2.57885671;-4.00839949;295;294;294;295;295;295;3.78227568;-0.0774182752;-0.0392701402;0.0572222061;0.0610370189;-0.153864145;2.70507836;0.000610278;-0.00195149670;0.0;0.0;0.0;0.0;100;1;#T1;#P_FREE
2025-11-27 14:14:04.060;{E6AXIS: A1 -0.854094207, A2 -139.758759, A3 153.728378, A4 -0.739100039, A5 11.8348293, A6 9.39366913, E1 0.0, E2 0.0, E3 0.0, E4 0.0, E5 0.0, E6 0.0};;-456.801147;4.19595861;1.71992171;-2.97022772;-1.64147854;-4.12986612;295;294;294;295;295;296;3.56460667;-0.0117810424;-0.0325381160;0.0597654134;0.0368765332;-0.0991851538;2.70324683;0.000305277907;0.00227654888;0.000270670309;-0.00195982237;0.000634211057;0.0;100;1;#T1;#P_FREE
2025-11-27 14:14:04.296;{E6AXIS: A1 -1.59832108, A2 -139.758759, A3 153.728378, A4 -0.739100039, A5 11.8348293, A6 9.39366913, E1 0.0, E2 0.0, E3 0.0, E4 0.0, E5 0.0, E6 0.0};;-496.905609;7.98255682;-4.29991150;-3.14512181;-1.17263639;-5.86939;295;294;294;295;295;296;3.58872962;-0.0173910614;-0.0224400815;0.0445061587;0.0432345569;-0.119530827;2.70324731;0.0;0.00162614859;0.0;0.00223987;0.0;0.0;100;1;#T1;#P_FREE
2025-11-27 14:14:04.536;{E6AXIS: A1 -2.35516214, A2 -139.758759, A3 153.728378, A4 -0.739100039, A5 11.8348293, A6 9.39366913, E1 0.0, E2 0.0, E3 0.0, E4 0.0, E5 0.0, E6 0.0};;-473.437775;5.93574810;-4.87330103;-4.65958405;-1.81771743;-3.72341251;295;294;294;295;295;296;3.85576677;-0.0639542267;-0.0280501;0.0534073934;0.0394197404;-0.144962922;2.69805908;0.0;-0.00227654888;-0.000270670309;-0.000559840060;0.0;0.0;100;1;#T1;#P_FREE
2025-11-27 14:14:04.775;{E6AXIS: A1 -3.11200309, A2 -139.758759, A3 153.728378, A4 -0.739100039, A5 11.8348293, A6 9.39366913, E1 0.0, E2 0.0, E3 0.0, E4 0.0, E5 0.0, E6 0.0};;-456.355499;-1.33042681;-4.87333775;-1.45614457;-2.81463861;-5.09900808;295;295;294;295;295;296;3.47596860;-0.0504901819;-0.0420751497;0.0432345569;0.0305185094;-0.115716018;2.70507813;0.0;0.00195149670;0.000270916818;-0.00167977496;0.000316817;0.0;100;1;#T1;#P_FREE
2025-11-27 14:14:05.006;{E6AXIS: A1 -3.83100200, A2 -139.758759, A3 153.728378, A4 -0.739100039, A5 11.8348293, A6 9.39366913, E1 0.0, E2 0.0, E3 0.0, E4 0.0, E5 0.0, E6 0.0};;-477.596619;9.51496410;-2.67556953;-3.49477887;-0.645034671;-2.63030744;295;295;294;295;295;296;3.68466115;-0.0398311429;-0.00785402767;0.0597654134;0.00890123192;-0.0877407119;2.69744897;0.000915555924;-0.000650400238;0.000270670309;0.00223961519;0.000317105529;0.0;100;1;#T1;#P_FREE
2025-11-27 14:14:05.240;{E6AXIS: A1 -4.57522869, A2 -139.758759, A3 153.728378, A4 -0.739100039, A5 11.8348293, A6 9.39366913, E1 0.0, E2 0.0, E3 0.0, E4 0.0, E5 0.0, E6 0.0};;-495.272308;5.83084583;-4.49114370;-2.32986450;-0.410481960;-4.04651928;295;295;294;295;295;296;3.27456903;-0.0302941073;-0.0415141508;0.0775678754;0.0101728365;-0.0699382499;2.70538330;-0.000610278;-0.000650400238;0.0;-0.00139972754;0.0;0.0;100;1;#T1;#P_FREE
2025-11-27 14:14:05.479;{E6AXIS: A1 -5.33207, A2 -139.758759, A3 153.728378, A4 -0.739100039, A5 11.8348293, A6 9.39366913, E1 0.0, E2 0.0, E3 0.0, E4 0.0, E5 0.0, E6 0.0};;-503.292358;5.11432362;-4.49115038;-4.01902771;-1.46601629;-5.34132433;295;295;294;295;295;296;3.79966640;-0.0246840883;-0.0235620849;0.0572222061;0.00635802280;-0.105543181;2.70568848;-0.000915555924;0.00260189688;0.000270670309;-0.00223961519;0.0;0.0;100;1;#T1;#P_FREE
2025-11-27 14:14:05.712;{E6AXIS: A1 -6.06368303, A2 -139.758759, A3 153.728378, A4 -0.739100039, A5 11.8348293, A6 9.39366913, E1 0.0, E2 0.0, E3 0.0, E4 0.0, E5 0.0, E6 0.0};;-483.463776;3.57985759;-4.96893597;-2.44636869;1.58330333;-0.768820703;295;295;294;295;295;296;3.66502619;-0.0392701402;-0.0207570754;0.0737530664;0.00762962736;-0.0890123174;2.69378662;-0.000610278;-0.000975452305;-0.000270670309;0.00307950261;0.000634211057;0.0;100;1;#T1;#P_FREE
2025-11-27 14:14:05.944;{E6AXIS: A1 -6.79529572, A2 -139.758759, A3 153.728378, A4 -0.739100039, A5 11.8348293, A6 9.39366913, E1 0.0, E2 0.0, E3 0.0, E4 0.0, E5 0.0, E6 0.0};;-454.350128;8.48915;-8.60008430;-3.26182771;0.645050585;-2.87294722;295;295;294;295;295;296;3.50009155;-0.0196350701;-0.0241230875;0.0864691138;0.0216172785;-0.0788394809;2.69470191;0.000305277907;0.00130109652;-0.000270916818;-0.00279971;-0.000316817;0.0;100;1;#T1;#P_FREE
2025-11-27 14:14:06.173;{E6AXIS: A1 -7.51429462, A2 -139.758759, A3 153.728378, A4 -0.739100039, A5 11.8348293, A6 9.39366913, E1 0.0, E2 0.0, E3 0.0, E4 0.0, E5 0.0, E6 0.0};;-487.771393;3.06832147;-2.96225214;-4.42676783;0.0586404316;-3.48032641;295;295;294;295;295;295;3.48662734;-0.0510511808;-0.0280501;0.0801110864;0.0228888821;-0.119530827;2.69866943;-0.00122055598;0.000975452305;0.000270916818;0.000559840060;0.000316817;0.0;100;1;#T1;#P_FREE
2025-11-27 14:14:06.412;{E6AXIS: A1 -8.27113533, A2 -139.758759, A3 153.728378, A4 -0.739100039, A5 11.8348293, A6 9.39366913, E1 0.0, E2 0.0, E3 0.0, E4 0.0, E5 0.0, E6 0.0};;-477.448151;10.9435883;-1.62446082;-3.55306482;-2.28700256;-4.08827114;295;295;294;295;295;295;3.52477574;-0.0218790788;-0.0213180762;0.0597654134;0.0101728365;-0.165308595;2.69989;0.00122055598;-0.00162614859;0.000270670309;0.00195956766;0.0;0.0;100;1;#T1;#P_FREE
2025-11-27 14:14:06.662;{E6AXIS: A1 -8.96486473, A2 -139.758759, A3 153.728378, A4 -0.739100039, A5 11.8348293, A6 9.39366913, E1 0.0, E2 0.0, E3 0.0, E4 0.0, E5 0.0, E6 0.0};;-292.778564;9.40939713;-5.44672298;-3.49481869;-1.11418116;-4.04830217;295;295;294;295;295;295;2.03868127;-0.0476851724;-0.0381481349;0.0546789952;0.0114444410;-0.129703671;0.726318300;0.000305277907;-0.000650400238;-0.000812257407;0.0;-0.00190205616;0.0;100;1;#T1;#P_FREE
2025-11-27 14:14:06.904;{E6AXIS: A1 -9.10004520, A2 -139.758759, A3 153.728378, A4 -0.739100039, A5 11.8348293, A6 9.39366913, E1 0.0, E2 0.0, E3 0.0, E4 0.0, E5 0.0, E6 0.0};;-282.748535;6.95475435;-2.86669660;-2.38812613;-0.469129384;-2.22671390;295;295;294;295;295;295;2.18566370;-0.0213180762;-0.00392701384;0.0839259;-0.0127160456;-0.122074038;0.00183111115;0.000610278;-0.000975748349;0.000270670309;0.0;0.0;0.0;100;1;#T1;#P_FREE
2025-11-27 14:14:07.144;{E6AXIS: A1 -9.10004520, A2 -139.758759, A3 153.728378, A4 -0.739100039, A5 11.8348293, A6 9.39366913, E1 0.0, E2 0.0, E3 0.0, E4 0.0, E5 0.0, E6 0.0};;-307.563843;4.19330168;-7.07118464;-3.43657207;0.527769923;-3.84627867;295;295;294;295;295;295;2.34723234;-0.0488071777;-0.0274890978;0.0610370189;0.0165308602;-0.0979135484;0.000305277761;-0.000305277907;0.0;0.0;0.000280047447;-0.000316817;0.0;100;1;#T1;#P_FREE
2025-11-27 14:14:07.388;{E6AXIS: A1 -9.10004520, A2 -139.758759, A3 153.728378, A4 -0.739100039, A5 11.8348293, A6 9.39366913, E1 0.0, E2 0.0, E3 0.0, E4 0.0, E5 0.0, E6 0.0};;-325.171600;9.00024891;-0.764451444;-2.62111425;0.0586407334;-3.19854617;295;295;294;295;295;295;2.48916602;-0.0572222061;-0.00561002037;0.0648518354;0.0305185094;-0.155135751;0.000305277761;0.0;0.0;0.000541833637;0.000280047447;0.000634211057;0.0;100;1;#T1;#P_FREE
2025-11-27 14:14:07.625;{E6AXIS: A1 -9.10004520, A2 -139.758759, A3 153.728378, A4 -0.739100039, A5 11.8348293, A6 9.39366913, E1 0.0, E2 0.0, E3 0.0, E4 0.0, E5 0.0, E6 0.0};;-338.321350;7.36383820;-5.25561047;-3.96079493;-0.175923660;-4.49420834;295;295;294;295;295;295;2.54582715;-0.0431971550;-0.0263670962;0.0495925769;0.0343333222;-0.162765384;0.0;0.000305277907;0.000325348141;0.0;0.00111993495;0.00126784504;0.0;100;1;#T1;#P_FREE
2025-11-27 14:14:07.863;{E6AXIS: A1 -9.10004520, A2 -139.758759, A3 153.728378, A4 -0.739100039, A5 11.8348293, A6 9.39366913, E1 0.0, E2 0.0, E3 0.0, E4 0.0, E5 0.0, E6 0.0};;-341.515869;1.32958186;-7.16674185;-3.78605413;-2.99034739;-4.08934784;295;295;294;295;296;295;2.57836533;-0.0375871360;-0.0201960728;0.0724814609;0.0178024638;-0.110629596;0.000305277761;0.0;-0.000325052097;0.000270670309;0.0;-0.000316817;0.0;100;1;#T1;#P_FREE
2025-11-27 14:14:08.092;{E6AXIS: A1 -9.10004520, A2 -139.758759, A3 153.728378, A4 -0.739100039, A5 11.8348293, A6 9.39366913, E1 0.0, E2 0.0, E3 0.0, E4 0.0, E5 0.0, E6 0.0};;-341.367310;10.2275496;-0.955565333;-3.66956019;-0.468971372;-4.29180431;295;295;294;295;296;295;2.62212348;-0.0437581576;-0.0173910614;0.0851975083;0.0381481349;-0.146234527;0.0;0.000305277907;0.0;0.000270670309;0.000560094893;-0.000317105529;0.0;100;1;#T1;#P_FREE
2025-11-27 14:14:08.334;{E6AXIS: A1 -9.10004520, A2 -139.758759, A3 153.728378, A4 -0.739100039, A5 11.8348293, A6 9.39366913, E1 0.0, E2 0.0, E3 0.0, E4 0.0, E5 0.0, E6 0.0};;-346.121948;2.25006127;-7.83563662;-3.37832522;-2.69623566;-4.98012209;295;295;294;295;296;295;2.60248828;-0.0633932278;-0.0274890978;0.0432345569;0.0343333222;-0.0966419429;0.0;-0.000305000111;-0.000975748349;-0.000270670309;0.0;0.00158523908;0.0;100;1;#T1;#P_FREE
2025-11-27 14:14:08.572;{E6AXIS: A1 -9.10004520, A2 -139.758759, A3 153.728378, A4 -0.739100039, A5 11.8348293, A6 9.39366913, E1 0.0, E2 0.0, E3 0.0, E4 0.0, E5 0.0, E6 0.0};;-344.413208;4.90922403;-5.25561094;-3.43657207;-2.28578067;-4.89914846;295;295;294;295;296;295;2.60136628;-0.0375871360;-0.0319771133;0.0699382499;0.0432345569;-0.111901201;0.000610555522;0.0;0.000325052097;0.000270670309;0.000280047447;-0.00158523908;0.0;100;1;#T1;#P_FREE
2025-11-27 14:14:08.813;{E6AXIS: A1 -9.10004520, A2 -139.758759, A3 153.728378, A4 -0.739100039, A5 11.8348293, A6 9.39366913, E1 0.0, E2 0.0, E3 0.0, E4 0.0, E5 0.0, E6 0.0};;-342.704559;6.34138632;-4.49115753;-1.86390364;-0.468860537;-5.10159492;295;294;294;295;296;295;2.60417128;-0.0549781956;-0.0252450909;0.0559506;0.0165308602;-0.102999970;0.000610277755;0.0;0.0;0.0;0.000839887478;0.000633922522;0.0;100;1;#T1;#P_FREE
2025-11-27 14:14:09.056;{E6AXIS: A1 -9.10004520, A2 -139.758759, A3 153.728378, A4 -0.739100039, A5 11.8348293, A6 9.39366913, E1 0.0, E2 0.0, E3 0.0, E4 0.0, E5 0.0, E6 0.0};;-341.738678;4.19462729;-10.0334377;-4.13553572;-2.22703886;-5.87088442;295;294;294;295;296;295;2.59856129;-0.0415141508;-0.0252450909;0.0673950389;0.0190740675;-0.130975276;0.000610277755;0.0;-0.000325348141;-0.000270670309;0.000839887478;0.0;0.0;100;1;#T1;#P_FREE
2025-11-27 14:14:09.288;{E6AXIS: A1 -9.10004520, A2 -139.758759, A3 153.728378, A4 -0.739100039, A5 11.8348293, A6 9.39366913, E1 0.0, E2 0.0, E3 0.0, E4 0.0, E5 0.0, E6 0.0};;-339.138580;9.51597595;-3.44003582;-2.50462055;-1.23071885;-3.92742085;295;294;294;295;296;295;2.54190016;-0.0589052103;-0.0342211202;0.0470493697;-0.0203456730;-0.100456759;0.000305000;0.000610278;0.000325052097;0.0;0.0;0.000633922522;0.0;100;1;#T1;#P_FREE
2025-11-27 14:14:09.527;{E6AXIS: A1 -9.10004520, A2 -139.758759, A3 153.728378, A4 -0.739100039, A5 11.8348293, A6 9.39366913, E1 0.0, E2 0.0, E3 0.0, E4 0.0, E5 0.0, E6 0.0};;-334.755371;3.37690496;-1.72001696;-3.43657231;-0.234421134;-2.83422160;295;294;294;295;296;295;2.54077816;-0.0263670962;-0.0375871360;0.0673950389;-0.0127160456;-0.0877407119;-0.000305277761;0.0;-0.000325052097;0.000270670309;0.000280047447;-0.000316817;0.0;100;1;#T1;#P_FREE
2025-11-27 14:14:09.765;{E6AXIS: A1 -9.10004520, A2 -139.758759, A3 153.728378, A4 -0.739100039, A5 11.8348293, A6 9.39366913, E1 0.0, E2 0.0, E3 0.0, E4 0.0, E5 0.0, E6 0.0};;-332.972382;7.57278824;-0.573339403;-4.13553619;-0.703260541;-4.57524347;295;294;294;295;295;295;2.52507019;-0.0258060936;-0.0258060936;0.0686666444;0.0178024638;-0.0991851538;-0.000305277761;0.000610278;0.000650696282;-0.000270670309;0.000280047447;-0.000951028080;0.0;100;1;#T1;#P_FREE
2025-11-27 14:14:10.000;{E6AXIS: A1 -9.10004520, A2 -139.758759, A3 153.728378, A4 -0.739100039, A5 11.8348293, A6 9.39366913, E1 0.0, E2 0.0, E3 0.0, E4 0.0, E5 0.0, E6 0.0};;-334.978180;3.99115872;-4.96893930;-3.43657231;-1.34828687;-4.12986565;295;294;294;295;295;295;2.51553297;-0.0151470536;-0.0100980364;0.0508641824;0.0419629514;-0.104271576;0.000915555574;0.0;-0.000650696282;0.0;0.0;0.0;0.0;100;1;#T1;#P_FREE
2025-11-27 14:14:10.241;{E6AXIS: A1 -9.10004520, A2 -139.758759, A3 153.728378, A4 -0.739100039, A5 11.8348293, A6 9.39366913, E1 0.0, E2 0.0, E3 0.0, E4 0.0, E5 0.0, E6 0.0};;-328.886261;-0.716370881;1.81557524;-3.43657207;-1.46575856;-3.76474714;295;294;294;295;295;296;2.48243403;-0.0611492209;-0.0168300606;0.0610370189;0.0432345569;-0.169123411;0.000915555574;0.0;-0.000650400238;0.0;0.0;-0.000317105529;0.0;100;1;#T1;#P_FREE
2025-11-27 14:14:10.479;{E6AXIS: A1 -9.10004520, A2 -139.758759, A3 153.728378, A4 -0.739100039, A5 11.8348293, A6 9.39366913, E1 0.0, E2 0.0, E3 0.0, E4 0.0, E5 0.0, E6 0.0};;-326.954620;5.01463938;-1.43334794;-3.20358419;-2.11086822;-1.78082013;295;294;294;295;295;296;2.47906780;-0.0319771133;-0.0476851724;0.0559506;0.0;-0.0839259;-0.000305277761;0.0;0.0;0.000270670309;0.0;0.000316817;0.0;100;1;#T1;#P_FREE
2025-11-27 14:14:10.721;{E6AXIS: A1 -9.10004520, A2 -139.758759, A3 153.728378, A4 -0.739100039, A5 11.8348293, A6 9.39366913, E1 0.0, E2 0.0, E3 0.0, E4 0.0, E5 0.0, E6 0.0};;-328.811890;8.59655857;-0.860008538;-2.32987952;0.175913274;-3.56126738;295;294;294;295;295;296;2.43979764;-0.0633932278;-0.00729302643;0.0686666444;0.0381481349;-0.111901201;-0.00152611115;-0.000915555924;0.0;-0.000270670309;0.000559840060;0.0;0.0;100;1;#T1;#P_FREE
2025-11-27 14:14:10.967;{E6AXIS: A1 -9.10004520, A2 -139.758759, A3 153.728378, A4 -0.739100039, A5 11.8348293, A6 9.39366913, E1 0.0, E2 0.0, E3 0.0, E4 0.0, E5 0.0, E6 0.0};;-322.274078;3.17181087;-2.58002639;-3.55306625;-3.16652536;-4.00619507;295;295;294;295;295;296;2.42745590;-0.0314161107;-0.00785402767;0.0546789952;0.0546789952;-0.164036989;0.0;0.000610278;0.000325052097;0.0;0.000280047447;0.000317105529;0.0;100;1;#T1;#P_FREE
2025-11-27 14:14:11.212;{E6AXIS: A1 -9.10004520, A2 -139.758759, A3 153.728378, A4 -0.739100039, A5 11.8348293, A6 9.39366913, E1 0.0, E2 0.0, E3 0.0, E4 0.0, E5 0.0, E6 0.0};;-323.165649;-3562.17798;-1.43313658;-2.85410237;-0.410481483;-4.04653072;295;295;295;295;295;296;2.44540787;19.6255341;-0.00112200400;0.101728365;0.0127160456;-0.124617249;-0.000305277761;0.000305000111;-0.000650400238;0.000270916818;0.0;0.0;0.0;100;3;#T1;#P_FREE
2025-11-27 14:14:11.448;{E6AXIS: A1 -9.10004520, A2 -139.756653, A3 153.728378, A4 -0.739100039, A5 11.8348293, A6 9.39366913, E1 0.0, E2 0.0, E3 0.0, E4 0.0, E5 0.0, E6 0.0};;-321.234039;-2935.90332;-4.87159348;-3.66956019;0.938249469;-2.63020158;295;295;295;295;295;296;2.40221071;12.8519955;-0.0162690580;0.0623086244;-0.00381481368;-0.161493778;0.000305277761;-0.0680541918;0.000650696282;0.000270670309;-0.000559840060;-0.000633922522;0.0;100;3;#T1;#P_FREE
2025-11-27 14:14:11.688;{E6AXIS: A1 -9.10004520, A2 -139.717010, A3 153.728378, A4 -0.739100039, A5 11.8348293, A6 9.39366913, E1 0.0, E2 0.0, E3 0.0, E4 0.0, E5 0.0, E6 0.0};;-314.918915;-1801.08435;-1.14611924;-2.97059631;-0.175922900;-3.68224835;295;295;295;295;295;296;2.39603972;9.55162048;-0.0274890978;0.0559506;0.0330617204;-0.0762962699;-0.000610555522;-0.445861846;0.0;-0.000541833637;-0.000280047447;-0.00158495060;0.0;100;3;#T1;#P_FREE
2025-11-27 14:14:11.924;{E6AXIS: A1 -9.10004520, A2 -139.565430, A3 153.728378, A4 -0.739100039, A5 11.8348293, A6 9.39366913, E1 0.0, E2 0.0, E3 0.0, E4 0.0, E5 0.0, E6 0.0};;-310.832794;-1957.92883;-9.45485783;-3.26183128;-2.22835684;-3.47990966;295;295;295;295;295;296;2.37977052;10.1692829;-0.0420751497;0.0686666444;-0.00762962736;-0.0826543;-0.000915555574;-1.26312304;0.000325052097;-0.000270916818;0.0;0.000633922522;0.0;100;3;#T1;#P_FREE
2025-11-27 14:14:12.168;{E6AXIS: A1 -9.10004520, A2 -139.196533, A3 153.728378, A4 -0.739100039, A5 11.8348293, A6 9.39366913, E1 0.0, E2 0.0, E3 0.0, E4 0.0, E5 0.0, E6 0.0};;-312.541565;-1878.84961;-2.48300123;-2.56286740;-2.75612926;-5.05853510;295;295;295;295;295;295;2.34723234;10.9266367;-0.0274890978;0.0445061587;0.00635802280;-0.132246882;0.000610555522;-1.75170958;0.000650400238;0.000541833637;-0.000280047447;-0.00221916172;0.0;100;3;#T1;#P_FREE
2025-11-27 14:14:12.406;{E6AXIS: A1 -9.10004520, A2 -138.708710, A3 153.728378, A4 -0.739100039, A5 11.8348293, A6 9.39366913, E1 0.0, E2 0.0, E3 0.0, E4 0.0, E5 0.0, E6 0.0};;-311.501434;-1946.67590;-1.71896613;-3.90254807;-0.938257575;-4.00728512;295;295;295;295;295;295;2.34891558;10.4217339;-0.0325381160;0.0292469040;0.00890123192;-0.129703671;-0.000305000;-2.14111423;0.000325052097;0.000541833637;-0.000839887478;-0.00221916172;0.0;100;3;#T1;#P_FREE
2025-11-27 14:14:12.646;{E6AXIS: A1 -9.10004520, A2 -138.111801, A3 153.728378, A4 -0.739100039, A5 11.8348293, A6 9.39366913, E1 0.0, E2 0.0, E3 0.0, E4 0.0, E5 0.0, E6 0.0};;-313.433075;-1943.71350;-0.286490828;-3.02884340;-0.703693330;-2.87427282;295;295;295;295;295;295;2.36518455;10.6169634;-0.0190740675;0.0724814609;0.0152592547;-0.0902839229;0.000305000;-2.57568455;0.0;0.00216659508;0.000559840060;-0.00316990120;0.0;100;3;#T1;#P_FREE
2025-11-27 14:14:12.891;{E6AXIS: A1 -9.10004520, A2 -137.393143, A3 153.728378, A4 -0.739100039, A5 11.8348293, A6 9.39366913, E1 0.0, E2 0.0, E3 0.0, E4 0.0, E5 0.0, E6 0.0};;-310.907135;-1826.14404;-6.30277157;-1.28143370;-1.81787515;-2.79350233;295;295;295;295;295;295;2.33937836;10.2668982;-0.0443191603;0.0457777642;0.0101728365;-0.120802432;0.000915555574;-2.97729611;-0.000325052097;0.00406252;0.000280047447;-0.00760793593;0.0;100;3;#T1;#P_FREE
2025-11-27 14:14:13.133;{E6AXIS: A1 -9.10004520, A2 -136.561752, A3 153.728378, A4 -0.739100039, A5 11.8348293, A6 9.39366913, E1 0.0, E2 0.0, E3 0.0, E4 0.0, E5 0.0, E6 0.0};;-308.009583;-1831.74487;-4.20192432;-3.90254807;-2.46292758;-3.27945256;295;295;294;295;295;295;2.33096337;9.81921864;-0.0190740675;0.0584938079;0.0216172785;-0.120802432;-0.000305277761;-3.41705441;-0.000325052097;-0.00324976933;0.0;0.00665690796;0.0;100;3;#T1;#P_FREE
2025-11-27 14:14:13.388;{E6AXIS: A1 -9.10004520, A2 -135.792435, A3 153.728378, A4 -0.739100039, A5 11.8348293, A6 9.39366913, E1 0.0, E2 0.0, E3 0.0, E4 0.0, E5 0.0, E6 0.0};;-305.483521;-2359.45410;-5.25391769;-3.32007813;-1.23146379;-3.56293702;295;295;294;295;295;295;2.29449821;10.6528673;-0.0493681766;0.0737530664;-0.0165308602;-0.137333289;-0.000305000;-0.166015625;0.0;0.0;0.0;0.0;0.0;100;3;#T1;#P_FREE
2025-11-27 14:14:13.624;{E6AXIS: A1 -9.10004520, A2 -135.755280, A3 153.728378, A4 -0.739100039, A5 11.8348293, A6 9.39366913, E1 0.0, E2 0.0, E3 0.0, E4 0.0, E5 0.0, E6 0.0};;-303.700378;-2065.48096;-9.55397129;-3.37755275;-1.64195168;-5.42543793;295;295;294;296;295;295;2.31525517;11.2985802;-0.0302941073;0.0546789952;0.0534073934;-0.0813826919;0.000915555574;0.0;0.00195149670;0.0;0.000280047447;-0.00126784504;0.0;100;3;#T1;#P_FREE
2025-11-27 14:14:13.880;{E6AXIS: A1 -9.10004520, A2 -135.752274, A3 153.728378, A4 -0.739100039, A5 11.8348293, A6 9.39366913, E1 0.0, E2 0.0, E3 0.0, E4 0.0, E5 0.0, E6 0.0};;-302.585938;-1783.33594;-6.68833876;-3.26048112;-0.938124835;-4.93960810;295;295;294;296;296;295;2.30627942;9.10562325;-0.0577832051;0.0648518354;0.0279753;-0.0991851538;-0.000305277761;-0.219421476;0.000650696282;0.000270670309;0.0;0.000316817;0.0;100;3;#T1;#P_FREE
2025-11-27 14:14:14.116;{E6AXIS: A1 -9.10004520, A2 -135.648270, A3 153.728378, A4 -0.739100039, A5 11.8348293, A6 9.39366913, E1 0.0, E2 0.0, E3 0.0, E4 0.0, E5 0.0, E6 0.0};;-306.152130;-1641.93713;-2.29323983;-2.96909428;-1.40688217;-5.58744383;295;295;294;296;296;295;2.29562020;8.40212727;0.0196350701;0.0750246719;0.0165308602;-0.0699382499;-0.000305000;-1.29486132;-0.000325052097;0.000812503917;0.0;-0.00190205616;0.0;100;3;#T1;#P_FREE
2025-11-27 14:14:14.355;{E6AXIS: A1 -9.10004520, A2 -135.212204, A3 153.728378, A4 -0.739100039, A5 11.8348293, A6 9.39366913, E1 0.0, E2 0.0, E3 0.0, E4 0.0, E5 0.0, E6 0.0};;-302.734528;-1579.42334;-7.16653919;-3.02715611;-1.05503905;-2.51030564;295;295;294;296;296;295;2.28327799;8.49749756;-0.0359041281;0.0661234409;0.0;-0.0826543;0.000305000;-3.32519650;0.000325052097;0.00352068618;0.0;-0.00412092917;0.0;100;3;#T1;#P_FREE
2025-11-27 14:14:14.595;{E6AXIS: A1 -9.10004520, A2 -134.266312, A3 153.728378, A4 -0.739100039, A5 11.8348293, A6 9.39366913, E1 0.0, E2 0.0, E3 0.0, E4 0.0, E5 0.0, E6 0.0};;-300.654236;-1690.67712;-3.15331769;-2.03745174;-0.644704580;-4.49426;295;295;294;296;296;295;2.29449821;9.43268776;-0.0746132657;0.0699382499;0.0368765332;-0.139876500;0.0;-3.89709616;0.000325052097;0.00324976933;0.0;-0.00982680917;0.0;100;3;#T1;#P_FREE
2025-11-27 14:14:14.832;{E6AXIS: A1 -9.10004520, A2 -133.240524, A3 153.728378, A4 -0.739100039, A5 11.8348293, A6 9.39366913, E1 0.0, E2 0.0, E3 0.0, E4 0.0, E5 0.0, E6 0.0};;-300.208496;-1767.74036;-6.59334660;-3.25987315;-1.52379227;-4.77768517;295;295;294;296;296;295;2.26925325;9.18528557;-0.0398311429;0.0750246719;-0.00890123192;-0.114444412;0.000610555522;-3.89862204;0.0;0.000541587127;-0.000280047447;-0.00950999185;0.0;100;3;#T1;#P_FREE
2025-11-27 14:14:15.066;{E6AXIS: A1 -9.10004520, A2 -132.214722, A3 153.728378, A4 -0.739100039, A5 11.8348293, A6 9.39366913, E1 0.0, E2 0.0, E3 0.0, E4 0.0, E5 0.0, E6 0.0};;-302.288727;-1759.28381;-6.49781466;-3.02699971;-0.586062551;-1.49808776;295;295;294;296;296;295;2.25354505;9.39341736;-0.0157080553;0.0801110864;0.00381481368;-0.123345643;-0.000915555574;-3.90228438;0.000325052097;-0.00162500783;0.0;-0.00570616825;0.0;100;3;#T1;#P_FREE
2025-11-27 14:14:15.307;{E6AXIS: A1 -9.10004520, A2 -131.171539, A3 153.728378, A4 -0.739100039, A5 11.8348293, A6 9.39366913, E1 0.0, E2 0.0, E3 0.0, E4 0.0, E5 0.0, E6 0.0};;-298.425232;-1657.74438;-8.88673592;-4.13299942;-1.64095700;-3.27959847;295;295;294;296;296;295;2.25242305;9.00969219;-0.0471241698;0.0724814609;-0.00381481368;-0.150049344;0.0;-3.90136862;-0.000325052097;-0.00352068618;0.0;0.00887578074;0.0;100;3;#T1;#P_FREE
2025-11-27 14:14:15.548;{E6AXIS: A1 -9.10004520, A2 -130.128357, A3 153.728378, A4 -0.739100039, A5 11.8348293, A6 9.39366913, E1 0.0, E2 0.0, E3 0.0, E4 0.0, E5 0.0, E6 0.0};;-300.134155;-1583.29785;-6.88006115;-3.95835543;-0.879079163;-4.04888678;295;295;294;296;296;295;2.26364303;8.44756794;-0.0123420442;0.0648518354;0.0127160456;-0.164036989;-0.000915555574;-3.89526510;0.0;-0.00460410677;0.0;0.00855896436;0.0;100;3;#T1;#P_FREE
2025-11-27 14:14:15.783;{E6AXIS: A1 -9.10004520, A2 -129.102570, A3 153.728378, A4 -0.739100039, A5 11.8348293, A6 9.39366913, E1 0.0, E2 0.0, E3 0.0, E4 0.0, E5 0.0, E6 0.0};;-298.573944;-1476.08447;-4.39559841;-2.85234046;-0.820484161;-5.83039856;295;295;294;296;295;295;2.25522804;8.58781815;-0.0426361524;0.0813826919;0.0406913459;-0.141148105;-0.000915555574;-3.90167379;-0.000650400238;-0.00243726536;-0.000280047447;0.00887606945;0.0;100;3;#T1;#P_FREE
2025-11-27 14:14:16.027;{E6AXIS: A1 -9.10004520, A2 -128.042, A3 153.728378, A4 -0.739100039, A5 11.8348293, A6 9.39366913, E1 0.0, E2 0.0, E3 0.0, E4 0.0, E5 0.0, E6 0.0};;-298.425323;-1516.07690;-6.49784184;-3.14339304;-1.81728041;-4.81817675;295;295;294;296;295;295;2.23222685;7.81139231;-0.0269280970;0.0623086244;0.0737530664;-0.0877407119;0.000915555574;-3.55774069;-0.000325052097;-0.00379160279;0.0;0.00760793593;0.0;100;3;#T1;#P_FREE
2025-11-27 14:14:16.279;{E6AXIS: A1 -9.10004520, A2 -127.247902, A3 153.728378, A4 -0.739100039, A5 11.8348293, A6 9.39366913, E1 0.0, E2 0.0, E3 0.0, E4 0.0, E5 0.0, E6 0.0};;-299.168274;-2146.28931;-0.764452;-2.79412603;-0.644939780;-5.26355457;295;295;294;296;295;295;2.24905705;11.2245283;-0.0465631671;0.0673950389;0.00254320912;-0.130975276;0.000915555574;-0.0311277900;0.000650400238;-0.000812503917;0.0;-0.00253597856;0.0;100;3;#T1;#P_FREE
2025-11-27 14:14:16.508;{E6AXIS: A1 -9.10004520, A2 -127.232758, A3 153.728378, A4 -0.739100039, A5 11.8348293, A6 9.39366913, E1 0.0, E2 0.0, E3 0.0, E4 0.0, E5 0.0, E6 0.0};;-298.588318;-1878.20386;-4.68227;-3.08518;-1.46588480;-3.56302190;294;295;294;296;295;295;2.23895907;10.2483845;-0.0297331084;0.0521357879;0.0139876502;-0.0775678754;0.000915555574;0.0;0.0;-0.000541587127;0.000280047447;0.0;0.0;100;3;#T1;#P_FREE
2025-11-27 14:14:16.737;{E6AXIS: A1 -9.10004520, A2 -127.232758, A3 153.728378, A4 -0.739100039, A5 11.8348293, A6 9.39366913, E1 0.0, E2 0.0, E3 0.0, E4 0.0, E5 0.0, E6 0.0};;-296.865631;-1821.24744;-8.88675880;-2.27022648;0.879567921;-3.72497702;294;295;294;296;295;295;2.19183493;9.91402817;0.0100980364;0.0623086244;-0.0661234409;-0.0839259;0.000610555522;-0.00122055598;0.000325348141;0.000270916818;0.0;-0.000951028080;0.0;100;3;#T1;#P_FREE
2025-11-27 14:14:16.974;{E6AXIS: A1 -9.10004520, A2 -127.232758, A3 153.728378, A4 -0.739100039, A5 11.8348293, A6 9.39366913, E1 0.0, E2 0.0, E3 0.0, E4 0.0, E5 0.0, E6 0.0};;-299.426788;-1776.70190;-2.29335666;-3.31802320;0.703672;-3.96791053;294;296;294;296;295;295;2.22493386;9.71150589;-0.0218790788;0.0521357879;0.0368765332;-0.0928271338;0.0;-0.000305000111;0.000325052097;-0.00135409110;0.0;-0.000633922522;0.0;100;3;#T1;#P_FREE
2025-11-27 14:14:17.204;{E6AXIS: A1 -9.10004520, A2 -127.232758, A3 153.728378, A4 -0.739100039, A5 11.8348293, A6 9.39366913, E1 0.0, E2 0.0, E3 0.0, E4 0.0, E5 0.0, E6 0.0};;-295.803192;-1756.11572;-7.45340967;-2.61949182;-1.75920403;-2.79373288;294;296;294;296;295;295;2.22998309;9.63577080;-0.0213180762;0.0623086244;0.0101728365;-0.105543181;0.0;0.0;-0.000325052097;0.0;0.0;-0.00158495060;0.0;100;3;#T1;#P_FREE
2025-11-27 14:14:17.430;{E6AXIS: A1 -9.10004520, A2 -127.232758, A3 153.728378, A4 -0.739100039, A5 11.8348293, A6 9.39366913, E1 0.0, E2 0.0, E3 0.0, E4 0.0, E5 0.0, E6 0.0};;-293.435028;-1741.37354;-6.11561823;-2.91054630;-0.996889830;-2.38884425;294;296;294;296;295;295;2.21707988;9.56003475;-0.0336601213;0.0432345569;0.0254320912;-0.0597654134;-0.000915555574;0.0;-0.000325052097;-0.000541587127;0.0;0.0;0.0;100;3;#T1;#P_FREE
2025-11-27 14:14:17.663;{E6AXIS: A1 -9.10004520, A2 -127.232758, A3 153.728378, A4 -0.739100039, A5 11.8348293, A6 9.39366913, E1 0.0, E2 0.0, E3 0.0, E4 0.0, E5 0.0, E6 0.0};;-294.853210;-1736.38354;-6.68895817;-1.74632788;-1.75922441;-3.03666639;294;296;294;296;295;295;2.20529890;9.52132607;-0.0807842910;0.0737530664;0.0190740675;-0.153864145;-0.000305277761;-0.000305277907;0.000650400238;0.000270916818;-0.000559840060;-0.00221887301;0.0;100;3;#T1;#P_FREE
2025-11-27 14:14:17.898;{E6AXIS: A1 -9.10004520, A2 -127.232758, A3 153.728378, A4 -0.739100039, A5 11.8348293, A6 9.39366913, E1 0.0, E2 0.0, E3 0.0, E4 0.0, E5 0.0, E6 0.0};;-294.856476;-1731.84692;-5.73339319;-2.79412460;-0.703691781;-2.46982169;294;296;294;296;295;295;2.21820188;9.54881573;-0.0583442114;0.0508641824;-0.00890123192;-0.106814787;-0.000305000;0.000610278;-0.00130109652;0.000541587127;0.0;0.00158495060;0.0;100;3;#T1;#P_FREE
2025-11-27 14:14:18.126;{E6AXIS: A1 -9.10004520, A2 -127.232758, A3 153.728378, A4 -0.739100039, A5 11.8348293, A6 9.39366913, E1 0.0, E2 0.0, E3 0.0, E4 0.0, E5 0.0, E6 0.0};;-292.107971;-1736.80884;-5.35116673;-2.27022624;-1.70058966;-3.36049318;294;296;294;296;295;296;2.19968891;9.51627731;-0.0252450909;0.0178024638;0.0597654134;-0.120802432;0.000610277755;0.0;0.0;0.000270916818;0.0;0.0;0.0;100;3;#T1;#P_FREE
2025-11-27 14:14:18.362;{E6AXIS: A1 -9.10004520, A2 -127.232758, A3 153.728378, A4 -0.739100039, A5 11.8348293, A6 9.39366913, E1 0.0, E2 0.0, E3 0.0, E4 0.0, E5 0.0, E6 0.0};;-294.115967;-1732.81836;-6.02006102;-1.97917163;-0.527770042;-3.96677065;294;296;294;296;295;296;2.23222685;9.53030205;-0.0387091376;0.0279753;-0.00762962736;-0.118259221;0.000610555522;-0.000305277907;0.0;-0.000812503917;0.0;0.0;0.0;100;3;#T1;#P_FREE
2025-11-27 14:14:18.597;{E6AXIS: A1 -9.10004520, A2 -127.232758, A3 153.728378, A4 -0.739100039, A5 11.8348293, A6 9.39366913, E1 0.0, E2 0.0, E3 0.0, E4 0.0, E5 0.0, E6 0.0};;-291.179;-1739.43054;-6.49784422;-2.96875739;-2.16972113;-4.37089729;295;296;294;296;295;296;2.20081091;9.56732845;-0.0370261334;0.0724814609;0.0483209714;-0.0851975083;0.0;0.0;0.0;0.0;0.0;-0.000951028080;0.0;100;3;#T1;#P_FREE
2025-11-27 14:14:18.831;{E6AXIS: A1 -9.10004520, A2 -127.232758, A3 153.728378, A4 -0.739100039, A5 11.8348293, A6 9.39366913, E1 0.0, E2 0.0, E3 0.0, E4 0.0, E5 0.0, E6 0.0};;-290.312134;-1738.28735;2.67558336;-3.20160103;6.00084178E-08;-4.45147181;295;295;294;296;295;296;2.20249391;9.54881573;-0.0308551099;0.0648518354;0.0305185094;-0.127160460;0.0;0.0;0.0;0.000541587127;0.000280047447;0.00221916172;0.0;100;3;#T1;#P_FREE
2025-11-27 14:14:19.064;{E6AXIS: A1 -9.10004520, A2 -127.232758, A3 153.728378, A4 -0.739100039, A5 11.8348293, A6 9.39366913, E1 0.0, E2 0.0, E3 0.0, E4 0.0, E5 0.0, E6 0.0};;-293.555725;-1741.99792;-3.63114953;-3.08517909;0.469128907;-3.60148406;295;295;294;296;295;296;2.21651912;9.59313393;-0.0392701402;0.0648518354;0.0127160456;-0.181839451;0.0;-0.000305277907;0.0;0.000812503917;0.0;0.000633922522;0.0;100;3;#T1;#P_FREE
2025-11-27 14:14:19.299;{E6AXIS: A1 -9.10004520, A2 -127.232765, A3 153.728378, A4 -0.739100039, A5 11.8348293, A6 9.39366913, E1 0.0, E2 0.0, E3 0.0, E4 0.0, E5 0.0, E6 0.0};;-291.385529;-1762.73682;-6.68895864;-2.56128097;0.234564096;-4.04650688;295;295;294;296;295;296;2.20529890;12.0929594;-0.0145860529;0.0572222061;0.0445061587;-0.108086385;0.00122055551;0.0521850213;0.000325052097;0.000812503917;-0.000280047447;-0.000633922522;0.0;100;3;#T1;#P_FREE
2025-11-27 14:14:19.548;{E6AXIS: A1 -9.10004520, A2 -127.286026, A3 153.728378, A4 -0.739100039, A5 11.8348293, A6 9.39366913, E1 0.0, E2 0.0, E3 0.0, E4 0.0, E5 0.0, E6 0.0};;-295.240662;-2774.23755;-2.38891315;-1.80475962;-1.70059276;-3.72273374;295;295;294;295;295;296;2.20025;16.1349792;-0.0471241698;0.0801110864;0.0381481349;-0.0890123174;0.0;0.947265923;0.000325052097;0.00135409110;0.000280047447;-0.000951028080;0.0;100;3;#T1;#P_FREE
2025-11-27 14:14:19.786;{E6AXIS: A1 -9.10004520, A2 -127.605042, A3 153.728378, A4 -0.739100039, A5 11.8348293, A6 9.39366913, E1 0.0, E2 0.0, E3 0.0, E4 0.0, E5 0.0, E6 0.0};;-293.378601;-2835.38940;-10.3201075;-3.37740636;-1.29010522;-3.31806350;295;295;294;295;295;296;2.19632292;16.3526478;-0.0342211202;0.0343333222;-0.0152592547;-0.165308595;-0.000305000;2.56561375;0.0;0.0;0.000280047447;-0.00634009065;0.0;100;3;#T1;#P_FREE
2025-11-27 14:14:20.020;{E6AXIS: A1 -9.10004520, A2 -128.387634, A3 153.728378, A4 -0.739100039, A5 11.8348293, A6 9.39366913, E1 0.0, E2 0.0, E3 0.0, E4 0.0, E5 0.0, E6 0.0};;-293.747711;-2929.68921;-0.955565;-3.78547931;-2.46292782;-2.42784166;295;295;294;295;295;296;2.23503208;15.9335794;-0.00168300606;0.0495925769;0.0559506;-0.0686666444;-0.000915555574;3.89404464;0.000325052097;0.00352068618;0.0;0.00348700676;0.0;100;3;#T1;#P_FREE
2025-11-27 14:14:20.256;{E6AXIS: A1 -9.10004520, A2 -129.413422, A3 153.728378, A4 -0.739100039, A5 11.8348293, A6 9.39366913, E1 0.0, E2 0.0, E3 0.0, E4 0.0, E5 0.0, E6 0.0};;-290.700134;-2982.30371;-4.68227053;-1.39781058;-1.93515730;-4.45188618;295;295;294;295;295;295;2.20754290;16.3907967;0.00336601213;0.0508641824;0.0114444410;-0.0356049277;0.000915555574;3.86871481;-0.000325052097;-0.00243751192;0.0;0.00760793593;0.0;100;3;#T1;#P_FREE
2025-11-27 14:14:20.513;{E6AXIS: A1 -9.10004520, A2 -130.283493, A3 153.728378, A4 -0.739100039, A5 11.8348293, A6 9.39366913, E1 0.0, E2 0.0, E3 0.0, E4 0.0, E5 0.0, E6 0.0};;-292.050751;-2314.70020;-5.06449699;-2.73748755;-2.05243969;-1.74063480;294;295;294;295;295;295;2.21090889;14.0581493;-0.0157080553;0.0890123174;0.0317901149;-0.139876500;0.0;0.00549333543;-0.000975748349;0.000270916818;0.000280047447;0.000633922522;0.0;100;3;#T1;#P_FREE
2025-11-27 14:14:20.756;{E6AXIS: A1 -9.10004520, A2 -130.309601, A3 153.728378, A4 -0.739100039, A5 11.8348293, A6 9.39366913, E1 0.0, E2 0.0, E3 0.0, E4 0.0, E5 0.0, E6 0.0};;-290.179108;-2773.07813;-4.10893154;-3.08701658;-0.645052195;-3.40065527;294;295;294;295;295;295;2.20417690;15.4152136;-0.0173910614;0.0661234409;-0.0127160456;-0.105543181;0.000305000;0.000305277907;0.000325052097;-0.000541587127;-0.000280047447;0.000317105529;0.0;100;3;#T1;#P_FREE
2025-11-27 14:14:21.012;{E6AXIS: A1 -9.10004520, A2 -130.312119, A3 153.728378, A4 -0.739100039, A5 11.8348293, A6 9.39366913, E1 0.0, E2 0.0, E3 0.0, E4 0.0, E5 0.0, E6 0.0};;-290.957245;-3165.42676;-7.26229715;-2.15511155;-0.586411238;-1.74090922;294;295;294;295;295;295;2.19239593;16.4872894;-0.0117810424;0.0610370189;-0.0317901149;-0.127160460;0.000610555522;0.237732038;-0.000325052097;0.000270916818;0.000280047447;-0.000317105529;0.0;100;3;#T1;#P_FREE
2025-11-27 14:14:21.245;{E6AXIS: A1 -9.10004520, A2 -130.415741, A3 153.728378, A4 -0.739100039, A5 11.8348293, A6 9.39366913, E1 0.0, E2 0.0, E3 0.0, E4 0.0, E5 0.0, E6 0.0};;-295.210754;-2988.82642;-4.96894121;-2.56284952;-1.11418164;-3.88679528;294;295;294;295;295;295;2.21259212;17.0432415;-0.0207570754;0.0661234409;-0.0330617204;-0.0902839229;-0.000610555522;1.30615294;0.000325348141;0.000541587127;0.0;-0.00412092917;0.0;100;3;#T1;#P_FREE
2025-11-27 14:14:21.486;{E6AXIS: A1 -9.10004520, A2 -130.854126, A3 153.728378, A4 -0.739100039, A5 11.8348293, A6 9.39366913, E1 0.0, E2 0.0, E3 0.0, E4 0.0, E5 0.0, E6 0.0};;-292.098633;-3161.79150;-6.49784517;-3.66954613;-1.17282271;-3.19856;294;295;294;295;295;295;2.19688392;17.5262642;0.00224400801;0.0623086244;0.0101728365;-0.110629596;0.0;3.24463;0.0;0.00352068618;0.000559840060;-0.00285308412;0.0;100;3;#T1;#P_FREE
2025-11-27 14:14:21.720;{E6AXIS: A1 -9.10004520, A2 -131.760040, A3 153.728378, A4 -0.739100039, A5 11.8348293, A6 9.39366913, E1 0.0, E2 0.0, E3 0.0, E4 0.0, E5 0.0, E6 0.0};;-296.638153;-3075.28809;-7.35785389;-3.43656492;-2.11108088;-5.18252;294;295;294;295;295;295;2.20137191;16.3560143;-0.0269280970;0.0597654134;0.0292469040;-0.134790078;-0.00122083328;3.89679098;0.0;0.000812503917;0.000559840060;-0.00982680917;0.0;100;3;#T1;#P_FREE
2025-11-27 14:14:21.956;{E6AXIS: A1 -9.10004520, A2 -132.785828, A3 153.728378, A4 -0.739100039, A5 11.8348293, A6 9.39366913, E1 0.0, E2 0.0, E3 0.0, E4 0.0, E5 0.0, E6 0.0};;-289.133179;-3049.68018;-10.9890022;-4.19377804;-0.938258111;-3.72495461;294;295;294;295;295;295;2.23391;16.8996239;-0.0117810424;0.0775678754;0.0267036967;-0.132246882;0.0;3.90167403;-0.000650400238;-0.00406227307;0.0;0.00190205616;0.0;100;3;#T1;#P_FREE
2025-11-27 14:14:22.183;{E6AXIS: A1 -9.10004520, A2 -133.776855, A3 153.728378, A4 -0.739100039, A5 11.8348293, A6 9.39366913, E1 0.0, E2 0.0, E3 0.0, E4 0.0, E5 0.0, E6 0.0};;-291.290527;-3063.44775;-8.40897560;-3.32007623;-2.11108088;-1.78150368;294;295;294;295;295;295;2.21371388;16.8816738;-0.0403921455;0.0584938079;0.0330617204;-0.0584938079;0.000915555574;3.89953756;0.000325348141;-0.00297909905;-0.000280047447;0.00950999185;0.0;100;3;#T1;#P_FREE
2025-11-27 14:14:22.418;{E6AXIS: A1 -9.10004520, A2 -134.802643, A3 153.728378, A4 -0.739100039, A5 11.8348293, A6 9.39366913, E1 0.0, E2 0.0, E3 0.0, E4 0.0, E5 0.0, E6 0.0};;-293.075500;-3086.62036;-3.72670531;-4.01904058;-0.175923362;-4.17034721;294;295;294;295;295;295;2.19464;17.3703060;-0.00504901819;0.0737530664;0.0241604857;-0.120802432;0.000915555574;3.86413741;0.0;-0.000812503917;0.0;0.00316990120;0.0;100;3;#T1;#P_FREE
2025-11-27 14:14:22.658;{E6AXIS: A1 -9.10004520, A2 -135.815506, A3 153.728378, A4 -0.739100039, A5 11.8348293, A6 9.39366913, E1 0.0, E2 0.0, E3 0.0, E4 0.0, E5 0.0, E6 0.0};;-293.242828;-3165.43335;-4.58671331;-2.67936087;-1.70059288;-3.27959633;295;295;294;295;295;295;2.22773910;17.2659588;-0.00617102208;0.0826543;-0.0292469040;-0.183111057;-0.000610555522;3.46466208;0.0;-0.000270670309;0.000559840060;-0.00855896436;0.0;100;3;#T1;#P_FREE
2025-11-27 14:14:22.894;{E6AXIS: A1 -9.10004520, A2 -136.708649, A3 153.728378, A4 -0.739100039, A5 11.8348293, A6 9.39366913, E1 0.0, E2 0.0, E3 0.0, E4 0.0, E5 0.0, E6 0.0};;-293.499207;-3150.74023;-7.35785484;-2.67936110;-3.10798025;-1.09319961;295;294;294;295;295;295;2.21315289;17.3798428;-0.0347821228;0.0966419429;0.00762962736;-0.110629596;0.0;3.09723;0.0;0.00324976933;0.0;-0.000951028080;0.0;100;3;#T1;#P_FREE
2025-11-27 14:14:23.129;{E6AXIS: A1 -9.10004520, A2 -137.483856, A3 153.728378, A4 -0.739100039, A5 11.8348293, A6 9.39366913, E1 0.0, E2 0.0, E3 0.0, E4 0.0, E5 0.0, E6 0.0};;-291.469818;-3162.69531;-9.36454105;-2.09689140;-2.22836328;-5.30404234;295;294;294;295;295;295;2.21764088;17.4488449;-0.00448801601;0.0559506;0.0775678754;-0.101728365;0.0;2.67761326;0.000325052097;0.0;-0.000280047447;-0.00538877444;0.0;100;3;#T1;#P_FREE
2025-11-27 14:14:23.367;{E6AXIS: A1 -9.10004520, A2 -138.178513, A3 153.728378, A4 -0.739100039, A5 11.8348293, A6 9.39366913, E1 0.0, E2 0.0, E3 0.0, E4 0.0, E5 0.0, E6 0.0};;-297.401215;-2862.95264;4.30004454;-2.97059631;-1.34874618;-4.85866451;295;294;294;295;295;295;2.22942185;16.6611977;-0.0123420442;0.0534073934;0.0356049277;-0.0584938079;-0.000305000;1.68518114;0.0;0.00189592468;0.000559840060;-0.00158523908;0.0;100;3;#T1;#P_FREE
2025-11-27 14:14:23.600;{E6AXIS: A1 -9.10004520, A2 -138.462906, A3 153.728378, A4 -0.739100039, A5 11.8348293, A6 9.39366913, E1 0.0, E2 0.0, E3 0.0, E4 0.0, E5 0.0, E6 0.0};;-293.530548;-2896.30566;2.58002687;-1.45593405;-2.81477427;-4.81817675;295;294;294;296;295;295;2.21259212;16.7273960;-0.0521731861;0.0864691138;0.00381481368;-0.150049344;0.0;0.00854500290;0.000650400238;0.0;0.0;0.000633922522;0.0;100;3;#T1;#P_FREE
2025-11-27 14:14:23.835;{E6AXIS: A1 -9.10004520, A2 -138.462891, A3 153.728378, A4 -0.739100039, A5 11.8348293, A6 9.39366913, E1 0.0, E2 0.0, E3 0.0, E4 0.0, E5 0.0, E6 0.0};;-294.120911;-3132.17334;-6.49784565;-3.90109134;-0.527770638;-4.08937693;295;294;294;296;295;295;2.24064207;17.3321571;0.00448801601;0.0610370189;0.0432345569;-0.153864145;-0.000610555522;0.00274639;0.0;-0.000541587127;0.000280047447;0.00158495060;0.0;100;3;#T1;#P_FREE
2025-11-27 14:14:24.074;{E6AXIS: A1 -9.10004520, A2 -138.462891, A3 153.728378, A4 -0.739100039, A5 11.8348293, A6 9.39366913, E1 0.0, E2 0.0, E3 0.0, E4 0.0, E5 0.0, E6 0.0};;-292.261292;-3193.46948;-4.30004501;-3.84244871;-1.40738750;-3.76546669;295;294;294;296;295;295;2.20081091;17.6177063;-0.0274890978;0.0864691138;0.0101728365;-0.119530827;-0.000305277761;0.000610278;-0.000325052097;0.000270916818;-0.000280047447;0.000633922522;0.0;100;3;#T1;#P_FREE
2025-11-27 14:14:24.311;{E6AXIS: A1 -9.10004520, A2 -138.462891, A3 153.728378, A4 -0.739100039, A5 11.8348293, A6 9.39366913, E1 0.0, E2 0.0, E3 0.0, E4 0.0, E5 0.0, E6 0.0};;-292.854553;-3226.38867;-6.88007069;-3.49291801;-2.58020973;-4.20986176;295;294;294;296;295;296;2.18061495;17.8998909;-0.0516121872;0.0724814609;0.0139876502;-0.157678962;0.0;0.0109863933;-0.000325348141;0.0;0.000280047447;-0.000951028080;0.0;100;3;#T1;#P_FREE
2025-11-27 14:14:24.552;{E6AXIS: A1 -9.10004520, A2 -138.479401, A3 153.728378, A4 -0.739100039, A5 11.8348293, A6 9.39366913, E1 0.0, E2 0.0, E3 0.0, E4 0.0, E5 0.0, E6 0.0};;-295.507690;-3451.91138;-6.30673265;-3.37637258;-1.27752955E-08;-5.30188227;296;294;294;296;295;296;2.19015169;20.1927071;-0.0201960728;0.0457777642;0.00381481368;-0.0762962699;0.00122083328;0.406799316;0.000650400238;0.00108342071;-0.000280047447;-0.000317105529;0.0;100;3;#T1;#P_FREE
2025-11-27 14:14:24.788;{E6AXIS: A1 -9.10004520, A2 -138.611435, A3 153.728378, A4 -0.739100039, A5 11.8348293, A6 9.39366913, E1 0.0, E2 0.0, E3 0.0, E4 0.0, E5 0.0, E6 0.0};;-292.031586;-3472.62231;-1.52890551;-1.86279166;-2.52156878;-4.45153522;296;294;294;296;295;296;2.21427488;19.9105225;-0.0325381160;0.0775678754;0.0;-0.0254320912;0.0;1.10687315;0.000325052097;-0.00162476138;0.0;0.00317018968;0.0;100;3;#T1;#P_FREE
2025-11-27 14:14:25.026;{E6AXIS: A1 -9.10004520, A2 -138.958832, A3 153.728378, A4 -0.739100039, A5 11.8348293, A6 9.39366913, E1 0.0, E2 0.0, E3 0.0, E4 0.0, E5 0.0, E6 0.0};;-291.777527;-3456.77222;-8.21786308;-3.78375769;-1.34874618;-2.99451399;296;294;294;296;295;296;2.21932411;18.3200817;-0.0387091376;0.0750246719;-0.0216172785;-0.0546789952;-0.000610277755;1.70898509;-0.000325052097;0.00189567823;0.0;-0.00412092917;0.0;100;3;#T1;#P_FREE
2025-11-27 14:14:25.264;{E6AXIS: A1 -9.10004520, A2 -139.386383, A3 153.728378, A4 -0.739100039, A5 11.8348293, A6 9.39366913, E1 0.0, E2 0.0, E3 0.0, E4 0.0, E5 0.0, E6 0.0};;-293.245178;-3346.04321;-1.43334854;-2.61951;-1.81787539;-3.92513061;296;294;294;296;295;296;2.24064207;17.8735237;-0.0258060936;0.0864691138;0.0610370189;-0.0877407119;-0.000610277755;1.30340600;0.000325348141;-0.00108342071;-0.000559840060;0.00348700676;0.0;100;3;#T1;#P_FREE
2025-11-27 14:14:25.498;{E6AXIS: A1 -9.10004520, A2 -139.709824, A3 153.728378, A4 -0.739100039, A5 11.8348293, A6 9.39366913, E1 0.0, E2 0.0, E3 0.0, E4 0.0, E5 0.0, E6 0.0};;-295.017700;-3272.35083;-1.62446141;-2.79413533;-2.87341523;-4.04646063;296;294;294;296;295;296;2.22829986;18.5422382;-0.0190740675;0.0851975083;0.0330617204;-0.170395017;0.000915555574;0.890808403;0.000650696282;-0.00108317425;0.0;0.00158495060;0.0;100;3;#T1;#P_FREE
2025-11-27 14:14:25.733;{E6AXIS: A1 -9.10004520, A2 -139.927795, A3 153.728378, A4 -0.739100039, A5 11.8348293, A6 9.39366913, E1 0.0, E2 0.0, E3 0.0, E4 0.0, E5 0.0, E6 0.0};;-293.824066;-3407.18457;-0.382225782;-2.27023101;-2.28700399;-4.89617538;296;294;294;296;295;296;2.23334908;18.7111;-0.0140250502;0.0851975083;-0.0279753;-0.0902839229;0.0;0.508728266;0.000975748349;0.000270916818;0.000280047447;0.00126784504;0.0;100;3;#T1;#P_FREE
2025-11-27 14:14:25.982;{E6AXIS: A1 -9.10004520, A2 -140.043213, A3 153.728378, A4 -0.739100039, A5 11.8348293, A6 9.39366913, E1 0.0, E2 0.0, E3 0.0, E4 0.0, E5 0.0, E6 0.0};;-294.860565;-3416.38330;-9.17342854;-3.20160460;-1.46602833;-3.11573243;296;294;294;296;295;296;2.20025;20.0552616;-0.0476851724;0.0699382499;-0.0216172785;-0.118259221;0.000610555522;0.0750733614;0.0;-0.000541587127;0.000280047447;0.00158495060;0.0;100;3;#T1;#P_FREE
2025-11-27 14:14:26.223;{E6AXIS: A1 -9.10004520, A2 -140.057297, A3 153.728378, A4 -0.739100039, A5 11.8348293, A6 9.39366913, E1 0.0, E2 0.0, E3 0.0, E4 0.0, E5 0.0, E6 0.0};;-294.190521;-3715.84668;-9.93788;-3.02697015;-1.40738738;-3.39897108;296;294;294;296;295;296;2.21483588;20.6706810;-0.0359041281;0.0546789952;0.0114444410;-0.132246882;-0.000915555574;0.00183111185;-0.000650400238;-0.000541833637;0.0;0.0;0.0;100;3;#T1;#P_FREE
2025-11-27 14:14:26.496;{E6AXIS: A1 -9.10004520, A2 -140.057297, A3 153.728378, A4 -0.739100039, A5 11.8348293, A6 9.39366913, E1 0.0, E2 0.0, E3 0.0, E4 0.0, E5 0.0, E6 0.0};;-293.821136;-3799.65869;-2.96225190;-2.27022696;1.29010487;-4.57241869;295;294;294;296;295;296;2.21876287;20.9730587;-0.0364651307;0.0457777642;0.0114444410;-0.0686666444;0.000915555574;0.000610278;0.0;0.000270916818;0.000279792614;0.000316817;0.0;100;3;#T1;#P_FREE
2025-11-27 14:14:26.723;{E6AXIS: A1 -9.10004520, A2 -140.057297, A3 153.728378, A4 -0.739100039, A5 11.8348293, A6 9.39366913, E1 0.0, E2 0.0, E3 0.0, E4 0.0, E5 0.0, E6 0.0};;-291.880280;-3821.10596;-5.16005278;-2.38664842;-1.58331072;-3.68221068;295;294;294;296;295;296;2.24849606;21.0880661;-0.00729302643;0.0610370189;-0.0114444410;-0.139876500;0.000305000;0.0;-0.000975748349;0.000270916818;0.0;0.00190205616;0.0;100;3;#T1;#P_FREE
2025-11-27 14:14:26.969;{E6AXIS: A1 -9.10004520, A2 -140.057297, A3 153.728378, A4 -0.739100039, A5 11.8348293, A6 9.39366913, E1 0.0, E2 0.0, E3 0.0, E4 0.0, E5 0.0, E6 0.0};;-294.071808;-3826.44385;-2.58002496;-1.39706242;-0.527770460;-3.76313663;295;295;294;296;295;296;2.20810390;21.1133099;-0.00448801601;0.0851975083;-0.0368765332;-0.0940987393;0.000915555574;0.000915555924;0.0;0.000270916818;0.0;0.000633922522;0.0;100;3;#T1;#P_FREE
2025-11-27 14:14:27.196;{E6AXIS: A1 -9.10004520, A2 -140.057297, A3 153.728378, A4 -0.739100039, A5 11.8348293, A6 9.39366913, E1 0.0, E2 0.0, E3 0.0, E4 0.0, E5 0.0, E6 0.0};;-292.456726;-3823.32056;0.477782905;-3.31802297;-0.820976;-4.37009382;295;295;294;296;295;296;2.24120307;21.0695515;-0.0269280970;0.0470493697;0.0114444410;-0.137333289;-0.000610555522;0.000305277907;0.000325348141;-0.000270670309;0.0;-0.00126813364;0.0;100;3;#T1;#P_FREE
2025-11-27 14:14:27.431;{E6AXIS: A1 -9.10004520, A2 -140.057297, A3 153.728378, A4 -0.739100039, A5 11.8348293, A6 9.39366913, E1 0.0, E2 0.0, E3 0.0, E4 0.0, E5 0.0, E6 0.0};;-295.810852;-3813.45581;-7.26229763;-2.91054654;-0.293206036;-1.41623318;295;295;294;296;295;296;2.24456906;21.0274773;-0.0314161107;0.0623086244;-0.0101728365;-0.0699382499;-0.000305000;0.000305277907;0.000650696282;-0.000270670309;-0.000280047447;-0.000633922522;0.0;100;3;#T1;#P_FREE
2025-11-27 14:14:27.664;{E6AXIS: A1 -9.10004520, A2 -140.057297, A3 153.728378, A4 -0.739100039, A5 11.8348293, A6 9.39366913, E1 0.0, E2 0.0, E3 0.0, E4 0.0, E5 0.0, E6 0.0};;-296.262970;-3807.39014;-5.44672251;-3.26055765;-2.58021;-0.768812478;295;295;294;295;295;296;2.22212887;20.9775486;-0.0448801629;0.0737530664;0.0241604857;-0.105543181;0.0;-0.000610278;0.000975748349;0.000541587127;0.0;0.0;0.0;100;3;#T1;#P_FREE
2025-11-27 14:14:27.907;{E6AXIS: A1 -9.10004520, A2 -140.057297, A3 153.728378, A4 -0.739100039, A5 11.8348293, A6 9.39366913, E1 0.0, E2 0.0, E3 0.0, E4 0.0, E5 0.0, E6 0.0};;-298.643982;-3796.29297;-3.82226229;-3.43584561;0.703693151;-3.27756929;295;295;294;295;295;296;2.23895907;20.9029350;-0.0246840883;0.0419629514;0.0178024638;-0.0851975083;0.000915555574;0.0;0.0;0.000541587127;-0.000560094893;-0.000633922522;0.0;100;3;#T1;#P_FREE
2025-11-27 14:14:28.137;{E6AXIS: A1 -9.10004520, A2 -140.057297, A3 153.728378, A4 -0.739100039, A5 11.8348293, A6 9.39366913, E1 0.0, E2 0.0, E3 0.0, E4 0.0, E5 0.0, E6 0.0};;-297.234222;-3786.36206;-5.16005373;-2.27136159;0.175923273;-2.87293053;295;295;294;295;295;296;2.21876287;20.8703957;-0.0437581576;0.0915555283;0.0139876502;-0.0851975083;-0.000305000;0.0;0.000650400238;0.000270916818;0.000280047447;-0.00158495060;0.0;100;3;#T1;#P_FREE
2025-11-27 14:14:28.372;{E6AXIS: A1 -9.10004520, A2 -140.057297, A3 153.728378, A4 -0.739100039, A5 11.8348293, A6 9.39366913, E1 0.0, E2 0.0, E3 0.0, E4 0.0, E5 0.0, E6 0.0};;-298.869843;-3775.95679;-1.72001827;-3.20337296;1.46602809;-2.42782927;295;295;294;295;295;296;2.24176407;20.8064423;-0.0140250502;0.0584938079;0.0114444410;-0.198370308;0.000305000;0.000305277907;0.0;0.0;0.0;-0.000951028080;0.0;100;3;#T1;#P_FREE
2025-11-27 14:14:28.610;{E6AXIS: A1 -9.10004520, A2 -140.057297, A3 153.728378, A4 -0.739100039, A5 11.8348293, A6 9.39366913, E1 0.0, E2 0.0, E3 0.0, E4 0.0, E5 0.0, E6 0.0};;-298.201721;-3766.77563;-3.08319841E-07;-1.68910110;-0.234564453;-2.54921985;295;295;294;295;295;296;2.24569106;20.7660503;-0.0162690580;0.0584938079;0.0610370189;-0.0699382499;0.000915555574;0.0;0.0;0.000270670309;0.0;0.000317105529;0.0;100;3;#T1;#P_FREE
2025-11-27 14:14:28.848;{E6AXIS: A1 -9.10004520, A2 -140.057297, A3 153.728378, A4 -0.739100039, A5 11.8348293, A6 9.39366913, E1 0.0, E2 0.0, E3 0.0, E4 0.0, E5 0.0, E6 0.0};;-297.161865;-3759.41479;-2.67558312;-2.44632483;-2.52156901;-2.71107578;295;295;294;295;295;296;2.21820188;20.7020969;-0.0426361524;0.0546789952;0.0165308602;-0.138604894;-0.000610555522;0.000915555924;-0.000325348141;0.000541587127;0.0;0.000633922522;0.0;100;3;#T1;#P_FREE
2025-11-27 14:14:29.084;{E6AXIS: A1 -9.10004520, A2 -140.057297, A3 153.728378, A4 -0.739100039, A5 11.8348293, A6 9.39366913, E1 0.0, E2 0.0, E3 0.0, E4 0.0, E5 0.0, E6 0.0};;-298.350830;-3753.57031;-6.88007;-3.78601193;-2.58021;-4.57241106;295;295;294;295;295;296;2.28271723;20.6645088;0.00336601213;0.0597654134;0.0445061587;-0.110629596;-0.000305277761;-0.000610278;0.000325052097;0.000541587127;0.0;0.000633922522;0.0;100;3;#T1;#P_FREE
2025-11-27 14:14:29.316;{E6AXIS: A1 -9.10004520, A2 -140.057297, A3 153.728378, A4 -0.739100039, A5 11.8348293, A6 9.39366913, E1 0.0, E2 0.0, E3 0.0, E4 0.0, E5 0.0, E6 0.0};;-297.905151;-3739.26904;-2.77113914;-1.74739873;1.11418128;-3.27756906;295;295;294;295;295;296;2.24120307;20.6274834;-0.0207570754;0.0521357879;0.00762962736;-0.0953703448;0.000305000;0.0;0.0;-0.000270916818;-0.000280047447;0.0;0.0;100;3;#T1;#P_FREE
2025-11-27 14:14:29.547;{E6AXIS: A1 -9.10004520, A2 -140.057297, A3 153.728378, A4 -0.739100039, A5 11.8348293, A6 9.39366913, E1 0.0, E2 0.0, E3 0.0, E4 0.0, E5 0.0, E6 0.0};;-296.047760;-3736.65015;-5.06449699;-2.03863764;-0.703693628;-3.52035189;295;295;294;295;295;296;2.24288607;20.5663338;-0.0589052103;0.0712098554;0.0152592547;-0.0737530664;-0.000915555574;0.0;-0.000325052097;0.000270916818;0.0;-0.000317105529;0.0;100;3;#T1;#P_FREE
2025-11-27 14:14:29.802;{E6AXIS: A1 -9.10004520, A2 -140.057297, A3 153.728378, A4 -0.739100039, A5 11.8348293, A6 9.39366913, E1 0.0, E2 0.0, E3 0.0, E4 0.0, E5 0.0, E6 0.0};;-297.756622;-3726.07544;-667.719666;-5.06747866;-0.351846844;-2.83246684;295;295;294;295;295;296;2.23952;20.5410881;-5.12643623;0.0686666444;0.0394197404;-0.151320949;0.0;-0.000305000111;-0.00195149670;0.000270916818;0.0;0.00190205616;0.0;100;7;#T1;#P_FREE
2025-11-27 14:14:30.038;{E6AXIS: A1 -9.10004520, A2 -140.057297, A3 153.744720, A4 -0.739100039, A5 11.8348293, A6 9.39366913, E1 0.0, E2 0.0, E3 0.0, E4 0.0, E5 0.0, E6 0.0};;-296.122131;-3565.55518;-103.773926;-2.73760581;-2.16972184;-3.19664121;295;295;294;295;295;296;2.23278785;19.2945423;-1.59100163;0.0801110864;0.0610370189;-0.153864145;-0.000610555522;-0.000305277907;0.637469172;0.000541833637;0.000559840060;0.00126813364;0.0;100;7;#T1;#P_FREE
2025-11-27 14:14:30.272;{E6AXIS: A1 -9.10004520, A2 -140.057297, A3 153.970657, A4 -0.739100039, A5 11.8348293, A6 9.39366913, E1 0.0, E2 0.0, E3 0.0, E4 0.0, E5 0.0, E6 0.0};;-297.236603;-3209.01807;-571.540100;-2.97059441;-2.46292758;-3.80429411;295;295;294;295;295;295;2.24681306;17.0841942;-3.30991197;0.0686666444;-0.0305185094;-0.139876500;0.0;-0.000610278;2.31635523;0.0;0.000559840060;0.00221916172;0.0;100;7;#T1;#P_FREE
2025-11-27 14:14:30.509;{E6AXIS: A1 -9.10004520, A2 -140.057297, A3 154.746094, A4 -0.739100039, A5 11.8348293, A6 9.39366913, E1 0.0, E2 0.0, E3 0.0, E4 0.0, E5 0.0, E6 0.0};;-296.122192;-2761.73242;-570.967102;-2.32987881;-0.762335181;-3.11689210;295;295;294;295;295;295;2.25298405;17.0847549;-3.32954717;0.0343333222;-0.00127160456;-0.0928271338;-0.000915555574;0.0;4.50977;0.000270670309;-0.000839887478;-0.00221916172;0.0;100;7;#T1;#P_FREE
2025-11-27 14:14:30.743;{E6AXIS: A1 -9.10004520, A2 -140.057297, A3 155.913742, A4 -0.739100039, A5 11.8348293, A6 9.39366913, E1 0.0, E2 0.0, E3 0.0, E4 0.0, E5 0.0, E6 0.0};;-300.208527;-3172.41211;-637.443909;-2.73760796;-0.410487950;-2.26707530;295;295;294;295;295;295;2.22549486;19.1599;-7.27619600;0.0483209714;0.0139876502;-0.0775678754;-0.000915555574;0.0350952893;3.80074787;0.000541587127;-0.00111968012;0.0;0.0;100;7;#T1;#P_FREE
2025-11-27 14:14:31.008;{E6AXIS: A1 -9.10004520, A2 -140.057297, A3 156.807526, A4 -0.739100039, A5 11.8348293, A6 9.39366913, E1 0.0, E2 0.0, E3 0.0, E4 0.0, E5 0.0, E6 0.0};;-294.339050;-3183.58716;-934.480957;-3.14533710;-1.64195180;-4.93930387;295;294;294;295;295;295;2.23447108;18.3369122;-6.61028719;0.0788394809;0.0381481349;-0.230160430;0.000305000;0.0;0.0182132777;-0.000270916818;-0.000279792614;-0.000317105529;0.0;100;7;#T1;#P_FREE
2025-11-27 14:14:31.240;{E6AXIS: A1 -9.10004520, A2 -140.057297, A3 156.807846, A4 -0.739100039, A5 11.8348293, A6 9.39366913, E1 0.0, E2 0.0, E3 0.0, E4 0.0, E5 0.0, E6 0.0};;-296.790802;-3051.55200;-1335.46057;-3.08709025;-1.52466953;-2.42924094;295;294;295;295;295;295;2.24625206;16.4244556;-8.02513313;0.0597654134;0.0165308602;-0.166580200;0.00122055551;-0.00183111185;-0.00260189688;0.0;0.0;0.000951028080;0.0;100;7;#T1;#P_FREE
2025-11-27 14:14:31.473;{E6AXIS: A1 -9.10004520, A2 -140.057297, A3 156.807968, A4 -0.739100039, A5 11.8348293, A6 9.39366913, E1 0.0, E2 0.0, E3 0.0, E4 0.0, E5 0.0, E6 0.0};;-297.831;-2845.51392;-1273.78162;-3.08709025;-0.527770460;-3.56294537;295;294;295;296;295;295;2.26925325;15.3136711;-5.50006390;0.0292469040;0.0317901149;-0.0839259;0.000610555522;-0.00305166794;0.132047236;0.0;-0.000839887478;-0.00126813364;0.0;100;7;#T1;#P_FREE
2025-11-27 14:14:31.708;{E6AXIS: A1 -9.10004520, A2 -140.057297, A3 156.885056, A4 -0.739100039, A5 11.8348293, A6 9.39366913, E1 0.0, E2 0.0, E3 0.0, E4 0.0, E5 0.0, E6 0.0};;-295.676392;-2661.89795;-655.752747;-2.85333085;-1.58331072;-2.71272326;295;294;295;296;295;295;2.25354505;14.4317760;-4.74719906;0.0559506;-0.00254320912;-0.143691316;0.00122055551;-0.00274666771;1.26843381;0.0;-0.000279792614;-0.000633922522;0.0;100;7;#T1;#P_FREE
2025-11-27 14:14:31.946;{E6AXIS: A1 -9.10004520, A2 -140.057297, A3 157.335876, A4 -0.739100039, A5 11.8348293, A6 9.39366913, E1 0.0, E2 0.0, E3 0.0, E4 0.0, E5 0.0, E6 0.0};;-294.859161;-2529.01563;-592.324280;-3.14400339;-3.22472882;-3.56299734;295;294;295;296;296;295;2.23727608;13.7226696;-3.44847918;0.0686666444;0.0267036967;-0.104271576;0.000305000;-0.00244138972;3.82384;0.0;-0.00167977496;0.000316817;0.0;100;7;#T1;#P_FREE
2025-11-27 14:14:32.194;{E6AXIS: A1 -9.10004520, A2 -140.057297, A3 158.124695, A4 -0.739100039, A5 11.8348293, A6 9.39366913, E1 0.0, E2 0.0, E3 0.0, E4 0.0, E5 0.0, E6 0.0};;-302.883118;-3857.56885;-1233.64343;-2.79441381;-2.52061534;-2.34814763;295;294;295;296;296;296;2.24961805;17.8954029;-6.61084795;0.0508641824;0.0279753;-0.0534073934;-0.000305277761;0.000610278;-0.0595185794;0.000270670309;-0.000279792614;0.0;0.0;100;7;#T1;#P_FREE
2025-11-27 14:14:32.428;{E6AXIS: A1 -9.10004520, A2 -140.057297, A3 158.132324, A4 -0.739100039, A5 11.8348293, A6 9.39366913, E1 0.0, E2 0.0, E3 0.0, E4 0.0, E5 0.0, E6 0.0};;-298.351074;-3225.99438;-1096.33777;-2.96892738;-1.93421698;-3.84518909;295;294;295;296;296;296;2.22829986;17.6906376;-5.95110941;0.0851975083;0.0368765332;-0.118259221;-0.000610555522;0.0;0.0227666721;0.000541587127;-0.00111993495;0.000317105529;0.0;100;7;#T1;#P_FREE
2025-11-27 14:14:32.658;{E6AXIS: A1 -9.10004520, A2 -140.057297, A3 158.170456, A4 -0.739100039, A5 11.8348293, A6 9.39366913, E1 0.0, E2 0.0, E3 0.0, E4 0.0, E5 0.0, E6 0.0};;-296.122162;-3002.97583;-921.314697;-2.38672447;-0.468873501;-5.42303753;295;294;295;296;296;296;2.23503208;16.1332970;-4.87903452;0.0534073934;0.0279753;-0.0368765332;-0.000305000;-0.00122083374;0.792283416;0.0;0.0;-0.000634211057;0.0;100;7;#T1;#P_FREE
2025-11-27 14:14:32.895;{E6AXIS: A1 -9.10004520, A2 -140.057297, A3 158.494247, A4 -0.739100039, A5 11.8348293, A6 9.39366913, E1 0.0, E2 0.0, E3 0.0, E4 0.0, E5 0.0, E6 0.0};;-293.893280;-2679.77661;-680.662;-2.91059780;-3.16479111;-2.75178695;295;295;295;296;296;296;2.23334908;14.4048481;-3.75646949;0.0648518354;-0.00381481368;-0.0521357879;0.0;-0.00396750169;2.95577598;0.0;0.0;0.00126813364;0.0;100;7;#T1;#P_FREE
2025-11-27 14:14:33.129;{E6AXIS: A1 -9.10004520, A2 -140.057297, A3 159.390335, A4 -0.739100039, A5 11.8348293, A6 9.39366913, E1 0.0, E2 0.0, E3 0.0, E4 0.0, E5 0.0, E6 0.0};;-295.824982;-2893.25952;-652.790344;-3.37626719;-3.69218898;-1.74003196;295;295;295;296;296;296;2.25691104;16.2191296;-3.80191064;0.0343333222;0.0139876502;-0.0851975083;0.000915555574;0.000610555813;4.50944471;-0.000541587127;0.00223987;-0.00158495060;0.0;100;7;#T1;#P_FREE
2025-11-27 14:14:33.382;{E6AXIS: A1 -9.10004520, A2 -140.057297, A3 160.452042, A4 -0.739100039, A5 11.8348293, A6 9.39366913, E1 0.0, E2 0.0, E3 0.0, E4 0.0, E5 0.0, E6 0.0};;-301.025635;-3950.13135;-1246.60803;-3.43446279;-0.937688708;-3.43951535;295;295;294;296;296;296;2.24232507;17.2665195;-6.07340765;0.0368765332;0.00381481368;-0.0991851538;0.0;0.00335694570;0.199697152;0.0;0.0;-0.000317105529;0.0;100;7;#T1;#P_FREE
2025-11-27 14:14:33.617;{E6AXIS: A1 -9.10004520, A2 -140.057297, A3 160.486038, A4 -0.739100039, A5 11.8348293, A6 9.39366913, E1 0.0, E2 0.0, E3 0.0, E4 0.0, E5 0.0, E6 0.0};;-298.351074;-3194.93921;-1314.02368;-3.26040411;-1.99257779;-4.12736845;295;295;294;295;296;296;2.24569106;17.2794228;-7.89105463;0.0864691138;0.0139876502;-0.0940987393;0.000610555522;-0.000305277907;-0.00227654888;-0.000270916818;0.0;-0.000317105529;0.0;100;7;#T1;#P_FREE
2025-11-27 14:14:33.868;{E6AXIS: A1 -9.10004520, A2 -140.057297, A3 160.510925, A4 -0.739100039, A5 11.8348293, A6 9.39366913, E1 0.0, E2 0.0, E3 0.0, E4 0.0, E5 0.0, E6 0.0};;-295.602081;-2851.48853;-876.737;-3.14461422;-3.28214765;-3.27759457;295;295;294;295;295;296;2.21259212;15.2424250;-4.40498781;0.0584938079;0.0241604857;-0.120802432;0.000610555522;-0.00579833565;0.761385381;0.0;-0.000839887478;0.000633922522;0.0;100;7;#T1;#P_FREE
2025-11-27 14:14:34.105;{E6AXIS: A1 -9.10004520, A2 -140.057297, A3 160.784149, A4 -0.739100039, A5 11.8348293, A6 9.39366913, E1 0.0, E2 0.0, E3 0.0, E4 0.0, E5 0.0, E6 0.0};;-294.859131;-2592.35132;-719.533;-2.38782024;-0.175872803;-4.28918314;295;295;294;295;295;296;2.22661710;14.0149517;-3.94777131;0.0381481349;0.0457777642;-0.0813826919;-0.000305000;-0.00366194593;2.58142519;0.0;0.00139998237;0.0;0.0;100;7;#T1;#P_FREE
2025-11-27 14:14:34.332;{E6AXIS: A1 -9.10004520, A2 -140.057297, A3 161.582779, A4 -0.739100039, A5 11.8348293, A6 9.39366913, E1 0.0, E2 0.0, E3 0.0, E4 0.0, E5 0.0, E6 0.0};;-298.276703;-2963.55908;-526.820;-2.27146769;-0.117262378;-3.52117944;295;295;294;295;295;295;2.25578904;15.7809868;-4.16319609;0.0572222061;-0.00127160456;-0.129703671;0.000305277761;0.000610278;4.51302242;0.0;-0.00223987;0.000951028080;0.0;100;7;#T1;#P_FREE
2025-11-27 14:14:34.566;{E6AXIS: A1 -9.10004520, A2 -140.057297, A3 162.772202, A4 -0.739100039, A5 11.8348293, A6 9.39366913, E1 0.0, E2 0.0, E3 0.0, E4 0.0, E5 0.0, E6 0.0};;-295.973511;-3101.82642;-619.286194;-3.26169944;-1.34861898;-2.79313374;295;295;294;295;295;295;2.28103423;20.8580551;-4.00331;0.0445061587;0.00508641824;-0.0813826919;0.000915555574;-0.00122055598;3.78969;0.000541587127;0.000839887478;0.0;0.0;100;7;#T1;#P_FREE
2025-11-27 14:14:34.814;{E6AXIS: A1 -9.10004520, A2 -140.057297, A3 163.511093, A4 -0.739100039, A5 11.8348293, A6 9.39366913, E1 0.0, E2 0.0, E3 0.0, E4 0.0, E5 0.0, E6 0.0};;-296.419403;-3373.43677;-1332.86414;-2.97053337;1.29004097;-3.76504278;295;295;294;295;295;295;2.22156787;18.2802505;-7.43888712;0.0686666444;-0.0127160456;-0.0851975083;-0.000915555574;-0.000305277907;-0.0302473102;0.0;0.0;0.000951028080;0.0;100;7;#T1;#P_FREE
2025-11-27 14:14:35.059;{E6AXIS: A1 -9.10004520, A2 -140.057297, A3 163.511093, A4 -0.739100039, A5 11.8348293, A6 9.39366913, E1 0.0, E2 0.0, E3 0.0, E4 0.0, E5 0.0, E6 0.0};;-293.967499;-3118.60547;-1292.82373;-3.37828565;-2.05238390;-3.84620380;295;295;294;295;295;295;2.25298405;16.5304852;-5.87761831;0.0648518354;0.0279753;-0.0457777642;0.0;0.0;0.147333562;0.000270916818;0.0;-0.000633922522;0.0;100;7;#T1;#P_FREE
2025-11-27 14:14:35.299;{E6AXIS: A1 -9.10004520, A2 -140.057297, A3 163.579086, A4 -0.739100039, A5 11.8348293, A6 9.39366913, E1 0.0, E2 0.0, E3 0.0, E4 0.0, E5 0.0, E6 0.0};;-292.853027;-2736.58350;-796.248535;-3.37830377;-1.11416507;-4.29167700;295;295;294;295;295;295;2.21427488;14.7498655;-4.80834866;0.0534073934;0.0139876502;-0.0940987393;0.000305000;-0.00457750168;1.13378465;-0.000270916818;-0.00111993495;-0.00158495060;0.0;100;7;#T1;#P_FREE
2025-11-27 14:14:35.540;{E6AXIS: A1 -9.10004520, A2 -140.057297, A3 163.985733, A4 -0.739100039, A5 11.8348293, A6 9.39366913, E1 0.0, E2 0.0, E3 0.0, E4 0.0, E5 0.0, E6 0.0};;-293.596;-2550.86353;-645.656433;-2.21337771;-0.117281646;-3.84637260;295;295;294;295;295;295;2.22381210;13.8853607;-3.56572866;0.0572222061;0.0139876502;-0.133518472;-0.000915555574;-0.00244138972;3.13660908;0.000270916818;-0.00167977496;0.000633922522;0.0;100;7;#T1;#P_FREE
2025-11-27 14:14:35.776;{E6AXIS: A1 -9.10004520, A2 -140.057297, A3 164.880859, A4 -0.739100039, A5 11.8348293, A6 9.39366913, E1 0.0, E2 0.0, E3 0.0, E4 0.0, E5 0.0, E6 0.0};;-294.859;-2918.33911;-744.211731;-3.37831879;1.11417615;-2.63175058;295;295;294;295;295;295;2.22661710;16.4199677;-4.13795090;0.0648518354;0.0292469040;-0.160222173;-0.000915555574;0.0;3.47258115;0.0;0.000839887478;-0.000317105529;0.0;100;7;#T1;#P_FREE
2025-11-27 14:14:36.012;{E6AXIS: A1 -9.10004520, A2 -140.057297, A3 165.771118, A4 -0.739100039, A5 11.8348293, A6 9.39366913, E1 0.0, E2 0.0, E3 0.0, E4 0.0, E5 0.0, E6 0.0};;-291.887207;-3239.75098;-900.979614;-3.08708715;-2.40428114;-3.92739940;295;295;294;295;295;295;2.23952;20.0698471;-6.71519423;0.0673950389;0.0330617204;-0.0966419429;-0.000915555574;0.0;1.93647563;0.0;0.000839887478;-0.000317105529;0.0;100;7;#T1;#P_FREE
2025-11-27 14:14:36.268;{E6AXIS: A1 -9.10004520, A2 -140.057297, A3 166.172256, A4 -0.739100039, A5 11.8348293, A6 9.39366913, E1 0.0, E2 0.0, E3 0.0, E4 0.0, E5 0.0, E6 0.0};;-293.298828;-3454.89282;-1071.24414;-3.20358229;-1.40738535;-2.67225814;295;295;294;295;295;295;2.21764088;18.9944057;-6.64338636;0.0483209714;0.0152592547;-0.0953703448;-0.000915555574;0.0;-0.0104075875;0.0;0.0;0.000316817;0.0;100;7;#T1;#P_FREE
2025-11-27 14:14:36.509;{E6AXIS: A1 -9.10004520, A2 -140.057297, A3 166.172256, A4 -0.739100039, A5 11.8348293, A6 9.39366913, E1 0.0, E2 0.0, E3 0.0, E4 0.0, E5 0.0, E6 0.0};;-295.230621;-3406.54175;-1179.33777;-1.28143334;-0.586411119;-2.79372835;295;295;294;295;295;295;2.24737406;18.6953926;-6.99232912;0.0762962699;-0.00127160456;-0.0928271338;0.0;-0.000915555924;-0.000650400238;0.0;0.0;0.000633922522;0.0;100;7;#T1;#P_FREE
2025-11-27 14:14:36.752;{E6AXIS: A1 -9.10004520, A2 -140.057297, A3 166.172256, A4 -0.739100039, A5 11.8348293, A6 9.39366913, E1 0.0, E2 0.0, E3 0.0, E4 0.0, E5 0.0, E6 0.0};;-297.830902;-3359.18286;-1216.82324;-3.20358372;-1.99379802;-3.60350704;295;295;294;295;295;295;2.23334908;18.4362106;-7.18419170;0.0851975083;0.0317901149;-0.0991851538;0.0;-0.000305277907;-0.000650696282;0.0;0.0;-0.000317105529;0.0;100;7;#T1;#P_FREE
2025-11-27 14:14:36.995;{E6AXIS: A1 -9.10004520, A2 -140.057297, A3 166.172256, A4 -0.739100039, A5 11.8348293, A6 9.39366913, E1 0.0, E2 0.0, E3 0.0, E4 0.0, E5 0.0, E6 0.0};;-298.276794;-3310.59521;-1241.14380;-2.79585505;-2.81477404;-3.88693047;295;295;294;295;295;295;2.19912791;18.1899300;-7.33397913;0.0495925769;0.0241604857;-0.0877407119;0.000305000;-0.000610278;0.0;-0.000270916818;0.0;-0.000634211057;0.0;100;7;#T1;#P_FREE
2025-11-27 14:14:37.239;{E6AXIS: A1 -9.10004520, A2 -140.057297, A3 166.172256, A4 -0.739100039, A5 11.8348293, A6 9.39366913, E1 0.0, E2 0.0, E3 0.0, E4 0.0, E5 0.0, E6 0.0};;-292.853119;-3265.82983;-1261.22314;-2.91234922;-3.22526217;-1.41711009;295;295;295;295;295;295;2.22156787;17.9402828;-7.41812944;0.0419629514;0.00127160456;-0.0915555283;0.0;0.0;0.000650696282;0.0;-0.000280047447;-0.00253597856;0.0;100;7;#T1;#P_FREE
2025-11-27 14:14:37.480;{E6AXIS: A1 -9.10004520, A2 -140.057297, A3 166.172256, A4 -0.739100039, A5 11.8348293, A6 9.39366913, E1 0.0, E2 0.0, E3 0.0, E4 0.0, E5 0.0, E6 0.0};;-296.419281;-3233.28223;-1270.36084;-4.13553572;-1.05554020;-3.88693166;295;295;295;295;295;295;2.24344707;17.7304688;-7.46862;0.0851975083;-0.00127160456;-0.169123411;0.0;0.000610278;-0.000650400238;0.000270916818;0.0;-0.000634211057;0.0;100;7;#T1;#P_FREE
2025-11-27 14:14:37.718;{E6AXIS: A1 -9.10004520, A2 -140.057297, A3 166.172256, A4 -0.739100039, A5 11.8348293, A6 9.39366913, E1 0.0, E2 0.0, E3 0.0, E4 0.0, E5 0.0, E6 0.0};;-293.076019;-3200.01929;-1279.44336;-4.25203;-0.117282636;-5.99235392;295;295;295;295;295;295;2.23054409;17.5509491;-7.52415895;0.0521357879;0.0483209714;-0.129703671;0.000610555522;0.0;-0.000325348141;-0.000270670309;0.000280047447;0.0;0.0;100;7;#T1;#P_FREE
2025-11-27 14:14:37.971;{E6AXIS: A1 -9.10004520, A2 -140.057297, A3 166.170578, A4 -0.739100039, A5 11.8348293, A6 9.39366913, E1 0.0, E2 0.0, E3 0.0, E4 0.0, E5 0.0, E6 0.0};;-295.750671;-3166.34473;-1612.62781;-3.26183128;-0.762179315;-3.80595446;295;295;295;295;296;295;2.21988511;17.7450562;-9.91851521;0.0521357879;0.0419629514;-0.0495925769;0.0;0.0;-0.232871696;0.000270670309;0.000280047447;-0.000633922522;0.0;100;7;#T1;#P_FREE
2025-11-27 14:14:38.213;{E6AXIS: A1 -9.10004520, A2 -140.057297, A3 166.079407, A4 -0.739100039, A5 11.8348293, A6 9.39366913, E1 0.0, E2 0.0, E3 0.0, E4 0.0, E5 0.0, E6 0.0};;-293.521759;-3363.32397;-1676.90417;-3.26183128;-0.410329;-3.56302118;295;295;295;295;296;295;2.22886086;18.8350811;-9.04615784;0.0699382499;0.0635802299;-0.108086385;0.000915555574;0.000610278;-1.14094;0.000270670309;0.000279792614;0.00190176757;0.0;100;7;#T1;#P_FREE
2025-11-27 14:14:38.447;{E6AXIS: A1 -9.10004520, A2 -140.057297, A3 165.694199, A4 -0.739100039, A5 11.8348293, A6 9.39366913, E1 0.0, E2 0.0, E3 0.0, E4 0.0, E5 0.0, E6 0.0};;-293.447449;-3716.00439;-1680.77112;-2.85410237;-1.46530676;-2.91519928;295;295;295;295;296;295;2.25298405;21.1329460;-10.4890547;0.0864691138;0.0241604857;-0.142419711;0.000305000;-0.00335694570;-3.15157;-0.000541587127;0.00139998237;0.00158495060;0.0;100;7;#T1;#P_FREE
2025-11-27 14:14:38.687;{E6AXIS: A1 -9.10004520, A2 -140.057297, A3 164.814392, A4 -0.739100039, A5 11.8348293, A6 9.39366913, E1 0.0, E2 0.0, E3 0.0, E4 0.0, E5 0.0, E6 0.0};;-291.270508;-3654.65649;-1664.67065;-2.38812661;1.28939652;-3.15813279;294;295;295;295;296;295;2.25635;20.2039280;-9.90561295;0.0610370189;0.00254320912;-0.0724814609;-0.000305000;-0.00396722369;-3.86839795;0.000270916818;-0.00195982237;0.000633922522;0.0;100;7;#T1;#P_FREE
2025-11-27 14:14:38.949;{E6AXIS: A1 -9.10004520, A2 -140.057297, A3 163.988800, A4 -0.739100039, A5 11.8348293, A6 9.39366913, E1 0.0, E2 0.0, E3 0.0, E4 0.0, E5 0.0, E6 0.0};;-289.979370;-2666.47559;-1437.58875;-3.55306578;-2.40288472;-5.02062130;294;295;295;295;296;295;2.22605586;17.2973747;-6.71687698;0.0483209714;0.0279753;-0.118259221;0.0;0.0;0.00748063857;0.0;0.000280047447;0.000951028080;0.0;100;7;#T1;#P_FREE
2025-11-27 14:14:39.183;{E6AXIS: A1 -9.10004520, A2 -140.057297, A3 163.986282, A4 -0.739100039, A5 11.8348293, A6 9.39366913, E1 0.0, E2 0.0, E3 0.0, E4 0.0, E5 0.0, E6 0.0};;-291.339386;-3198.09814;-1014.33331;-3.61131334;-1.46515012;-4.77768803;294;295;294;295;296;295;2.22212887;17.6956863;-6.01338053;0.0623086244;0.0267036967;-0.0991851538;-0.000915555574;0.000610278;0.0;-0.000270916818;0.0;-0.000951028080;0.0;100;7;#T1;#P_FREE
2025-11-27 14:14:39.436;{E6AXIS: A1 -9.10004520, A2 -140.057297, A3 163.983826, A4 -0.739100039, A5 11.8348293, A6 9.39366913, E1 0.0, E2 0.0, E3 0.0, E4 0.0, E5 0.0, E6 0.0};;-296.332489;-3330.29492;-1399.16248;-3.08709025;-0.293027401;-4.04888773;294;295;294;295;296;295;2.17107773;18.6533165;-8.79875565;0.0686666444;0.00762962736;-0.0584938079;0.0;0.0;-0.261817604;-0.000270916818;0.000839887478;0.0;0.0;100;7;#T1;#P_FREE
2025-11-27 14:14:39.674;{E6AXIS: A1 -9.10004520, A2 -140.057297, A3 163.855270, A4 -0.739100039, A5 11.8348293, A6 9.39366913, E1 0.0, E2 0.0, E3 0.0, E4 0.0, E5 0.0, E6 0.0};;-293.588806;-3641.35571;-1596.47546;-2.91170621;-2.46141720;-4.08937693;294;295;294;296;296;295;2.22717810;20.5910168;-9.06915855;0.0623086244;-0.00508641824;-0.142419711;-0.000305277761;0.00152583397;-1.67660928;-0.000270916818;0.000560094893;-0.00158495060;0.0;100;7;#T1;#P_FREE
2025-11-27 14:14:39.917;{E6AXIS: A1 -9.10004520, A2 -140.057297, A3 163.265381, A4 -0.739100039, A5 11.8348293, A6 9.39366913, E1 0.0, E2 0.0, E3 0.0, E4 0.0, E5 0.0, E6 0.0};;-297.383545;-3996.63281;-1759.12158;-2.56183839;-2.22699046;-2.55079937;294;295;294;296;296;295;2.22942185;22.2353153;-10.7605791;0.0902839229;0.0572222061;-0.139876500;0.000915555574;-0.00488277944;-4.23331642;0.0;0.00111993495;0.000634211057;0.0;100;7;#T1;#P_FREE
2025-11-27 14:14:40.156;{E6AXIS: A1 -9.10004520, A2 -140.057297, A3 162.116638, A4 -0.739100039, A5 11.8348293, A6 9.39366913, E1 0.0, E2 0.0, E3 0.0, E4 0.0, E5 0.0, E6 0.0};;-293.148529;-3519.16309;-1693.61023;-3.20198274;-0.468839616;-3.84644389;294;295;294;296;296;296;2.23503208;19.0852890;-9.81080341;0.0750246719;0.0445061587;-0.110629596;0.0;0.0;-4.49611;0.0;0.00167977496;0.00221887301;0.0;100;7;#T1;#P_FREE
2025-11-27 14:14:40.400;{E6AXIS: A1 -9.10004520, A2 -140.057297, A3 160.886887, A4 -0.739100039, A5 11.8348293, A6 9.39366913, E1 0.0, E2 0.0, E3 0.0, E4 0.0, E5 0.0, E6 0.0};;-296.940674;-3282.40356;-1700.21924;-3.95859885;-0.820468545;-4.41206789;294;295;294;296;296;296;2.25242305;17.8381824;-9.89383125;0.0788394809;0.0457777642;-0.127160460;0.0;-0.000610278;-4.49188185;0.000541587127;-0.000280047447;-0.00285308412;0.0;100;7;#T1;#P_FREE
2025-11-27 14:14:40.637;{E6AXIS: A1 -9.10004520, A2 -140.057297, A3 159.677277, A4 -0.739100039, A5 11.8348293, A6 9.39366913, E1 0.0, E2 0.0, E3 0.0, E4 0.0, E5 0.0, E6 0.0};;-296.677948;-3083.08179;-1695.57617;-3.66741920;-2.10977530;-3.60196185;295;295;294;296;296;296;2.21764088;16.7459106;-9.96171284;0.0381481349;0.00635802280;-0.151320949;0.0;-0.000610278;-4.51529884;0.0;-0.00167977496;0.000317105529;0.0;100;7;#T1;#P_FREE
2025-11-27 14:14:40.877;{E6AXIS: A1 -9.10004520, A2 -140.057297, A3 158.467682, A4 -0.739100039, A5 11.8348293, A6 9.39366913, E1 0.0, E2 0.0, E3 0.0, E4 0.0, E5 0.0, E6 0.0};;-294.398804;-2917.52686;-1677.21265;-3.31808782;0.351628959;-3.92539787;295;295;294;296;296;296;2.22886086;15.8567219;-9.98471355;0.0508641824;0.0;-0.0775678754;0.000305000;-0.000915555924;-4.50391579;0.000541587127;-0.00167952024;0.000951028080;0.0;100;7;#T1;#P_FREE
2025-11-27 14:14:41.114;{E6AXIS: A1 -9.10004520, A2 -140.057297, A3 157.278244, A4 -0.739100039, A5 11.8348293, A6 9.39366913, E1 0.0, E2 0.0, E3 0.0, E4 0.0, E5 0.0, E6 0.0};;-294.817780;-2794.28271;-1677.78992;-3.49269342;-0.0586047880;-5.58432293;295;295;294;296;296;296;2.23391;15.2474728;-9.85456085;0.0534073934;0.0432345569;-0.166580200;0.000305277761;-0.000915555924;-4.49448395;-0.000541587127;0.00167952024;0.000951028080;0.0;100;7;#T1;#P_FREE
2025-11-27 14:14:41.347;{E6AXIS: A1 -9.10004520, A2 -140.057297, A3 156.108963, A4 -0.739100039, A5 11.8348293, A6 9.39366913, E1 0.0, E2 0.0, E3 0.0, E4 0.0, E5 0.0, E6 0.0};;-294.728973;-2723.49536;-1663.41528;-3.02698612;-1.58233047;-6.39348507;295;295;294;296;296;296;2.22942185;14.8990917;-9.84895134;0.0597654134;0.0381481349;-0.101728365;-0.000915555574;-0.000610555813;-4.49448395;0.0;0.00167977496;-0.00158495060;0.0;100;7;#T1;#P_FREE
2025-11-27 14:14:41.586;{E6AXIS: A1 -9.10004520, A2 -140.057297, A3 154.899353, A4 -0.739100039, A5 11.8348293, A6 9.39366913, E1 0.0, E2 0.0, E3 0.0, E4 0.0, E5 0.0, E6 0.0};;-296.503784;-2687.78564;-1730.44446;-3.26020288;-1.69954038;-5.86735535;295;295;294;295;296;296;2.21651912;14.7380848;-10.0587654;0.0597654134;0.0521357879;-0.137333289;-0.000305000;0.0;-4.50098848;0.0;0.00195982237;-0.00285308412;0.0;100;7;#T1;#P_FREE
2025-11-27 14:14:41.816;{E6AXIS: A1 -9.10004520, A2 -140.057297, A3 153.750244, A4 -0.739100039, A5 11.8348293, A6 9.39366913, E1 0.0, E2 0.0, E3 0.0, E4 0.0, E5 0.0, E6 0.0};;-295.384827;-2671.55078;-1696.07703;-3.95969248;-2.75442696;-2.58970881;295;295;294;295;295;296;2.22044611;14.6690798;-10.3100948;0.0699382499;0.0648518354;-0.0750246719;0.0;-0.000915555924;-4.51237202;0.000541587127;0.00167977496;-0.00126784504;0.0;100;7;#T1;#P_FREE
2025-11-27 14:14:42.055;{E6AXIS: A1 -9.10004520, A2 -140.057297, A3 152.540634, A4 -0.739100039, A5 11.8348293, A6 9.39366913, E1 0.0, E2 0.0, E3 0.0, E4 0.0, E5 0.0, E6 0.0};;-297.016846;-2665.56396;-1703.78979;-3.14485860;-0.879309773;-4.41057968;295;295;294;295;295;296;2.22773910;14.6427135;-9.86690331;0.0635802299;0.0165308602;-0.102999970;0.0;0.0;-4.50228930;0.000270670309;-0.00111993495;-0.000316817;0.0;100;7;#T1;#P_FREE
2025-11-27 14:14:42.292;{E6AXIS: A1 -9.10004520, A2 -140.057297, A3 151.331039, A4 -0.739100039, A5 11.8348293, A6 9.39366913, E1 0.0, E2 0.0, E3 0.0, E4 0.0, E5 0.0, E6 0.0};;-292.929077;-2664.34692;-1683.70166;-3.31980157;-3.16601563;-3.07583618;295;295;294;295;295;295;2.23278785;14.6825447;-9.95105362;0.0839259;0.0457777642;-0.0623086244;0.000610555522;0.0;-4.48765373;-0.000270916818;-0.00251940778;0.000317105529;0.0;100;7;#T1;#P_FREE
2025-11-27 14:14:42.535;{E6AXIS: A1 -9.10004520, A2 -140.057297, A3 150.121445, A4 -0.739100039, A5 11.8348293, A6 9.39366913, E1 0.0, E2 0.0, E3 0.0, E4 0.0, E5 0.0, E6 0.0};;-298.872070;-2664.24561;-1693.12537;-2.85397220;-1.52451026;-4.37177181;295;295;294;295;295;295;2.22212887;14.6724463;-10.0178127;0.0686666444;0.0216172785;-0.134790078;0.000610555522;-0.000610278;-4.48960495;0.0;0.00139972754;0.00380411232;0.0;100;7;#T1;#P_FREE
2025-11-27 14:14:42.766;{E6AXIS: A1 -9.10004520, A2 -140.057297, A3 148.952164, A4 -0.739100039, A5 11.8348293, A6 9.39366913, E1 0.0, E2 0.0, E3 0.0, E4 0.0, E5 0.0, E6 0.0};;-292.705;-2671.04419;-1721.21277;-1.04841912;-1.93504453;-5.70818472;295;295;294;295;295;295;2.20978689;14.6847887;-9.89271;0.0572222061;0.00254320912;-0.130975276;0.000305000;0.0;-4.51139641;0.000541587127;0.00195982237;0.000951028080;0.0;100;7;#T1;#P_FREE
2025-11-27 14:14:43.008;{E6AXIS: A1 -9.10004520, A2 -140.057297, A3 147.742554, A4 -0.739100039, A5 11.8348293, A6 9.39366913, E1 0.0, E2 0.0, E3 0.0, E4 0.0, E5 0.0, E6 0.0};;-294.265;-2673.27612;-1715.78650;-3.26178575;-0.762310684;-3.31985021;295;295;294;295;295;295;2.21090889;14.6948872;-10.0935478;0.0572222061;0.0495925769;-0.0572222061;0.000610555522;-0.000305000111;-4.50749302;-0.000541587127;-0.000839887478;0.000633922522;0.0;100;7;#T1;#P_FREE
2025-11-27 14:14:43.246;{E6AXIS: A1 -9.10004520, A2 -140.057297, A3 146.532959, A4 -0.739100039, A5 11.8348293, A6 9.39366913, E1 0.0, E2 0.0, E3 0.0, E4 0.0, E5 0.0, E6 0.0};;-293.373291;-2672.56616;-1697.60181;-2.44635463;-2.69744444;-3.64385676;295;295;294;295;295;295;2.24176407;14.6954479;-9.88541603;0.0737530664;0.00508641824;-0.151320949;0.0;0.0;-4.50066328;0.000270670309;-0.000280047447;0.00253597856;0.0;100;7;#T1;#P_FREE
2025-11-27 14:14:43.484;{E6AXIS: A1 -9.10004520, A2 -140.057297, A3 145.343521, A4 -0.739100039, A5 11.8348293, A6 9.39366913, E1 0.0, E2 0.0, E3 0.0, E4 0.0, E5 0.0, E6 0.0};;-295.230621;-2675.40674;-1701.50586;-3.78603816;-0.0586405136;-5.18246508;295;295;294;295;295;295;2.18846893;14.7229376;-10.2382870;0.0546789952;0.0470493697;-0.111901201;-0.000610555522;-0.000305277907;-4.52277946;0.0;-0.00195982237;-0.00190205616;0.0;100;7;#T1;#P_FREE
2025-11-27 14:14:43.722;{E6AXIS: A1 -9.10004520, A2 -140.057297, A3 144.053299, A4 -0.739100039, A5 11.8348293, A6 9.39366913, E1 0.0, E2 0.0, E3 0.0, E4 0.0, E5 0.0, E6 0.0};;-290.252686;-2145.06348;-995.570801;-3.43656468;-2.58019686;-3.80591154;295;295;294;295;295;295;2.20754290;12.9670010;-6.54689360;0.0902839229;0.0114444410;-0.158950567;0.000305000;0.000610278;-2.59671187;-0.000812503917;-0.00139972754;0.00190205616;0.0;100;7;#T1;#P_FREE
2025-11-27 14:14:43.976;{E6AXIS: A1 -9.10004520, A2 -140.057297, A3 143.582535, A4 -0.739100039, A5 11.8348293, A6 9.39366913, E1 0.0, E2 0.0, E3 0.0, E4 0.0, E5 0.0, E6 0.0};;-291.590;-3252.18530;-1269.56348;-2.79585195;-0.351846039;-5.02059;295;295;294;295;295;295;2.22156787;18.5815086;-7.28068447;0.0826543;0.0813826919;-0.124617249;0.000305000;0.000915555924;0.00617954228;0.0;0.0;-0.00126784504;0.0;100;7;#T1;#P_FREE
2025-11-27 14:14:44.203;{E6AXIS: A1 -9.10004520, A2 -140.057297, A3 143.582535, A4 -0.739100039, A5 11.8348293, A6 9.39366913, E1 0.0, E2 0.0, E3 0.0, E4 0.0, E5 0.0, E6 0.0};;-295.082031;-3616.06104;-1177.90723;-2.67935967;-0.527769387;-3.11763287;295;295;294;295;295;295;2.19407892;20.3116379;-6.85712767;0.0584938079;0.0508641824;-0.172938228;-0.000915555574;0.00518805766;0.000975452305;0.0;0.0;-0.00190205616;0.0;100;7;#T1;#P_FREE
2025-11-27 14:14:44.441;{E6AXIS: A1 -9.10004520, A2 -140.057297, A3 143.582535, A4 -0.739100039, A5 11.8348293, A6 9.39366913, E1 0.0, E2 0.0, E3 0.0, E4 0.0, E5 0.0, E6 0.0};;-294.264740;-3790.00;-1123.62634;-2.91234803;-0.762334049;-2.34835076;295;295;294;295;295;295;2.20361590;21.0487957;-6.57045555;0.0699382499;0.0356049277;-0.0801110864;-0.000915555574;0.00274666771;0.000325348141;0.000270670309;0.0;-0.000316817;0.0;100;7;#T1;#P_FREE
2025-11-27 14:14:44.686;{E6AXIS: A1 -9.10004520, A2 -140.057297, A3 143.582535, A4 -0.739100039, A5 11.8348293, A6 9.39366913, E1 0.0, E2 0.0, E3 0.0, E4 0.0, E5 0.0, E6 0.0};;-294.166595;-3853.69019;-1091.28271;-3.02884269;-2.46292639;-4.21083927;294;295;294;295;295;295;2.24232507;21.2849789;-6.38364172;0.0648518354;0.0139876502;-0.0966419429;0.000305277761;0.0;0.000650696282;-0.000541587127;0.0;0.00221887301;0.0;100;7;#T1;#P_FREE
2025-11-27 14:14:44.925;{E6AXIS: A1 -9.10004520, A2 -140.057297, A3 143.582535, A4 -0.739100039, A5 11.8348293, A6 9.39366913, E1 0.0, E2 0.0, E3 0.0, E4 0.0, E5 0.0, E6 0.0};;-294.880524;-3869.17920;-1071.34070;-3.20358396;-2.05243921;-3.23910880;294;295;294;295;295;295;2.22156787;21.3652;-6.27424622;0.0597654134;0.0445061587;-0.115716018;0.000305000;0.000610555813;0.000325348141;-0.000812503917;0.0;-0.00190205616;0.0;100;7;#T1;#P_FREE
2025-11-27 14:14:45.161;{E6AXIS: A1 -9.10004520, A2 -140.057297, A3 143.582535, A4 -0.739100039, A5 11.8348293, A6 9.39366913, E1 0.0, E2 0.0, E3 0.0, E4 0.0, E5 0.0, E6 0.0};;-293.492584;-3866.96606;-1059.12708;-2.38812613;-0.879617;-2.63177657;294;295;294;295;295;295;2.23727608;21.3433228;-6.20019436;0.0508641824;0.0368765332;-0.108086385;0.000610555522;0.000610278;0.0;0.0;0.0;-0.000951028080;0.0;100;7;#T1;#P_FREE
2025-11-27 14:14:45.411;{E6AXIS: A1 -9.10004520, A2 -140.057297, A3 143.566193, A4 -0.739100039, A5 11.8348293, A6 9.39366913, E1 0.0, E2 0.0, E3 0.0, E4 0.0, E5 0.0, E6 0.0};;-293.060638;-3967.99902;-1581.99109;-2.73760819;0.0586410761;-5.14208698;294;295;294;295;295;295;2.23110509;22.0546722;-9.50169086;0.0356049277;-0.00762962736;-0.133518472;-0.000305000;0.00518777966;-0.684954345;0.0;-0.00111968012;0.000316817;0.0;100;7;#T1;#P_FREE
2025-11-27 14:14:45.660;{E6AXIS: A1 -9.10004520, A2 -140.057297, A3 143.309296, A4 -0.739100039, A5 11.8348293, A6 9.39366913, E1 0.0, E2 0.0, E3 0.0, E4 0.0, E5 0.0, E6 0.0};;-297.379395;-4070.34326;-1669.60950;-2.50414062;-1.23146379;-2.63177633;294;295;294;296;295;295;2.21315289;22.6022091;-10.2427750;0.0673950389;0.0343333222;-0.104271576;-0.000305277761;0.00488277944;-2.58044982;0.000270916818;0.000839887478;0.0;0.0;100;7;#T1;#P_FREE
2025-11-27 14:14:45.899;{E6AXIS: A1 -9.10004520, A2 -140.057297, A3 142.485794, A4 -0.739100039, A5 11.8348293, A6 9.39366913, E1 0.0, E2 0.0, E3 0.0, E4 0.0, E5 0.0, E6 0.0};;-293.963867;-3507.46094;-1789.27;-3.37702370;-2.34543228;-3.44155431;294;295;294;296;296;295;2.21651912;19.6109467;-10.0054712;0.0635802299;0.0228888821;-0.204728335;0.0;0.0;-4.52245426;0.000270916818;-0.00139972754;-0.000951028080;0.0;100;7;#T1;#P_FREE
2025-11-27 14:14:46.135;{E6AXIS: A1 -9.10004520, A2 -140.057297, A3 141.296371, A4 -0.739100039, A5 11.8348293, A6 9.39366913, E1 0.0, E2 0.0, E3 0.0, E4 0.0, E5 0.0, E6 0.0};;-293.891632;-3156.33105;-1660.18201;-3.14379668;-1.58279204;-3.96791053;294;295;294;296;296;296;2.21203089;16.8238888;-9.84614658;0.0597654134;0.00890123192;-0.162765384;-0.000915555574;-0.00152583397;-4.48862934;0.0;-0.00195956766;0.00253597856;0.0;100;7;#T1;#P_FREE
2025-11-27 14:14:46.374;{E6AXIS: A1 -9.10004520, A2 -140.057297, A3 140.086777, A4 -0.739100039, A5 11.8348293, A6 9.39366913, E1 0.0, E2 0.0, E3 0.0, E4 0.0, E5 0.0, E6 0.0};;-293.446838;-2820.54126;-1680.27295;-2.27038860;-0.703371525;-3.60260344;294;295;294;296;296;296;2.23222685;15.3002081;-9.85231686;0.0801110864;0.0699382499;-0.128432065;0.0;-0.00305166794;-4.49708557;0.0;0.00223961519;0.000316817;0.0;100;7;#T1;#P_FREE
2025-11-27 14:14:46.608;{E6AXIS: A1 -9.10004520, A2 -140.057297, A3 138.917496, A4 -0.739100039, A5 11.8348293, A6 9.39366913, E1 0.0, E2 0.0, E3 0.0, E4 0.0, E5 0.0, E6 0.0};;-293.493500;-2711.22070;-1679.03552;-4.13313913;-0.761931241;-4.37098074;295;295;294;296;296;296;2.22325110;14.8250389;-9.73955631;0.0406913459;0.0292469040;-0.0635802299;-0.000915555574;-0.000610278;-4.48993;-0.000270916818;0.00251966249;0.000634211057;0.0;100;7;#T1;#P_FREE
2025-11-27 14:14:46.843;{E6AXIS: A1 -9.10004520, A2 -140.057297, A3 137.728058, A4 -0.739100039, A5 11.8348293, A6 9.39366913, E1 0.0, E2 0.0, E3 0.0, E4 0.0, E5 0.0, E6 0.0};;-292.994476;-2659.27295;-1634.94556;-3.25988245;-2.81316900;-4.93713570;295;295;294;296;296;296;2.20137191;14.5916624;-10.0077152;0.0813826919;-0.0178024638;-0.0775678754;0.0;-0.000915555924;-4.49741077;0.0;0.00111993495;0.000951028080;0.0;100;7;#T1;#P_FREE
2025-11-27 14:14:47.082;{E6AXIS: A1 -9.10004520, A2 -140.057297, A3 136.518448, A4 -0.739100039, A5 11.8348293, A6 9.39366913, E1 0.0, E2 0.0, E3 0.0, E4 0.0, E5 0.0, E6 0.0};;-292.518219;-2644.55884;-1659.41980;-3.84196758;-0.937702775;-5.13922310;295;295;294;296;296;296;2.21034789;14.5372448;-9.51122761;0.0991851538;0.0216172785;-0.118259221;-0.000305277761;-0.000610278;-4.50879431;0.000541587127;-0.000559840060;-0.00221887301;0.0;100;7;#T1;#P_FREE
2025-11-27 14:14:47.321;{E6AXIS: A1 -9.10004520, A2 -140.057297, A3 135.308853, A4 -0.739100039, A5 11.8348293, A6 9.39366913, E1 0.0, E2 0.0, E3 0.0, E4 0.0, E5 0.0, E6 0.0};;-291.832916;-2644.65967;-1658.16455;-4.83153868;-1.58235419;-4.93675327;295;295;295;296;296;296;2.22661710;14.5243425;-9.80182743;0.0457777642;0.0216172785;-0.0851975083;0.000610555522;0.000305000111;-4.48960543;0.000541587127;-0.00223987;0.000633922522;0.0;100;7;#T1;#P_FREE
2025-11-27 14:14:47.564;{E6AXIS: A1 -9.10004520, A2 -140.057297, A3 134.099258, A4 -0.739100039, A5 11.8348293, A6 9.39366913, E1 0.0, E2 0.0, E3 0.0, E4 0.0, E5 0.0, E6 0.0};;-295.093048;-2641.10840;-1629.07104;-2.96900725;0.293026298;-4.73435402;295;295;295;295;296;296;2.19912791;14.5394888;-9.41137;0.0788394809;0.0368765332;-0.130975276;0.0;0.0;-4.49025536;0.0;0.0;0.00158495060;0.0;100;7;#T1;#P_FREE
2025-11-27 14:14:47.799;{E6AXIS: A1 -9.10004520, A2 -140.057297, A3 132.909805, A4 -0.739100039, A5 11.8348293, A6 9.39366913, E1 0.0, E2 0.0, E3 0.0, E4 0.0, E5 0.0, E6 0.0};;-297.317017;-2646.08057;-1656.02075;-3.90139508;-2.59544422E-08;-1.41624832;295;295;295;295;296;296;2.23503208;14.5316343;-9.56564522;0.0546789952;0.0216172785;-0.146234527;-0.000610555522;0.0;-4.49480915;-0.000541587127;0.00251966249;0.000633922522;0.0;100;7;#T1;#P_FREE
2025-11-27 14:14:48.038;{E6AXIS: A1 -9.10004520, A2 -140.057297, A3 131.700211, A4 -0.739100039, A5 11.8348293, A6 9.39366913, E1 0.0, E2 0.0, E3 0.0, E4 0.0, E5 0.0, E6 0.0};;-297.611420;-2642.73193;-1626.79517;-3.08659101;-0.644813895;-3.39897943;295;295;295;295;295;296;2.22269;14.5350008;-9.68008900;0.0851975083;0.0203456730;-0.0877407119;-0.000610555522;0.000305277907;-4.50521660;0.000541587127;0.00111968012;-0.00126784504;0.0;100;7;#T1;#P_FREE
2025-11-27 14:14:48.279;{E6AXIS: A1 -9.10004520, A2 -140.057297, A3 130.490616, A4 -0.739100039, A5 11.8348293, A6 9.39366913, E1 0.0, E2 0.0, E3 0.0, E4 0.0, E5 0.0, E6 0.0};;-292.854919;-2645.06567;-1616.84143;-2.50440097;-0.644924819;-2.06366062;295;295;295;295;295;296;2.20754290;14.5383673;-9.66045475;0.0457777642;0.0432345569;-0.180567846;-0.000610555522;0.0;-4.50456619;-0.000270670309;-0.00195982237;0.000633922522;0.0;100;7;#T1;#P_FREE
2025-11-27 14:14:48.524;{E6AXIS: A1 -9.10004520, A2 -140.057297, A3 129.260849, A4 -0.739100039, A5 11.8348293, A6 9.39366913, E1 0.0, E2 0.0, E3 0.0, E4 0.0, E5 0.0, E6 0.0};;-294.191467;-2643.13794;-1604.34326;-2.73747706;-2.22811937;-3.52035785;295;295;295;295;295;296;2.21932411;14.5265865;-9.21838474;0.0699382499;0.0101728365;-0.144962922;-0.00122055551;0.0;-4.48277521;-0.000270916818;-0.00167977496;0.00221916172;0.0;100;7;#T1;#P_FREE
2025-11-27 14:14:48.765;{E6AXIS: A1 -9.10004520, A2 -140.057297, A3 128.051254, A4 -0.739100039, A5 11.8348293, A6 9.39366913, E1 0.0, E2 0.0, E3 0.0, E4 0.0, E5 0.0, E6 0.0};;-294.413910;-2639.78857;-1604.51611;-2.56280017;-1.11411500;-2.79200602;295;295;295;295;295;296;2.21371388;14.4934864;-9.40800381;0.0559506;0.0190740675;-0.125888854;0.000915555574;0.0;-4.51334763;-0.000270916818;0.00167977496;0.00221887301;0.0;100;7;#T1;#P_FREE
2025-11-27 14:14:49.012;{E6AXIS: A1 -9.10004520, A2 -140.057297, A3 126.801331, A4 -0.739100039, A5 11.8348293, A6 9.39366913, E1 0.0, E2 0.0, E3 0.0, E4 0.0, E5 0.0, E6 0.0};;-294.636505;-2632.07568;-1590.22937;-3.37827778;-0.0586392768;-3.15617919;295;295;295;295;295;296;2.18566370;14.4710464;-9.29917;0.0788394809;0.0305185094;-0.100456759;0.0;0.0;-4.48927975;0.000541587127;0.0;-0.00126784504;0.0;100;7;#T1;#P_FREE
2025-11-27 14:14:49.275;{E6AXIS: A1 -9.10004520, A2 -140.057297, A3 125.632172, A4 -0.739100039, A5 11.8348293, A6 9.39366913, E1 0.0, E2 0.0, E3 0.0, E4 0.0, E5 0.0, E6 0.0};;-293.521881;-2165.92847;-1151.99451;-2.91232824;-1.34872401;-3.11571479;295;295;295;295;295;296;2.22998309;12.6029100;-8.03691483;0.0661234409;-0.0152592547;-0.111901201;0.0;0.0616455786;-0.399394;-0.000270916818;0.000559840060;0.000317105529;0.0;100;7;#T1;#P_FREE
2025-11-27 14:14:49.511;{E6AXIS: A1 -9.10004520, A2 -140.057297, A3 125.564499, A4 -0.739100039, A5 11.8348293, A6 9.39366913, E1 0.0, E2 0.0, E3 0.0, E4 0.0, E5 0.0, E6 0.0};;-291.961548;-3459.33179;-1099.26794;-3.72779202;-1.52465546;-3.19664145;295;295;295;295;295;296;2.22605586;19.5503597;-6.45376730;0.0673950389;0.0559506;-0.142419711;0.0;0.0149536170;-0.00130109652;0.0;0.0;0.000317105529;0.0;100;7;#T1;#P_FREE
2025-11-27 14:14:49.755;{E6AXIS: A1 -9.10004520, A2 -140.057297, A3 125.564499, A4 -0.739100039, A5 11.8348293, A6 9.39366913, E1 0.0, E2 0.0, E3 0.0, E4 0.0, E5 0.0, E6 0.0};;-292.778870;-3684.37671;-1039.66821;-2.91234279;-2.99068308;-3.23710513;295;295;295;295;295;296;2.21427488;20.3694229;-6.03694296;0.0686666444;0.0216172785;-0.0737530664;0.000915555574;0.000610278;0.0;-0.000541587127;0.000280047447;0.0;0.0;100;7;#T1;#P_FREE
2025-11-27 14:14:49.999;{E6AXIS: A1 -9.10004520, A2 -140.057297, A3 125.564499, A4 -0.739100039, A5 11.8348293, A6 9.39366913, E1 0.0, E2 0.0, E3 0.0, E4 0.0, E5 0.0, E6 0.0};;-295.007721;-3769.97095;-998.658813;-3.61130905;2.11107469;-3.39895940;295;295;295;295;295;296;2.22605586;20.8720798;-5.83722591;0.0584938079;0.0495925769;-0.0623086244;-0.000305277761;0.00183111185;-0.000325052097;0.000270670309;0.0;-0.000317105529;0.0;100;7;#T1;#P_FREE
2025-11-27 14:14:50.246;{E6AXIS: A1 -9.10004520, A2 -140.057297, A3 125.564499, A4 -0.739100039, A5 11.8348293, A6 9.39366913, E1 0.0, E2 0.0, E3 0.0, E4 0.0, E5 0.0, E6 0.0};;-293.001648;-3807.10864;-973.955322;-3.55306387;-1.11418;-3.07558036;295;295;295;295;295;295;2.22493386;20.9820366;-5.68743849;0.0813826919;0.0483209714;-0.0877407119;0.000305000;0.00122055598;-0.000325348141;0.000270670309;0.0;0.00126813364;0.0;100;7;#T1;#P_FREE
2025-11-27 14:14:50.491;{E6AXIS: A1 -9.10004520, A2 -140.057297, A3 125.564499, A4 -0.739100039, A5 11.8348293, A6 9.39366913, E1 0.0, E2 0.0, E3 0.0, E4 0.0, E5 0.0, E6 0.0};;-291.069916;-3810.83081;-954.687378;-3.43657112;-1.29010391;-3.56202292;295;295;295;295;295;295;2.19464;21.0314045;-5.58028698;0.0635802299;-0.0267036967;-0.111901201;0.0;0.000305277907;-0.000325348141;0.000270916818;0.000559840060;-0.00126813364;0.0;100;7;#T1;#P_FREE
2025-11-27 14:14:50.720;{E6AXIS: A1 -9.10004520, A2 -140.057297, A3 125.564499, A4 -0.739100039, A5 11.8348293, A6 9.39366913, E1 0.0, E2 0.0, E3 0.0, E4 0.0, E5 0.0, E6 0.0};;-293.967621;-3812.03906;-943.813660;-2.38812613;-2.05243874;-3.03618646;295;295;295;295;295;295;2.22156787;20.9910126;-5.54213905;0.0864691138;-0.0127160456;-0.146234527;0.0;0.0;0.000325348141;-0.000541587127;0.0;-0.000633922522;0.0;100;7;#T1;#P_FREE
2025-11-27 14:14:50.955;{E6AXIS: A1 -9.10004520, A2 -140.057297, A3 125.564499, A4 -0.739100039, A5 11.8348293, A6 9.39366913, E1 0.0, E2 0.0, E3 0.0, E4 0.0, E5 0.0, E6 0.0};;-293.224548;-3797.85034;-927.692383;-2.85410213;0.234564915;-3.36028695;295;295;295;295;295;295;2.21876287;20.9242535;-5.45406151;0.0801110864;0.0228888821;-0.101728365;-0.000305000;-0.000610278;0.0;0.0;0.0;-0.00126813364;0.0;100;7;#T1;#P_FREE
2025-11-27 14:14:51.189;{E6AXIS: A1 -9.10004520, A2 -140.057297, A3 125.564499, A4 -0.739100039, A5 11.8348293, A6 9.39366913, E1 0.0, E2 0.0, E3 0.0, E4 0.0, E5 0.0, E6 0.0};;-293.967529;-3787.68579;-919.011597;-2.85410213;-0.938258290;-2.06483412;295;295;295;295;295;295;2.18846893;20.8905945;-5.39122915;0.0356049277;0.0;-0.157678962;-0.000915555574;0.000610278;0.0;-0.000812503917;0.0;0.000633922522;0.0;100;7;#T1;#P_FREE
2025-11-27 14:14:51.448;{E6AXIS: A1 -9.10004520, A2 -140.057297, A3 125.564499, A4 -0.739100039, A5 11.8348293, A6 9.39366913, E1 0.0, E2 0.0, E3 0.0, E4 0.0, E5 0.0, E6 0.0};;-294.264709;-3780.03613;-912.715454;-3.02884293;-16.2435760;-1.66000330;295;295;295;295;295;295;2.18566370;20.8243942;-5.35308123;-0.199641913;0.386567771;-0.0572222061;-0.00152583327;0.000305000111;0.0;-0.0403532945;0.0;0.000951028080;0.0;100;63;#T1;#P_FREE
2025-11-27 14:14:51.694;{E6AXIS: A1 -9.10004520, A2 -140.057297, A3 125.564499, A4 -0.626638949, A5 11.8348293, A6 9.39366913, E1 0.0, E2 0.0, E3 0.0, E4 0.0, E5 0.0, E6 0.0};;-17.0181961;-3771.68188;-911.380;210.084427;-12.0214243;4.81811094;295;295;295;296;295;295;-0.141933516;20.7783928;-5.34915400;-3.83515954;0.133518472;0.214901164;-0.00854500;0.000305000111;0.000325052097;-1.64526975;-0.0221163575;0.0114120478;0.0;100;63;#T1;#P_FREE
2025-11-27 14:14:51.940;{E6AXIS: A1 -9.10004520, A2 -140.057297, A3 125.564499, A4 0.353485525, A5 11.8348293, A6 9.39366913, E1 0.0, E2 0.0, E3 0.0, E4 0.0, E5 0.0, E6 0.0};;-5.35070133;-3760.60864;-937.040344;175.471390;28.1476765;25.7506428;295;295;295;296;295;295;1.16800618;20.7138786;-5.39571714;-3.16120911;-0.376394957;0.970234275;0.0;0.000305277907;0.0;-4.18534946;-0.0624296851;0.0278960541;0.0;100;63;#T1;#P_FREE
2025-11-27 14:14:52.186;{E6AXIS: A1 -9.10004520, A2 -140.057297, A3 125.564499, A4 2.21502566, A5 11.8348293, A6 9.39366913, E1 0.0, E2 0.0, E3 0.0, E4 0.0, E5 0.0, E6 0.0};;-189.274734;-3742.58789;-913.478821;131.682358;8.56160259;29.3946724;295;295;295;296;295;295;1.48721635;20.6235561;-5.33849525;-2.92850518;-0.354777664;0.723543048;0.0;0.0;0.000650400238;-4.19916201;-0.0565507263;0.0332851149;0.0;100;63;#T1;#P_FREE
2025-11-27 14:14:52.427;{E6AXIS: A1 -9.10004520, A2 -140.057297, A3 125.564499, A4 4.01934576, A5 11.8348293, A6 9.39366913, E1 0.0, E2 0.0, E3 0.0, E4 0.0, E5 0.0, E6 0.0};;-220.929276;-3733.22363;-908.613342;149.195343;3.40118551;4.89914322;295;295;295;296;295;295;1.70432401;20.5309906;-5.32559204;-3.21715951;-0.284839422;0.232703641;0.0;0.0;0.000650696282;-4.20295334;-0.0529113822;0.0250429697;0.0;100;63;#T1;#P_FREE
2025-11-27 14:14:52.667;{E6AXIS: A1 -9.10004520, A2 -140.057297, A3 125.564499, A4 5.82366562, A5 11.8348293, A6 9.39366913, E1 0.0, E2 0.0, E3 0.0, E4 0.0, E5 0.0, E6 0.0};;-242.774658;-3710.86719;-902.889282;150.878952;13.0183268;22.4712429;295;295;295;296;295;295;1.86869764;20.4423523;-5.31044483;-3.34177685;-0.214901164;0.839259;0.0;-0.000305277907;0.0;-4.19997454;-0.0534712225;0.0278960541;0.0;100;63;#T1;#P_FREE
2025-11-27 14:14:52.912;{E6AXIS: A1 -9.10004520, A2 -140.057297, A3 125.564499, A4 7.68812943, A5 11.8348293, A6 9.39366913, E1 0.0, E2 0.0, E3 0.0, E4 0.0, E5 0.0, E6 0.0};;-265.659637;-3690.42041;-898.978088;140.516556;27.6785622;19.9609680;295;295;295;296;295;295;2.03755927;20.3178101;-5.27005291;-2.90053;-0.385296196;0.367493719;-0.000610277755;0.0;0.0;-4.19157887;-0.0587903410;0.0263111033;0.0;100;63;#T1;#P_FREE
2025-11-27 14:14:53.150;{E6AXIS: A1 -9.10004520, A2 -140.057297, A3 125.564499, A4 9.46237755, A5 11.8348293, A6 9.39366913, E1 0.0, E2 0.0, E3 0.0, E4 0.0, E5 0.0, E6 0.0};;-282.079834;-3674.70703;-896.211731;126.139076;15.5398884;-7.16652966;295;295;295;296;295;295;2.14302754;20.2050495;-5.25939369;-2.89035726;-0.478123307;-0.344604850;0.000610277755;0.000305277907;0.000650400238;-4.19807863;-0.0559908859;0.0209220406;0.0;100;63;#T1;#P_FREE
2025-11-27 14:14:53.392;{E6AXIS: A1 -9.10004520, A2 -140.057297, A3 125.564499, A4 11.2967701, A5 11.8348293, A6 9.39366913, E1 0.0, E2 0.0, E3 0.0, E4 0.0, E5 0.0, E6 0.0};;-291.590057;-3646.59741;-891.750244;143.482971;-1.75923347;1.66004419;295;295;294;296;295;295;2.21764088;20.0737743;-5.22966099;-3.04803610;-0.0152592547;0.307728291;-0.000305277761;0.000915555924;0.000325348141;-4.19022465;-0.0517914481;0.0288470816;0.0;100;63;#T1;#P_FREE
2025-11-27 14:14:53.634;{E6AXIS: A1 -9.10004520, A2 -140.057297, A3 125.564499, A4 13.1010895, A5 11.8348293, A6 9.39366913, E1 0.0, E2 0.0, E3 0.0, E4 0.0, E5 0.0, E6 0.0};;-305.111969;-3625.83765;-891.721375;149.442459;24.1601048;34.7392349;295;295;294;295;295;295;2.32310939;19.9391327;-5.22180700;-2.94503617;-0.153864145;1.33137;-0.000915555574;-0.000305000111;0.000325348141;-4.20376587;-0.0562709346;0.0326509066;0.0;100;63;#T1;#P_FREE
2025-11-27 14:14:53.882;{E6AXIS: A1 -9.10004520, A2 -140.057297, A3 125.564499, A4 14.9655533, A5 11.8348293, A6 9.39366913, E1 0.0, E2 0.0, E3 0.0, E4 0.0, E5 0.0, E6 0.0};;-309.198303;-3600.84058;-891.523682;136.315918;22.9872894;26.6820774;295;295;294;295;295;295;2.33320737;19.7904682;-5.20385456;-3.17392492;-0.342061639;0.605283797;0.0;0.0;0.000325348141;-4.20430756;-0.0599100217;0.0221901741;0.0;100;63;#T1;#P_FREE
2025-11-27 14:14:54.124;{E6AXIS: A1 -9.10004520, A2 -140.057297, A3 125.564499, A4 16.7999458, A5 11.8348293, A6 9.39366913, E1 0.0, E2 0.0, E3 0.0, E4 0.0, E5 0.0, E6 0.0};;-313.358826;-3570.59570;-883.170227;136.680466;12.6664772;3.72497725;295;295;294;295;295;295;2.37808752;19.6502171;-5.21731853;-3.07092500;-0.446333230;0.165308595;0.0;0.0;0.0;-4.19699526;-0.0559906326;0.0196541958;0.0;100;63;#T1;#P_FREE
2025-11-27 14:14:54.359;{E6AXIS: A1 -9.10004520, A2 -140.057297, A3 125.564499, A4 18.5441208, A5 11.8348293, A6 9.39366913, E1 0.0, E2 0.0, E3 0.0, E4 0.0, E5 0.0, E6 0.0};;-319.450958;-3548.10913;-885.390564;141.638657;6.86101198;15.4667368;295;295;294;295;295;295;2.41230845;19.5464325;-5.19936657;-2.98572755;-0.286111027;0.513728261;-0.000610277755;0.0;0.000325348141;-4.19049501;-0.0529113822;0.0291638989;0.0;100;63;#T1;#P_FREE
2025-11-27 14:14:54.603;{E6AXIS: A1 -9.10004520, A2 -140.057297, A3 125.564499, A4 20.3785133, A5 11.8348293, A6 9.39366913, E1 0.0, E2 0.0, E3 0.0, E4 0.0, E5 0.0, E6 0.0};;-317.296448;-3527.53442;-883.686279;142.284073;15.7158146;0.526355684;295;295;294;295;295;295;2.40164948;19.4084263;-5.18702459;-3.11034465;-0.116987616;-0.100456759;-0.000305000;0.0;0.000650400238;-4.20024490;-0.0568305179;0.0297978204;0.0;100;63;#T1;#P_FREE
2025-11-27 14:14:54.844;{E6AXIS: A1 -9.10004520, A2 -140.057297, A3 125.564499, A4 22.1828346, A5 11.8348293, A6 9.39366913, E1 0.0, E2 0.0, E3 0.0, E4 0.0, E5 0.0, E6 0.0};;-321.976959;-3504.93896;-883.980347;148.925598;20.8762226;-8.70510674;295;295;294;295;295;295;2.43699265;19.2900543;-5.19992781;-3.28201127;-0.375123352;-0.116987616;-0.000305277761;-0.000610278;0.00130080048;-4.19564104;-0.0599100217;0.0272621308;0.0;100;63;#T1;#P_FREE
2025-11-27 14:14:55.094;{E6AXIS: A1 -9.10004520, A2 -140.057297, A3 125.564499, A4 24.0773697, A5 11.8348293, A6 9.39366913, E1 0.0, E2 0.0, E3 0.0, E4 0.0, E5 0.0, E6 0.0};;-324.428680;-3486.67822;-883.412;148.170074;-3.16662121;19.5156040;295;295;294;295;295;295;2.45550585;19.2047825;-5.18085384;-3.11415958;-0.222530797;0.934629321;0.0;-0.000610278;0.000975748349;-4.20782804;-0.0537512712;0.0297978204;0.0;100;63;#T1;#P_FREE
2025-11-27 14:14:55.336;{E6AXIS: A1 -9.10004520, A2 -140.057297, A3 125.564499, A4 25.8816891, A5 11.8348293, A6 9.39366913, E1 0.0, E2 0.0, E3 0.0, E4 0.0, E5 0.0, E6 0.0};;-325.320190;-3469.12134;-879.882;142.521866;-2.11108065;30.4069939;295;295;294;295;295;295;2.47065306;19.1054859;-5.17412186;-2.87764120;0.0508641824;0.652333140;0.000305277761;0.000610278;-0.000325052097;-4.19184923;-0.0526313372;0.0275789481;0.0;100;63;#T1;#P_FREE
2025-11-27 14:14:55.576;{E6AXIS: A1 -9.10004520, A2 -140.057297, A3 125.564499, A4 27.6860104, A5 11.8348293, A6 9.39366913, E1 0.0, E2 0.0, E3 0.0, E4 0.0, E5 0.0, E6 0.0};;-327.103210;-3457.41504;-878.642212;140.241241;16.3022213;2.10542154;295;295;294;296;295;295;2.47570181;19.0331154;-5.16963339;-3.03277683;-0.0406913459;-0.0101728365;-0.000305000;0.0;0.0;-4.20187044;-0.0579504557;0.0155329769;0.0;100;63;#T1;#P_FREE
2025-11-27 14:14:55.819;{E6AXIS: A1 -9.10004520, A2 -140.057297, A3 125.564499, A4 29.5204010, A5 11.8348293, A6 9.39366913, E1 0.0, E2 0.0, E3 0.0, E4 0.0, E5 0.0, E6 0.0};;-331.412170;-3447.11987;-879.788330;150.860504;22.7527237;11.2559013;295;295;294;296;295;295;2.47401905;18.9764538;-5.17412186;-3.20825839;-0.526444316;0.569678843;-0.000305000;0.000305277907;0.0;-4.20376587;-0.0593501814;0.0244090464;0.0;100;63;#T1;#P_FREE
2025-11-27 14:14:56.058;{E6AXIS: A1 -9.10004520, A2 -140.057297, A3 125.564499, A4 31.3247223, A5 11.8348293, A6 9.39366913, E1 0.0, E2 0.0, E3 0.0, E4 0.0, E5 0.0, E6 0.0};;-329.109100;-3437.22949;-878.738770;149.385193;8.73752594;36.2372818;295;295;294;296;295;295;2.45887184;18.9254036;-5.15224266;-3.32524586;-0.428530753;1.17877746;0.000610555522;0.0;0.000650400238;-4.19889116;-0.0548709519;0.0256768912;0.0;100;63;#T1;#P_FREE
2025-11-27 14:14:56.295;{E6AXIS: A1 -9.10004520, A2 -140.057297, A3 125.564499, A4 33.0989685, A5 11.8348293, A6 9.39366913, E1 0.0, E2 0.0, E3 0.0, E4 0.0, E5 0.0, E6 0.0};;-329.926300;-3432.58667;-877.497681;143.960663;5.57090759;13.6426077;295;295;294;296;295;296;2.46392083;18.9164257;-5.17524385;-3.25530767;-0.146234527;0.295012265;0.000305277761;-0.000610278;0.0;-4.20972395;-0.0520712435;0.0231409129;0.0;100;63;#T1;#P_FREE
2025-11-27 14:14:56.569;{E6AXIS: A1 -9.10004520, A2 -140.057297, A3 125.564499, A4 34.4615784, A5 11.8348293, A6 9.39366913, E1 0.0, E2 0.0, E3 0.0, E4 0.0, E5 0.0, E6 0.0};;118.308350;-3302.61206;-917.781799;-8.14989662;26.7989445;2.63076305;295;295;294;296;295;296;-1.27627957;18.2432251;-5.76766157;0.401827037;-0.625629425;0.0953703448;-0.00366194430;0.0;-0.000975748349;0.00243751192;-0.000280047447;-0.000633922522;0.0;100;63;#T1;#P_FREE
2025-11-27 14:14:56.799;{E6AXIS: A1 -9.10004520, A2 -140.057297, A3 125.564499, A4 34.4615784, A5 11.8348293, A6 9.39366913, E1 0.0, E2 0.0, E3 0.0, E4 0.0, E5 0.0, E6 0.0};;245.821121;-3334.84;-1180.00513;-31.3764;32.6630249;-0.890319288;295;295;294;296;295;296;-1.97416604;18.3896465;-7.19541168;0.698110938;-0.698110938;-0.0991851538;-0.00183111115;0.0;-0.000650400238;0.00243726536;-0.000559840060;-0.000316817;0.0;100;63;#T1;#P_FREE
2025-11-27 14:14:57.044;{E6AXIS: A1 -9.10004520, A2 -140.057297, A3 125.564499, A4 34.4615784, A5 11.8348293, A6 9.39366913, E1 0.0, E2 0.0, E3 0.0, E4 0.0, E5 0.0, E6 0.0};;312.467285;-3361.30444;-1350.70508;-33.2388;32.9562263;-4.61319923;295;295;294;296;295;296;-2.48187304;18.5411167;-8.07057476;0.740073860;-0.720999837;-0.176753029;-0.00183111115;0.0;-0.00130109652;-0.000541587127;0.000559840060;-0.000951028080;0.0;100;63;#T1;#P_FREE
2025-11-27 14:14:57.282;{E6AXIS: A1 -9.10004520, A2 -140.057297, A3 125.564499, A4 34.4615784, A5 11.8348293, A6 9.39366913, E1 0.0, E2 0.0, E3 0.0, E4 0.0, E5 0.0, E6 0.0};;348.647766;-3380.08789;-1424.13196;-34.6938667;34.0704;-6.15073824;295;295;295;296;295;296;-2.67093062;18.6690254;-8.44700718;0.755333126;-0.722271383;-0.199641913;-0.00152583327;0.000610278;-0.000650696282;0.0;-0.000559840060;0.000951028080;0.0;100;63;#T1;#P_FREE
2025-11-27 14:14:57.523;{E6AXIS: A1 -9.10004520, A2 -140.057297, A3 125.564499, A4 34.4615784, A5 11.8348293, A6 9.39366913, E1 0.0, E2 0.0, E3 0.0, E4 0.0, E5 0.0, E6 0.0};;358.379608;-3410.88281;-1457.71326;-33.7623749;32.7803040;-5.94830608;295;295;295;295;295;296;-2.76966691;18.8176899;-8.57491589;0.745160282;-0.720999837;-0.181839451;-0.000915555574;0.000915555924;-0.000650696282;0.000541587127;-0.000279792614;-0.00221887301;0.0;100;63;#T1;#P_FREE
2025-11-27 14:14:57.760;{E6AXIS: A1 -9.10004520, A2 -140.057297, A3 125.564499, A4 34.4615784, A5 11.8348293, A6 9.39366913, E1 0.0, E2 0.0, E3 0.0, E4 0.0, E5 0.0, E6 0.0};;365.139801;-3432.28394;-1467.71973;-34.2955780;33.4839935;-6.47428370;295;295;295;295;295;296;-2.74217772;18.9326954;-8.64167500;0.743888676;-0.714641750;-0.167851806;0.0;-0.000610278;-0.000325348141;0.00108317425;0.0;0.0;0.0;100;63;#T1;#P_FREE
2025-11-27 14:14:57.991;{E6AXIS: A1 -9.10004520, A2 -140.057297, A3 125.564499, A4 34.4615784, A5 11.8348293, A6 9.39366913, E1 0.0, E2 0.0, E3 0.0, E4 0.0, E5 0.0, E6 0.0};;362.836914;-3453.07495;-1475.04688;-33.9513702;32.0708809;-5.50311327;295;295;295;295;296;296;-2.75788593;19.0583611;-8.65906620;0.738802254;-0.720999837;-0.171666622;0.0;-0.000610278;-0.000325348141;0.000541587127;-0.000559840060;0.00158495060;0.0;100;63;#T1;#P_FREE
2025-11-27 14:14:58.227;{E6AXIS: A1 -9.10004520, A2 -140.057297, A3 125.564499, A4 34.4615784, A5 11.8348293, A6 9.39366913, E1 0.0, E2 0.0, E3 0.0, E4 0.0, E5 0.0, E6 0.0};;360.311127;-3469.02075;-1470.98865;-32.2070770;32.2989616;-5.54388142;295;295;295;295;296;295;-2.71917677;19.1436329;-8.62933350;0.727357805;-0.715913415;-0.156407356;0.000915277749;0.000305277907;0.000325348141;-0.000541587127;0.0;-0.000951028080;0.0;100;63;#T1;#P_FREE
2025-11-27 14:14:58.465;{E6AXIS: A1 -9.10004520, A2 -140.057297, A3 125.564499, A4 34.4615784, A5 11.8348293, A6 9.39366913, E1 0.0, E2 0.0, E3 0.0, E4 0.0, E5 0.0, E6 0.0};;354.739441;-3483.65039;-1467.33801;-31.5096912;32.0024605;-4.85715389;295;295;295;295;296;295;-2.67710161;19.2390022;-8.62372303;0.694296062;-0.701925695;-0.151320949;-0.000610277755;0.000305000111;-0.000325348141;0.000812503917;-0.000559840060;0.00126784504;0.0;100;63;#T1;#P_FREE
2025-11-27 14:14:58.699;{E6AXIS: A1 -9.10004520, A2 -140.057297, A3 125.564499, A4 34.4614944, A5 11.8348293, A6 9.39366913, E1 0.0, E2 0.0, E3 0.0, E4 0.0, E5 0.0, E6 0.0};;346.641876;-3504.53540;-1458.27234;-46.8870354;31.0627937;-4.29108858;295;295;295;295;296;295;-2.06112146;19.2670517;-8.53396320;3.03404856;-0.598925769;-0.133518472;0.0;0.000305277907;0.000975748349;0.200953230;0.00167977496;-0.00126784504;0.0;100;63;#T1;#P_FREE
2025-11-27 14:14:58.935;{E6AXIS: A1 -9.10004520, A2 -140.057297, A3 125.564499, A4 34.2740326, A5 11.8348293, A6 9.39366913, E1 0.0, E2 0.0, E3 0.0, E4 0.0, E5 0.0, E6 0.0};;48.4534569;-3420.06934;-1298.97632;-188.116837;-8.20501328;-12.8337469;295;295;295;295;296;295;0.0269280970;18.6667824;-7.33005238;4.24843073;0.423444331;-0.564592421;0.00213638879;-0.000610278;0.00130080048;2.07046676;0.0291149952;-0.0152158719;0.0;100;63;#T1;#P_FREE
2025-11-27 14:14:59.174;{E6AXIS: A1 -9.10004520, A2 -140.057297, A3 125.564499, A4 33.1012688, A5 11.8348293, A6 9.39366913, E1 0.0, E2 0.0, E3 0.0, E4 0.0, E5 0.0, E6 0.0};;151.228226;-3394.93091;-1218.15283;-154.459824;-56.1442337;-15.7898149;295;295;295;295;296;295;-1.32676983;18.7627125;-7.19372845;3.43333220;1.01219726;-0.316629529;0.0;0.000305277907;0.000650696282;4.19564104;0.0593504384;-0.0345529616;0.0;100;63;#T1;#P_FREE
2025-11-27 14:14:59.407;{E6AXIS: A1 -9.10004520, A2 -140.057297, A3 125.564499, A4 31.3570919, A5 11.8348293, A6 9.39366913, E1 0.0, E2 0.0, E3 0.0, E4 0.0, E5 0.0, E6 0.0};;208.222992;-3414.31519;-1253.44836;-174.726044;-61.8282471;6.15412855;295;295;294;295;296;295;-1.59324574;18.8311539;-7.35417509;3.67112231;1.37841940;0.167851806;0.000305277761;0.0;0.0;4.20864058;0.0571108200;-0.0244090464;0.0;100;63;#T1;#P_FREE
2025-11-27 14:14:59.648;{E6AXIS: A1 -9.10004520, A2 -140.057297, A3 125.564499, A4 29.5527706, A5 11.8348293, A6 9.39366913, E1 0.0, E2 0.0, E3 0.0, E4 0.0, E5 0.0, E6 0.0};;236.978989;-3432.78833;-1276.92725;-165.933151;-49.2280617;-11.9845028;295;295;294;295;296;295;-1.82493961;18.9186707;-7.53313541;3.42315960;1.27923429;-0.582394898;-0.000305277761;-0.000305277907;0.0;4.20214081;0.0529113822;-0.0218727794;0.0;100;63;#T1;#P_FREE
2025-11-27 14:14:59.892;{E6AXIS: A1 -9.10004520, A2 -140.057297, A3 125.564499, A4 27.7183800, A5 11.8348293, A6 9.39366913, E1 0.0, E2 0.0, E3 0.0, E4 0.0, E5 0.0, E6 0.0};;255.851913;-3447.72656;-1299.26428;-159.178207;-53.1562691;-35.1842957;295;295;294;295;295;295;-1.93938386;18.9960899;-7.65992165;3.43969;1.08086395;-1.00329602;-0.00122083328;0.000610278;0.000325052097;4.20159960;0.0531911775;-0.0297978204;0.0;100;63;#T1;#P_FREE
2025-11-27 14:15:00.127;{E6AXIS: A1 -9.10004520, A2 -140.057297, A3 125.564499, A4 25.9441319, A5 11.8348293, A6 9.39366913, E1 0.0, E2 0.0, E3 0.0, E4 0.0, E5 0.0, E6 0.0};;267.368561;-3455.19434;-1315.82422;-159.644135;-73.6872253;-8.25968933;295;295;294;295;295;295;-2.03419328;19.0656528;-7.80466;3.81227064;1.27287614;-0.0445061587;-0.000305277761;0.0;0.0;4.20187;0.0585102960;-0.0266279206;0.0;100;63;#T1;#P_FREE
2025-11-27 14:15:00.366;{E6AXIS: A1 -9.10004520, A2 -140.057297, A3 125.564499, A4 24.1398106, A5 11.8348293, A6 9.39366913, E1 0.0, E2 0.0, E3 0.0, E4 0.0, E5 0.0, E6 0.0};;279.553711;-3465.18555;-1334.83301;-156.848953;-74.6360;-0.121439852;295;295;294;295;295;296;-2.13966155;19.0864105;-7.89498186;3.59101152;1.81330812;-0.184382662;0.000610277755;0.0;0.0;4.20539093;0.0565507263;-0.0231409129;0.0;100;63;#T1;#P_FREE
2025-11-27 14:15:00.602;{E6AXIS: A1 -9.10004520, A2 -140.057297, A3 125.564499, A4 22.3655624, A5 11.8348293, A6 9.39366913, E1 0.0, E2 0.0, E3 0.0, E4 0.0, E5 0.0, E6 0.0};;288.543823;-3469.02026;-1351.06152;-157.198395;-59.5145;-31.6493855;295;295;294;295;295;296;-2.19520092;19.1475601;-7.93537331;3.41171503;1.33391321;-1.13172805;0.0;0.000915555924;-0.000650400238;4.19807863;0.0537512712;-0.0237751249;0.0;100;63;#T1;#P_FREE
2025-11-27 14:15:00.845;{E6AXIS: A1 -9.10004520, A2 -140.057297, A3 125.564499, A4 20.5311718, A5 11.8348293, A6 9.39366913, E1 0.0, E2 0.0, E3 0.0, E4 0.0, E5 0.0, E6 0.0};;299.019714;-3478.30298;-1367.85132;-157.081909;-63.2698135;-39.5375061;295;295;294;295;295;296;-2.25242305;19.1829033;-8.06272125;3.43206072;1.11392558;-0.982950330;0.000610277755;0.0;-0.000650696282;4.19916201;0.0554310456;-0.0225069914;0.0;100;63;#T1;#P_FREE
2025-11-27 14:15:01.091;{E6AXIS: A1 -9.10004520, A2 -140.057297, A3 125.564499, A4 18.6967793, A5 11.8348293, A6 9.39366913, E1 0.0, E2 0.0, E3 0.0, E4 0.0, E5 0.0, E6 0.0};;300.877197;-3486.57739;-1379.01147;-162.264877;-65.6754684;-20.3950310;295;295;294;295;295;296;-2.29730320;19.2036591;-8.10479641;3.67748022;1.41148114;-0.623086214;0.000610277755;-0.000305000111;0.000650400238;4.21107817;0.0590701327;-0.0228240956;0.0;100;63;#T1;#P_FREE
2025-11-27 14:15:01.332;{E6AXIS: A1 -9.10004520, A2 -140.057297, A3 125.564499, A4 16.8924599, A5 11.8348293, A6 9.39366913, E1 0.0, E2 0.0, E3 0.0, E4 0.0, E5 0.0, E6 0.0};;312.318634;-3488.39209;-1388.26111;-162.963715;-60.2229271;-29.7013493;295;295;294;295;295;296;-2.33769536;19.2575150;-8.17548275;3.60499883;1.50939465;-1.00838244;0.000610277755;-0.000610278;-0.000325348141;4.19889116;0.0551510;-0.0310659539;0.0;100;63;#T1;#P_FREE
2025-11-27 14:15:01.572;{E6AXIS: A1 -9.10004520, A2 -140.057297, A3 125.564499, A4 15.0580673, A5 11.8348293, A6 9.39366913, E1 0.0, E2 0.0, E3 0.0, E4 0.0, E5 0.0, E6 0.0};;308.083832;-3501.50952;-1399.41589;-151.898941;-51.1929131;-11.6942587;295;295;294;295;295;296;-2.32647538;19.2833214;-8.22372913;3.29218435;1.18513548;-0.144962922;0.0;0.000610555813;0.0;4.19428730;0.0531911775;-0.0250429697;0.0;100;63;#T1;#P_FREE
2025-11-27 14:15:01.807;{E6AXIS: A1 -9.10004520, A2 -140.057297, A3 125.564499, A4 13.3138914, A5 11.8348293, A6 9.39366913, E1 0.0, E2 0.0, E3 0.0, E4 0.0, E5 0.0, E6 0.0};;313.507385;-3507.86499;-1408.37659;-154.519531;-57.6434593;9.18538189;295;295;294;295;295;296;-2.38145351;19.3197880;-8.27814579;3.74106050;1.03127122;0.237790048;0.0;0.0;0.0;4.20484924;0.0543111116;-0.0202878285;0.0;100;63;#T1;#P_FREE
2025-11-27 14:15:02.037;{E6AXIS: A1 -9.10004520, A2 -140.057297, A3 125.564499, A4 11.5697155, A5 11.8348293, A6 9.39366913, E1 0.0, E2 0.0, E3 0.0, E4 0.0, E5 0.0, E6 0.0};;315.439087;-3514.11987;-1409.42627;-167.040131;-73.8119431;-14.9716806;295;295;294;295;296;296;-2.36518455;19.3820572;-8.29553699;3.50708556;1.71793771;-0.670135617;-0.000610555522;-0.000305277907;0.0;4.20187;0.0585105494;-0.0288467929;0.0;100;63;#T1;#P_FREE
2025-11-27 14:15:02.277;{E6AXIS: A1 -9.10004520, A2 -140.057297, A3 125.564499, A4 9.76539516, A5 11.8348293, A6 9.39366913, E1 0.0, E2 0.0, E3 0.0, E4 0.0, E5 0.0, E6 0.0};;311.724274;-3526.32373;-1419.43408;-142.755753;-59.6722221;-43.9083061;295;295;294;295;296;295;-2.35284257;19.4572334;-8.33144093;3.25403619;1.42165399;-1.45217240;0.0;0.0;0.0;4.19482851;0.0534712225;-0.0351868831;0.0;100;63;#T1;#P_FREE
2025-11-27 14:15:02.512;{E6AXIS: A1 -9.10004520, A2 -140.057297, A3 125.564499, A4 8.02121925, A5 11.8348293, A6 9.39366913, E1 0.0, E2 0.0, E3 0.0, E4 0.0, E5 0.0, E6 0.0};;312.838745;-3539.43555;-1418.38623;-163.254852;-51.8125191;-20.6437054;295;295;294;295;296;295;-2.35172033;19.5195026;-8.35163689;3.53506064;1.09739470;-0.401827037;-0.00122083328;0.0;0.0;4.19320345;0.0537510179;-0.0221898854;0.0;100;63;#T1;#P_FREE
2025-11-27 14:15:02.759;{E6AXIS: A1 -9.10004520, A2 -140.057297, A3 125.564499, A4 6.15675497, A5 11.8348293, A6 9.39366913, E1 0.0, E2 0.0, E3 0.0, E4 0.0, E5 0.0, E6 0.0};;309.569763;-3548.81519;-1428.96606;-170.941849;-67.8094330;-5.10084581;295;295;294;295;296;295;-2.35789132;19.5913124;-8.38978481;3.67620897;1.33772802;-0.231432036;0.000915555574;-0.000305277907;-0.000325348141;4.20864058;0.0593501814;-0.0228238069;0.0;100;63;#T1;#P_FREE
2025-11-27 14:15:02.993;{E6AXIS: A1 -9.10004520, A2 -140.057297, A3 125.564499, A4 4.38250732, A5 11.8348293, A6 9.39366913, E1 0.0, E2 0.0, E3 0.0, E4 0.0, E5 0.0, E6 0.0};;308.975433;-3566.05811;-1431.72937;-165.467789;-61.4194870;-23.7649632;295;295;294;295;296;295;-2.34947658;19.6749020;-8.42344570;3.39391279;1.52846873;-0.878678739;0.000305000;0.0;0.0;4.19591188;0.0548709519;-0.0310659539;0.0;100;63;#T1;#P_FREE
2025-11-27 14:15:03.224;{E6AXIS: A1 -9.10004520, A2 -140.057297, A3 125.564499, A4 2.63833117, A5 11.8348293, A6 9.39366913, E1 0.0, E2 0.0, E3 0.0, E4 0.0, E5 0.0, E6 0.0};;310.535645;-3580.37524;-1434.76270;-162.788986;-57.7850266;-13.4416800;295;295;295;295;296;295;-2.34779334;19.7618580;-8.43354321;3.42061639;1.44327116;-0.192012295;0.000610277755;-0.000305277907;0.0;4.19780779;0.0534712225;-0.0206049345;0.0;100;63;#T1;#P_FREE
2025-11-27 14:15:03.467;{E6AXIS: A1 -9.10004520, A2 -140.057297, A3 125.564499, A4 1.00720775, A5 11.8348293, A6 9.39366913, E1 0.0, E2 0.0, E3 0.0, E4 0.0, E5 0.0, E6 0.0};;286.537781;-3677.02368;-1534.09229;10.3097115;-72.8456;7.24732447;295;295;295;295;296;295;2.56546211;19.9722328;-8.54686546;-0.565864;1.52211070;0.317901134;0.0100705558;0.000305000111;0.000650696282;-0.00920821354;0.0;0.000951028080;0.0;100;63;#T1;#P_FREE
2025-11-27 14:15:03.707;{E6AXIS: A1 -9.10004520, A2 -140.057297, A3 125.564499, A4 0.975004, A5 11.8348293, A6 9.39366913, E1 0.0, E2 0.0, E3 0.0, E4 0.0, E5 0.0, E6 0.0};;-470.690;-3629.96948;-1412.79028;40.1902504;-67.7467651;18.0577621;295;295;295;295;296;295;3.72954130;20.0272121;-8.21026421;-0.878678739;1.46488845;0.607827;0.00122083328;-0.000305277907;0.0;-0.00135433755;-0.000279792614;0.00126784504;0.0;100;63;#T1;#P_FREE
2025-11-27 14:15:03.963;{E6AXIS: A1 -9.10004520, A2 -140.057297, A3 125.564499, A4 0.929467261, A5 11.8348293, A6 9.39366913, E1 0.0, E2 0.0, E3 0.0, E4 0.0, E5 0.0, E6 0.0};;-575.542358;-3632.79126;-1357.79175;-153.820724;-71.0956421;18.2603188;295;295;295;295;295;295;4.30120230;20.0367489;-7.92864132;4.01318407;1.51193786;0.420901120;0.00701888883;-0.000610555813;0.000650400238;1.06786811;0.0153975133;-0.00412092917;0.0;100;63;#T1;#P_FREE
2025-11-27 14:15:04.195;{E6AXIS: A1 -9.10004520, A2 -140.057297, A3 125.564499, A4 0.299460143, A5 11.8348293, A6 9.39366913, E1 0.0, E2 0.0, E3 0.0, E4 0.0, E5 0.0, E6 0.0};;-570.048340;-3638.53491;-1318.76245;-184.218811;-51.9999695;0.728796601;295;295;295;295;295;295;4.27539635;20.0805054;-7.71097231;4.40356636;1.25634527;-0.133518472;-0.00396722229;0.0;0.000650400238;4.19049549;0.0529111288;-0.0202881172;0.0;100;63;#T1;#P_FREE
2025-11-27 14:15:04.435;{E6AXIS: A1 -9.10004520, A2 -140.057297, A3 125.564499, A4 -1.40775359, A5 11.8348293, A6 9.39366913, E1 0.0, E2 0.0, E3 0.0, E4 0.0, E5 0.0, E6 0.0};;4.90480757;-3652.03760;-1288.80701;-174.843475;-80.1491089;-31.4191322;295;295;295;295;295;295;-0.190179676;20.1377296;-7.54603815;3.72961617;1.41020954;-1.09485149;-0.00244138879;-0.000305000111;0.0;4.20864058;0.0582305;-0.0291638989;0.0;100;63;#T1;#P_FREE
2025-11-27 14:15:04.672;{E6AXIS: A1 -9.10004520, A2 -140.057297, A3 125.564499, A4 -3.21207356, A5 11.8348293, A6 9.39366913, E1 0.0, E2 0.0, E3 0.0, E4 0.0, E5 0.0, E6 0.0};;41.3192368;-3667.25195;-1254.10022;-171.931824;-73.1184387;-23.6049194;295;295;295;295;295;295;-0.271524966;20.2129021;-7.34127235;3.19299912;1.67724633;-0.546789944;-0.00183111115;0.0;-0.000325348141;4.20159960;0.0568307750;-0.0291638989;0.0;100;63;#T1;#P_FREE
2025-11-27 14:15:04.916;{E6AXIS: A1 -9.10004520, A2 -140.057297, A3 125.564499, A4 -5.04646540, A5 11.8348293, A6 9.39366913, E1 0.0, E2 0.0, E3 0.0, E4 0.0, E5 0.0, E6 0.0};;30.3206139;-3676.14063;-1225.30676;-160.284927;-60.3970947;1.01222134;295;296;295;295;295;295;-0.220473781;20.2914429;-7.15894699;3.56812263;1.51956737;-0.0788394809;-0.00183111115;0.0;-0.000650400238;4.19022465;0.0529113822;-0.0196539070;0.0;100;63;#T1;#P_FREE
2025-11-27 14:15:05.161;{E6AXIS: A1 -9.10004520, A2 -140.057297, A3 125.564499, A4 -6.88085747, A5 11.8348293, A6 9.39366913, E1 0.0, E2 0.0, E3 0.0, E4 0.0, E5 0.0, E6 0.0};;23.7065659;-3694.07910;-1198.13574;-169.718872;-63.9752617;-23.6049328;295;296;295;295;295;295;-0.179520652;20.3997173;-7.02598906;3.57320857;1.29449344;-0.965147853;0.0;-0.000305277907;0.0;4.19699526;0.0543108582;-0.0240919422;0.0;100;63;#T1;#P_FREE
2025-11-27 14:15:05.403;{E6AXIS: A1 -9.10004520, A2 -140.057297, A3 125.564499, A4 -8.68517780, A5 11.8348293, A6 9.39366913, E1 0.0, E2 0.0, E3 0.0, E4 0.0, E5 0.0, E6 0.0};;16.7209339;-3707.43213;-1172.87158;-167.797226;-76.8177109;-49.5982094;295;296;295;295;295;295;-0.136323497;20.4782562;-6.87788486;3.65586329;1.40766621;-1.37841940;0.0;-0.000610555813;0.0;4.21080732;0.0590701327;-0.0326509066;0.0;100;63;#T1;#P_FREE
2025-11-27 14:15:05.644;{E6AXIS: A1 -9.10004520, A2 -140.057297, A3 125.564499, A4 -10.5195694, A5 11.8348293, A6 9.39366913, E1 0.0, E2 0.0, E3 0.0, E4 0.0, E5 0.0, E6 0.0};;13.3024330;-3719.72705;-1155.51941;-168.845383;-71.1889;-23.2000561;295;296;295;295;295;295;-0.0925653353;20.5506248;-6.76512337;3.68638158;1.66580188;-0.548061609;-0.000305277761;-0.000610555813;0.000325348141;4.20349503;0.0579504557;-0.0196539070;0.0;100;63;#T1;#P_FREE
2025-11-27 14:15:05.885;{E6AXIS: A1 -9.10004520, A2 -140.057297, A3 125.564499, A4 -12.3238897, A5 11.8348293, A6 9.39366913, E1 0.0, E2 0.0, E3 0.0, E4 0.0, E5 0.0, E6 0.0};;7.58015919;-3737.98169;-1138.73975;-157.839020;-59.2854;-20.9327011;295;296;295;295;295;295;-0.0504901819;20.6218739;-6.65516710;3.38882613;1.54118478;-0.747703493;0.000305000;0.0;0.000650400238;4.19509935;0.0529113822;-0.0291641876;0.0;100;63;#T1;#P_FREE
2025-11-27 14:15:06.125;{E6AXIS: A1 -9.10004520, A2 -140.057297, A3 125.564499, A4 -14.1282101, A5 11.8348293, A6 9.39366913, E1 0.0, E2 0.0, E3 0.0, E4 0.0, E5 0.0, E6 0.0};;3.19555545;-3744.33228;-1121.38708;-167.156570;-67.5536270;-22.6737175;295;296;295;295;295;295;-0.0213180762;20.6858273;-6.57494354;3.55413485;1.17750585;-0.480666518;0.000610555522;0.000305000111;0.000650400238;4.19455767;0.0551507436;-0.0317001641;0.0;100;63;#T1;#P_FREE
2025-11-27 14:15:06.367;{E6AXIS: A1 -9.10004520, A2 -140.057297, A3 125.564499, A4 -15.9325294, A5 11.8348293, A6 9.39366913, E1 0.0, E2 0.0, E3 0.0, E4 0.0, E5 0.0, E6 0.0};;-0.668837130;-3760.08105;-1102.69873;-177.056305;-70.1337891;4.61573267;295;296;295;295;295;295;0.0241230875;20.7559528;-6.50762320;3.88093710;1.35807371;0.344604850;0.0;-0.000610278;0.0;4.21080732;0.0596302301;-0.0187031664;0.0;100;63;#T1;#P_FREE
2025-11-27 14:15:06.615;{E6AXIS: A1 -9.10004520, A2 -140.057297, A3 125.564499, A4 -17.7969933, A5 11.8348293, A6 9.39366913, E1 0.0, E2 0.0, E3 0.0, E4 0.0, E5 0.0, E6 0.0};;-4.01302433;-3763.37280;-1095.73840;-171.640625;-55.7672310;-0.0404889844;295;296;295;295;295;295;0.0538561940;20.7924175;-6.42179;3.85550523;1.35298729;-0.254320920;0.0;0.000305277907;-0.000325348141;4.20566177;0.0565507263;-0.0225069914;0.0;100;63;#T1;#P_FREE
2025-11-27 14:15:06.854;{E6AXIS: A1 -9.10004520, A2 -140.057297, A3 125.564499, A4 -19.6013145, A5 11.8348293, A6 9.39366913, E1 0.0, E2 0.0, E3 0.0, E4 0.0, E5 0.0, E6 0.0};;-7.87741947;-3773.01611;-1085.63037;-161.158463;-46.7953415;-35.6704674;295;296;295;295;295;295;0.0701252520;20.8154182;-6.37073898;3.78810978;1.16733301;-1.31356752;-0.000610555522;0.0;-0.000650400238;4.19943285;0.0529113822;-0.0288467929;0.0;100;63;#T1;#P_FREE
2025-11-27 14:15:07.094;{E6AXIS: A1 -9.10004520, A2 -140.057297, A3 125.564499, A4 -21.4056339, A5 11.8348293, A6 9.39366913, E1 0.0, E2 0.0, E3 0.0, E4 0.0, E5 0.0, E6 0.0};;-9.14077950;-3780.03711;-1078.66992;-173.562332;-57.0573387;-27.4108696;295;295;295;295;295;295;0.0852723047;20.8311272;-6.33259058;3.49945569;1.03127122;-0.639617145;0.000305000;0.000305000111;0.0;4.19591188;0.0562706776;-0.0278960541;0.0;100;63;#T1;#P_FREE
2025-11-27 14:15:07.331;{E6AXIS: A1 -9.10004520, A2 -140.057297, A3 125.564499, A4 -23.1798820, A5 11.8348293, A6 9.39366913, E1 0.0, E2 0.0, E3 0.0, E4 0.0, E5 0.0, E6 0.0};;-13.2281170;-3780.15649;-1067.13159;-171.116531;-68.1988144;-0.728800;295;295;295;295;295;295;0.103785381;20.8429089;-6.28154;3.83388782;1.28177738;-0.00762962736;-0.000305277761;0.0;0.0;4.20241165;0.0596299730;-0.0180689562;0.0;100;63;#T1;#P_FREE
2025-11-27 14:15:07.574;{E6AXIS: A1 -9.10004520, A2 -140.057297, A3 125.564499, A4 -25.0142746, A5 11.8348293, A6 9.39366913, E1 0.0, E2 0.0, E3 0.0, E4 0.0, E5 0.0, E6 0.0};;-14.5657911;-3775.98706;-1065.51;-167.266159;-58.7578888;-12.6325226;295;295;295;296;295;295;0.100980364;20.8041973;-6.25517225;3.82625794;1.44962919;-0.577308476;0.0;-0.000915278099;0.0;4.19862032;0.0543108582;-0.0250429697;0.0;100;63;#T1;#P_FREE
2025-11-27 14:15:07.813;{E6AXIS: A1 -9.10004520, A2 -140.057297, A3 125.564499, A4 -26.8185940, A5 11.8348293, A6 9.39366913, E1 0.0, E2 0.0, E3 0.0, E4 0.0, E5 0.0, E6 0.0};;-15.0116816;-3766.31348;-1060.26550;-165.127151;-54.9463081;-18.6248550;295;295;295;296;295;295;0.125664443;20.7688560;-6.22207355;3.65459132;1.17114782;-0.390382588;0.0;0.0;0.000325348141;4.19699526;0.0540310629;-0.0339187495;0.0;100;63;#T1;#P_FREE
2025-11-27 14:15:08.042;{E6AXIS: A1 -9.10004520, A2 -140.057297, A3 125.564499, A4 -28.5326977, A5 11.8348293, A6 9.39366913, E1 0.0, E2 0.0, E3 0.0, E4 0.0, E5 0.0, E6 0.0};;-16.2750397;-3762.28979;-1056.45129;-166.500870;-70.0017090;9.35292721;295;295;295;296;296;295;0.125664443;20.7211704;-6.18729115;3.69909787;1.24744415;0.317901134;-0.000610555522;-0.000610555813;0.0;4.20728683;0.0579504557;-0.0206049345;0.0;100;63;#T1;#P_FREE
2025-11-27 14:15:08.277;{E6AXIS: A1 -9.10004520, A2 -140.057297, A3 125.564499, A4 -30.3069458, A5 11.8348293, A6 9.39366913, E1 0.0, E2 0.0, E3 0.0, E4 0.0, E5 0.0, E6 0.0};;-17.6870327;-3751.57788;-1051.87390;-173.064377;-64.0686264;-4.17035484;295;295;295;296;296;295;0.134640485;20.6712418;-6.17046118;3.69019651;1.50176501;-0.324259162;0.0;-0.000305277907;-0.000325348141;4.19591188;0.0562706776;-0.0240919422;0.0;100;63;#T1;#P_FREE
2025-11-27 14:15:08.517;{E6AXIS: A1 -9.10004520, A2 -140.057297, A3 125.564499, A4 -32.1112671, A5 11.8348293, A6 9.39366913, E1 0.0, E2 0.0, E3 0.0, E4 0.0, E5 0.0, E6 0.0};;-17.5383987;-3739.72900;-1051.39722;-161.416580;-51.1093445;-29.0303955;295;295;295;296;296;295;0.133518472;20.5955067;-6.14746;3.61771512;1.30339468;-0.871049166;0.0;0.0;-0.000325348141;4.19537;0.0537512712;-0.0316998772;0.0;100;63;#T1;#P_FREE
2025-11-27 14:15:08.761;{E6AXIS: A1 -9.10004520, A2 -140.057297, A3 125.564499, A4 -33.9456596, A5 11.8348293, A6 9.39366913, E1 0.0, E2 0.0, E3 0.0, E4 0.0, E5 0.0, E6 0.0};;-19.0209961;-3723.23438;-1047.58264;-172.761490;-56.5569611;-1.45759976;296;295;295;296;296;295;0.128469467;20.5001354;-6.14633799;3.66603589;1.21692562;0.108086385;0.0;0.0;-0.000325348141;4.19130802;0.0543111116;-0.0272618420;0.0;100;63;#T1;#P_FREE
2025-11-27 14:15:09.031;{E6AXIS: A1 -9.10004520, A2 -140.057297, A3 125.564499, A4 -35.3082657, A5 11.8348293, A6 9.39366913, E1 0.0, E2 0.0, E3 0.0, E4 0.0, E5 0.0, E6 0.0};;-253.683075;-3605.12231;-915.768311;14.2036705;-75.0156403;13.6447411;296;296;295;296;296;295;2.11441660;19.8476887;-5.48660;-0.619271457;1.66071558;0.498469;0.00305166654;0.000305277907;0.0;-0.00406227307;0.000559840060;0.000951028080;0.0;100;63;#T1;#P_FREE
2025-11-27 14:15:09.275;{E6AXIS: A1 -9.10004520, A2 -140.057297, A3 125.564499, A4 -35.3082657, A5 11.8348293, A6 9.39366913, E1 0.0, E2 0.0, E3 0.0, E4 0.0, E5 0.0, E6 0.0};;-358.524841;-3595.20093;-995.510559;42.0866432;-80.8747864;20.5683022;296;296;295;296;296;295;2.84259701;19.7977619;-5.92923;-0.938444197;1.76625872;0.637073934;0.00244138879;0.0;-0.000325052097;0.000270670309;0.000279792614;0.000951028080;0.0;100;63;#T1;#P_FREE
2025-11-27 14:15:09.517;{E6AXIS: A1 -9.10004520, A2 -140.057297, A3 125.564499, A4 -35.3082657, A5 11.8348293, A6 9.39366913, E1 0.0, E2 0.0, E3 0.0, E4 0.0, E5 0.0, E6 0.0};;-413.232788;-3583.91699;-1061.12378;44.5313225;-83.8628387;22.3498020;296;296;295;296;296;295;3.18817449;19.7607346;-6.31351709;-0.968962729;1.83874011;0.728629410;0.00152583327;0.000915555924;0.0;0.000270916818;0.000280047447;-0.000317105529;0.0;100;63;#T1;#P_FREE
2025-11-27 14:15:09.756;{E6AXIS: A1 -9.10004520, A2 -140.057297, A3 125.564499, A4 -35.3082657, A5 11.8348293, A6 9.39366913, E1 0.0, E2 0.0, E3 0.0, E4 0.0, E5 0.0, E6 0.0};;-439.504974;-3582.88330;-1120.43335;39.7579918;-85.6205;22.9571266;296;296;295;296;296;295;3.37330508;19.7085609;-6.61365223;-0.851975083;1.06941950;0.740073860;0.000610277755;0.000915555924;-0.000325348141;-0.000270670309;-0.0165171921;0.00126813364;0.0;100;63;#T1;#P_FREE
2025-11-27 14:15:10.012;{E6AXIS: A1 -9.10004520, A2 -140.057297, A3 125.564499, A4 -35.3082657, A5 11.8805056, A6 9.39366913, E1 0.0, E2 0.0, E3 0.0, E4 0.0, E5 0.0, E6 0.0};;-491.463104;-3528.64722;-1060.74231;36.3235397;75.6710739;19.6775551;296;296;295;296;295;295;3.78956866;19.3871078;-6.04367495;-0.770592391;-1.01601207;0.689209700;0.000610277755;0.000610278;0.000325348141;0.0;-0.627656639;0.00538906269;0.0;100;63;#T1;#P_FREE
2025-11-27 14:15:10.250;{E6AXIS: A1 -9.10004520, A2 -140.057297, A3 125.564499, A4 -35.3082657, A5 12.2021, A6 9.39366913, E1 0.0, E2 0.0, E3 0.0, E4 0.0, E5 0.0, E6 0.0};;-538.591431;-3418.26416;-880.184509;32.4816322;128.387115;28.9089298;296;296;295;296;295;295;4.13234091;18.6763191;-4.84481335;-0.724814594;-2.08034515;0.947345436;0.00122083328;0.0;0.0;0.0;-1.91040540;0.0171179287;0.0;100;63;#T1;#P_FREE
2025-11-27 14:15:10.491;{E6AXIS: A1 -9.10004520, A2 -140.057297, A3 125.564499, A4 -35.3082657, A5 13.0474157, A6 9.39366913, E1 0.0, E2 0.0, E3 0.0, E4 0.0, E5 0.0, E6 0.0};;-285.724152;-3421.66089;-913.478394;30.0949898;99.5568466;18.2199612;296;296;295;296;295;295;1.95228696;18.8625717;-5.46528196;-0.679036856;-2.15791297;0.434888750;-0.000610277755;0.000305277907;-0.000650696282;0.0;-2.39388585;0.0168008227;0.0;100;63;#T1;#P_FREE
2025-11-27 14:15:10.729;{E6AXIS: A1 -9.10004520, A2 -140.057297, A3 125.564499, A4 -35.3082657, A5 14.0381355, A6 9.39366913, E1 0.0, E2 0.0, E3 0.0, E4 0.0, E5 0.0, E6 0.0};;-173.194305;-3425.37573;-978.724121;29.8621426;106.364120;-2.30786586;294;296;295;296;295;295;1.17137218;18.8833275;-5.82095671;-0.629444301;-2.19351768;-0.113172807;-0.000610555522;-0.000305277907;-0.000650400238;0.0;-2.40424371;0.0158500820;0.0;100;63;#T1;#P_FREE
2025-11-27 14:15:10.967;{E6AXIS: A1 -9.10004520, A2 -140.057297, A3 125.564499, A4 -35.3082657, A5 15.0123444, A6 9.39366913, E1 0.0, E2 0.0, E3 0.0, E4 0.0, E5 0.0, E6 0.0};;-90.6016617;-3427.08130;-1037.47375;28.6397171;114.752129;-4.17035437;294;294;295;296;295;295;0.585125089;18.8850098;-6.15980196;-0.624357879;-1.91376483;-0.0686666444;-0.000305000;0.0;0.000650400238;-0.000270916818;-2.39864492;0.0148987668;0.0;100;63;#T1;#P_FREE
2025-11-27 14:15:11.197;{E6AXIS: A1 -9.10004520, A2 -140.057297, A3 125.564499, A4 -35.3082657, A5 15.9700403, A6 9.39366913, E1 0.0, E2 0.0, E3 0.0, E4 0.0, E5 0.0, E6 0.0};;-39.7705;-3430.35156;-1085.24939;28.5815067;99.6263733;12.9564314;294;294;294;296;295;295;0.205326736;18.8979130;-6.42627764;-0.600197375;-2.20241928;0.549333155;0.0;-0.000610555813;0.000325348141;-0.000541587127;-2.39976454;0.0145819495;0.0;100;63;#T1;#P_FREE
2025-11-27 14:15:11.439;{E6AXIS: A1 -9.10004520, A2 -140.057297, A3 125.564499, A4 -35.3082657, A5 16.9772720, A6 9.39366913, E1 0.0, E2 0.0, E3 0.0, E4 0.0, E5 0.0, E6 0.0};;-13.9767799;-3435.64063;-1128.55127;26.7187672;110.240471;33.6055756;294;294;294;296;295;295;0.0785402805;18.9130611;-6.69836426;-0.600197375;-1.92648101;1.11011076;-0.000305000;0.0;0.000650400238;0.0;-2.40032458;0.0177518502;0.0;100;63;#T1;#P_FREE
2025-11-27 14:15:11.680;{E6AXIS: A1 -9.10004520, A2 -140.057297, A3 125.564499, A4 -35.3082657, A5 17.9679928, A6 9.39366913, E1 0.0, E2 0.0, E3 0.0, E4 0.0, E5 0.0, E6 0.0};;-0.966530144;-3443.22925;-1166.98645;26.1366615;96.2271042;32.9172745;294;294;294;296;295;295;0.0168300606;18.9596233;-6.89471436;-0.582394898;-2.18461657;0.873592317;-0.000610277755;0.000305000111;-0.000975748349;0.0;-2.39108610;0.0171179287;0.0;100;63;#T1;#P_FREE
2025-11-27 14:15:11.925;{E6AXIS: A1 -9.10004520, A2 -140.057297, A3 125.564499, A4 -35.3082657, A5 18.9752235, A6 9.39366913, E1 0.0, E2 0.0, E3 0.0, E4 0.0, E5 0.0, E6 0.0};;5.50194597;-3447.86377;-1199.14319;26.7769775;90.0705643;10.3246603;294;294;294;296;295;295;-0.0387091376;19.0174065;-7.08489418;-0.570950449;-2.10577726;0.242876470;-0.000610277755;-0.000305277907;-0.000325348141;0.000541587127;-2.39864492;0.0174347442;0.0;100;63;#T1;#P_FREE
2025-11-27 14:15:12.157;{E6AXIS: A1 -9.10004520, A2 -140.057297, A3 125.564499, A4 -35.3082657, A5 19.9329205, A6 9.39366913, E1 0.0, E2 0.0, E3 0.0, E4 0.0, E5 0.0, E6 0.0};;5.05591679;-3458.61499;-1224.18823;27.0680294;84.3241119;1.13368905;294;294;294;296;295;295;-0.0246840883;19.0510674;-7.19316769;-0.586209714;-1.86671555;0.120802432;0.0;0.000305277907;0.000650400238;0.0;-2.40060449;0.0126798935;0.0;100;63;#T1;#P_FREE
2025-11-27 14:15:12.393;{E6AXIS: A1 -9.10004520, A2 -140.057297, A3 125.564499, A4 -35.3082657, A5 20.9071274, A6 9.39366913, E1 0.0, E2 0.0, E3 0.0, E4 0.0, E5 0.0, E6 0.0};;1.41269481;-3467.18286;-1247.20581;26.9516087;80.5713196;13.0779009;294;294;294;296;295;295;-0.0297331084;19.0970688;-7.35080910;-0.591296136;-2.00786376;0.509913445;0.0;-0.000305277907;-0.000325348141;-0.000270916818;-2.39836478;0.0174347442;0.0;100;63;#T1;#P_FREE
2025-11-27 14:15:12.629;{E6AXIS: A1 -9.10004520, A2 -140.057297, A3 125.564499, A4 -35.3082657, A5 21.8813362, A6 9.39366913, E1 0.0, E2 0.0, E3 0.0, E4 0.0, E5 0.0, E6 0.0};;-0.520436704;-3476.31616;-1262.95923;26.1948700;105.844086;27.7347755;295;294;294;296;295;295;0.0246840883;19.1380234;-7.43944788;-0.584938109;-2.33593750;0.891394794;0.0;0.0;0.000325052097;0.0;-2.40032434;0.0183860622;0.0;100;63;#T1;#P_FREE
2025-11-27 14:15:12.868;{E6AXIS: A1 -9.10004520, A2 -140.057297, A3 125.564499, A4 -35.3082657, A5 22.8720570, A6 9.39366913, E1 0.0, E2 0.0, E3 0.0, E4 0.0, E5 0.0, E6 0.0};;-5.87231302;-3482.80444;-1276.41565;26.3695011;91.9472275;24.2527714;295;294;294;296;295;295;0.0510511808;19.1986122;-7.52976894;-0.574765265;-1.79550576;0.596382558;0.000610277755;0.0;0.000650400238;-0.000541587127;-2.38940620;0.0190199837;0.0;100;63;#T1;#P_FREE
2025-11-27 14:15:13.112;{E6AXIS: A1 -9.10004520, A2 -140.057297, A3 125.564499, A4 -35.3082657, A5 23.8627758, A6 9.39366913, E1 0.0, E2 0.0, E3 0.0, E4 0.0, E5 0.0, E6 0.0};;-12.4865828;-3499.29370;-1290.24866;26.4277134;99.3354416;-1.90297771;295;295;294;296;295;295;0.0661982372;19.2721024;-7.58474684;-0.559506;-2.32576466;-0.226345614;-0.000610555522;0.000610278;-0.000975748349;0.0;-2.39192605;0.0158500820;0.0;100;63;#T1;#P_FREE
2025-11-27 14:15:13.347;{E6AXIS: A1 -9.10004520, A2 -140.057297, A3 125.564499, A4 -35.3082657, A5 24.8534966, A6 9.39366913, E1 0.0, E2 0.0, E3 0.0, E4 0.0, E5 0.0, E6 0.0};;-12.1142540;-3511.21729;-1300.15710;26.4859238;94.2339935;-16.0740681;295;295;295;296;295;295;0.128469467;19.3483982;-7.64196968;-0.579851687;-2.15536976;-0.503555417;0.0;0.000305000111;0.0;-0.000812503917;-2.40956283;0.0148990545;0.0;100;63;#T1;#P_FREE
2025-11-27 14:15:13.585;{E6AXIS: A1 -9.10004520, A2 -140.057297, A3 125.564499, A4 -35.3082657, A5 25.8277035, A6 9.39366913, E1 0.0, E2 0.0, E3 0.0, E4 0.0, E5 0.0, E6 0.0};;-18.6538601;-3518.65503;-1306.54858;26.3112907;90.4226685;-6.19479847;295;295;295;296;295;295;0.152592540;19.3809357;-7.67899513;-0.573493659;-2.41859174;-0.0839259;-0.000610555522;0.0;0.0;-0.000541587127;-2.40032434;0.0142648434;0.0;100;63;#T1;#P_FREE
2025-11-27 14:15:13.825;{E6AXIS: A1 -9.10004520, A2 -140.057297, A3 125.564499, A4 -35.3082657, A5 26.8184242, A6 9.39366913, E1 0.0, E2 0.0, E3 0.0, E4 0.0, E5 0.0, E6 0.0};;-22.8895874;-3530.57837;-1311.54089;26.8351879;112.176804;15.8311348;295;295;295;296;295;295;0.161568582;19.4802341;-7.69077682;-0.597654164;-2.25074;0.652333140;0.0;-0.000610278;0.000650400238;-0.000270916818;-2.40172434;0.0158500820;0.0;100;63;#T1;#P_FREE
2025-11-27 14:15:14.059;{E6AXIS: A1 -9.10004520, A2 -140.057297, A3 125.564499, A4 -35.3082657, A5 27.7761192, A6 9.39366913, E1 0.0, E2 0.0, E3 0.0, E4 0.0, E5 0.0, E6 0.0};;-24.0784302;-3536.23218;-1311.74438;26.6023426;112.938972;38.5046234;295;295;295;296;295;295;0.182886660;19.5122108;-7.72163200;-0.595110953;-1.98370314;1.29576504;-0.000610277755;-0.000610278;0.000325052097;0.0;-2.39612508;0.0177518502;0.0;100;63;#T1;#P_FREE
2025-11-27 14:15:14.289;{E6AXIS: A1 -9.10004520, A2 -140.057297, A3 125.564499, A4 -35.3082657, A5 28.7338161, A6 9.39366913, E1 0.0, E2 0.0, E3 0.0, E4 0.0, E5 0.0, E6 0.0};;-26.3077679;-3549.38818;-1317.79639;27.3590832;105.492325;37.3673515;295;295;295;296;295;296;0.200277731;19.5784092;-7.76370668;-0.588752925;-1.75735748;0.968962729;0.0;0.0;-0.000650400238;0.0;-2.39668489;0.0187028777;0.0;100;63;#T1;#P_FREE
2025-11-27 14:15:14.526;{E6AXIS: A1 -9.09999943, A2 -140.057190, A3 125.564560, A4 -35.3082085, A5 29.5542088, A6 9.39463520, E1 0.0, E2 0.0, E3 0.0, E4 0.0, E5 0.0, E6 0.0};;-18.8761425;-3543.70850;-1311.76624;29.5128746;-49.7273598;20.1161652;295;295;295;296;295;296;0.136323497;19.5071621;-7.70928955;-0.645975113;1.12282681;0.562049210;0.000305000;-0.000305277907;-0.000325348141;-0.000541587127;0.00783878;-0.000317105529;0.0;100;63;#T1;#P_FREE
2025-11-27 14:15:14.770;{E6AXIS: A1 -9.09999943, A2 -140.057190, A3 125.564560, A4 -35.3082085, A5 29.5542088, A6 9.39463520, E1 0.0, E2 0.0, E3 0.0, E4 0.0, E5 0.0, E6 0.0};;-0.297318190;1.53414059;16.0435200;1.22242951;1.64195204;0.607052743;294;295;295;296;295;296;0.00392701384;-0.0173910614;0.0617102198;-0.0343333222;-0.0495925769;0.0216172785;0.0;0.000610278;0.000325348141;0.0;0.0;0.0;0.0;100;0;#T1;#P_FREE
2025-11-27 14:15:15.022;{E6AXIS: A1 -9.09999943, A2 -140.057190, A3 125.564560, A4 -35.3082085, A5 29.5542088, A6 9.39463520, E1 0.0, E2 0.0, E3 0.0, E4 0.0, E5 0.0, E6 0.0};;-3.04796767;-2.04551625;19.7677803;2.56128097;0.351846933;1.37588429;294;295;295;296;295;296;0.0173910614;-0.00785402767;0.0863943100;-0.0546789952;-0.0330617204;0.00890123192;-0.000305000;0.0;-0.000650400238;0.0;0.000279792614;0.000316817;0.0;100;0;#T1;#P_FREE
2025-11-27 14:15:15.258;{E6AXIS: A1 -9.09999943, A2 -140.057190, A3 125.564560, A4 -35.3082085, A5 29.5542088, A6 9.39463520, E1 0.0, E2 0.0, E3 0.0, E4 0.0, E5 0.0, E6 0.0};;-2.67646575;5.21605921;16.9033432;1.86274981;1.29010499;-0.0404660515;294;295;294;296;295;296;0.0230010822;-0.0162690580;0.0768572763;-0.0546789952;-0.0356049277;0.00381481368;0.000305277761;-0.000305000111;0.0;0.000270916818;0.0;0.0;0.0;100;0;#T1;#P_FREE
2025-11-27 14:15:15.486;{E6AXIS: A1 -9.09999943, A2 -140.057190, A3 125.564560, A4 -35.3082085, A5 29.5542088, A6 9.39463520, E1 0.0, E2 0.0, E3 0.0, E4 0.0, E5 0.0, E6 0.0};;-2.15613961;-0.818204939;18.3412895;1.57169521;2.05244;-0.647436619;294;295;294;296;295;296;0.0185130667;0.00448801601;0.0908823311;-0.0330617204;-0.0305185094;0.0419629514;0.000305277761;0.000610278;0.0;0.0;0.0;-0.000316817;0.0;100;0;#T1;#P_FREE
2025-11-27 14:15:15.764;{E6AXIS: A1 -9.09999943, A2 -140.057190, A3 125.564560, A4 -35.3082085, A5 29.5542088, A6 9.39463520, E1 0.0, E2 0.0, E3 0.0, E4 0.0, E5 0.0, E6 0.0};;-2.52794218;1.25293971E-08;15.9553232;1.62990606;1.34874630;0.283250213;294;295;294;296;295;296;0.0162690580;-0.0100980364;0.0589052103;-0.0406913459;-0.0356049277;0.0165308602;0.0;0.000305000111;-0.000325052097;0.0;-0.000280047447;-0.000633922522;0.0;100;0;#T1;#P_FREE
2025-11-27 14:15:16.034;{E6AXIS: A1 -9.09999943, A2 -140.057190, A3 125.564560, A4 -35.3082085, A5 29.5542088, A6 9.39463520, E1 0.0, E2 0.0, E3 0.0, E4 0.0, E5 0.0, E6 0.0};;-2.52797413;0.511377692;17.0076237;2.03738260;1.81787527;0.161856115;294;295;294;296;295;296;0.0297331084;-0.0117810424;0.0695642456;-0.0432345569;-0.0165308602;0.0623086244;0.0;0.000305000111;0.000325052097;0.000270916818;0.0;0.000951028080;0.0;100;0;#T1;#P_FREE
2025-11-27 14:15:16.267;{E6AXIS: A1 -9.09999943, A2 -140.057190, A3 125.564560, A4 -35.3082085, A5 29.5542088, A6 9.39463520, E1 0.0, E2 0.0, E3 0.0, E4 0.0, E5 0.0, E6 0.0};;-1.41269958;-0.715928316;13.0906305;0.873163939;1.40738738;-0.161855936;294;295;294;296;295;296;0.0241230875;-0.0241230875;0.0819063;-0.0432345569;-0.0267036967;-0.00762962736;-0.000305000;0.000915278099;-0.000325052097;0.0;0.0;-0.000951028080;0.0;100;0;#T1;#P_FREE
2025-11-27 14:15:16.506;{E6AXIS: A1 -9.09999943, A2 -140.057190, A3 125.564560, A4 -35.3082085, A5 29.5542088, A6 9.39463520, E1 0.0, E2 0.0, E3 0.0, E4 0.0, E5 0.0, E6 0.0};;-2.15623260;-2.45461345;13.5686760;0.989585817;2.81477475;0.323711097;294;295;294;296;295;296;0.0106590381;-0.0235620849;0.0992973596;-0.0330617204;0.00635802280;0.0445061587;-0.000305277761;0.00122055598;0.0;-0.000270916818;0.000279792614;0.0;0.0;100;0;#T1;#P_FREE
2025-11-27 14:15:16.738;{E6AXIS: A1 -9.09999943, A2 -140.057190, A3 125.564560, A4 -35.3082085, A5 29.5542088, A6 9.39463520, E1 0.0, E2 0.0, E3 0.0, E4 0.0, E5 0.0, E6 0.0};;-1.70984185;1.94323432;12.1355066;1.97917163;1.93515754;0.202319264;295;295;294;296;295;296;0.0106590381;0.00112200400;0.0678812414;-0.0521357879;-0.0343333222;0.0101728365;-0.000305277761;0.0;0.000325052097;0.0;-0.000279792614;0.0;0.0;100;0;#T1;#P_FREE
2025-11-27 14:15:16.982;{E6AXIS: A1 -9.09999943, A2 -140.057190, A3 125.564560, A4 -35.3082085, A5 29.5542088, A6 9.39463520, E1 0.0, E2 0.0, E3 0.0, E4 0.0, E5 0.0, E6 0.0};;-2.60152292;4.70467186;16.2444839;1.68811703;1.52466965;-0.0809279829;295;295;294;296;295;296;0.0123420442;-0.00504901819;0.0847113058;-0.0457777642;-0.0623086244;0.0445061587;0.0;0.000305000111;0.0;0.000270670309;-0.000559840060;0.0;0.0;100;0;#T1;#P_FREE
2025-11-27 14:15:17.235;{E6AXIS: A1 -9.09999943, A2 -140.057190, A3 125.564560, A4 -35.3082085, A5 29.5542088, A6 9.39463520, E1 0.0, E2 0.0, E3 0.0, E4 0.0, E5 0.0, E6 0.0};;-1.85806537;0.511376917;12.9956360;2.32843709;1.29010499;0.0809275061;295;295;294;296;295;296;0.0252450909;0.000561002;0.0617102198;-0.0457777642;-0.0712098554;0.0597654134;0.0;0.0;0.0;0.0;0.0;-0.000317105529;0.0;100;0;#T1;#P_FREE
2025-11-27 14:15:17.490;{E6AXIS: A1 -9.09999943, A2 -140.057190, A3 125.564560, A4 -35.3082085, A5 29.5542088, A6 9.39463520, E1 0.0, E2 0.0, E3 0.0, E4 0.0, E5 0.0, E6 0.0};;-0.222957850;2.35233617;13.5689993;1.97917151;1.40738726;-1.05205977;295;295;294;296;295;296;0.0106590381;-0.00336601213;0.0830283;-0.0419629514;-0.0114444410;0.00635802280;-0.000305000;0.000610555813;-0.000650400238;0.0;-0.000559840060;0.0;0.0;100;0;#T1;#P_FREE
2025-11-27 14:15:17.742;{E6AXIS: A1 -9.09999943, A2 -140.057190, A3 125.564560, A4 -35.3082085, A5 29.5542088, A6 9.39463520, E1 0.0, E2 0.0, E3 0.0, E4 0.0, E5 0.0, E6 0.0};;-0.520221114;0.409101725;14.9068012;1.10600770;1.81787539;0.0404636897;295;295;294;296;295;296;0.0151470536;-0.0100980364;0.0987363532;-0.0356049277;-0.0406913459;0.0317901149;0.0;-0.000915555924;0.000325052097;0.0;0.000559840060;-0.000317105529;0.0;100;0;#T1;#P_FREE
2025-11-27 14:15:17.982;{E6AXIS: A1 -9.09999943, A2 -140.057190, A3 125.564560, A4 -35.3082085, A5 29.5542088, A6 9.39463520, E1 0.0, E2 0.0, E3 0.0, E4 0.0, E5 0.0, E6 0.0};;-1.93222737;-7.05700970;15.4801502;1.04779673;2.05243969;0.809276521;295;295;294;296;295;296;0.0201960728;-0.0196350701;0.0807842910;-0.0216172785;-0.0165308602;0.0317901149;0.0;0.000305000111;0.000325052097;0.0;-0.000559840060;0.000633922522;0.0;100;0;#T1;#P_FREE
2025-11-27 14:15:18.210;{E6AXIS: A1 -9.09999943, A2 -140.057190, A3 125.564560, A4 -35.3082085, A5 29.5542088, A6 9.39463520, E1 0.0, E2 0.0, E3 0.0, E4 0.0, E5 0.0, E6 0.0};;-1.04042327;-0.511377931;17.4868393;1.68811703;0.0586412437;0.202319026;295;295;294;296;295;295;0.0162690580;-0.00617102208;0.0746132657;-0.0394197404;-0.0241604857;0.0101728365;0.0;-0.000610278;0.0;0.0;0.000279792614;-0.000316817;0.0;100;0;#T1;#P_FREE
2025-11-27 14:15:18.450;{E6AXIS: A1 -9.09999943, A2 -140.057190, A3 125.564560, A4 -35.3082085, A5 29.5542088, A6 9.39463520, E1 0.0, E2 0.0, E3 0.0, E4 0.0, E5 0.0, E6 0.0};;-1.04041934;2.96598935;22.6468906;1.57169521;1.29010499;0.445218831;295;295;294;296;295;295;0.00841503;0.0297331084;0.109395400;-0.0254320912;-0.0572222061;0.0139876502;0.0;0.0;0.0;0.0;0.0;0.000317105529;0.0;100;0;#T1;#P_FREE
2025-11-27 14:15:18.688;{E6AXIS: A1 -9.09999943, A2 -140.057190, A3 125.564560, A4 -35.3082085, A5 29.5542088, A6 9.39463520, E1 0.0, E2 0.0, E3 0.0, E4 0.0, E5 0.0, E6 0.0};;-1.18904805;-4.19329596;19.5890884;1.22242951;2.99069786;0.0404805094;295;295;294;296;295;295;0.0258060936;-0.000561002;0.0667592362;-0.0267036967;-0.0406913459;-0.0241604857;0.000610555522;0.000305000111;0.0;0.0;0.0;0.0;0.0;100;0;#T1;#P_FREE
2025-11-27 14:15:18.926;{E6AXIS: A1 -9.09999943, A2 -140.057190, A3 125.564560, A4 -35.3082085, A5 29.5542088, A6 9.39463520, E1 0.0, E2 0.0, E3 0.0, E4 0.0, E5 0.0, E6 0.0};;0.297261477;0.409102023;10.7978897;2.73591375;3.57710910;0.0809688196;295;295;294;296;295;295;0.00841503;-0.0140250502;0.111078404;-0.0457777642;-0.0661234409;0.0152592547;0.0;0.000305000111;-0.000325052097;0.0;-0.000559840060;-0.000316817;0.0;100;0;#T1;#P_FREE
2025-11-27 14:15:19.165;{E6AXIS: A1 -9.09999943, A2 -140.057190, A3 125.564560, A4 -35.3082085, A5 29.5542088, A6 9.39463520, E1 0.0, E2 0.0, E3 0.0, E4 0.0, E5 0.0, E6 0.0};;-1.85788369;-0.818202913;14.8112612;1.62990606;2.52156901;1.09313512;295;295;294;296;295;295;0.0123420442;0.0173910614;0.102102362;-0.0445061587;-0.0203456730;-0.00508641824;0.0;0.0;0.0;0.0;0.000280047447;0.000633922522;0.0;100;0;#T1;#P_FREE
2025-11-27 14:15:19.405;{E6AXIS: A1 -9.09999943, A2 -140.057190, A3 125.564560, A4 -35.3082085, A5 29.5542088, A6 9.39463520, E1 0.0, E2 0.0, E3 0.0, E4 0.0, E5 0.0, E6 0.0};;-1.41199148;1.43185675;15.8623857;2.03738260;2.11108112;0.0404872149;295;295;294;296;295;295;-0.00673202425;-0.0179520641;0.0847113058;-0.0495925769;0.00127160456;0.0114444410;0.00122055551;-0.000305277907;0.0;0.0;0.000280047447;0.0;0.0;100;0;#T1;#P_FREE
2025-11-27 14:15:19.638;{E6AXIS: A1 -9.09999943, A2 -140.057190, A3 125.564560, A4 -35.3082085, A5 29.5542088, A6 9.39463520, E1 0.0, E2 0.0, E3 0.0, E4 0.0, E5 0.0, E6 0.0};;-1.85788321;-2.45461178;9.17342758;1.51348412;2.34564567;0.688298166;295;295;294;296;295;295;0.0100980364;0.0134640485;0.0723692626;-0.0368765332;-0.0178024638;0.00635802280;0.0;-0.000305277907;0.000325052097;0.0;-0.000559840060;0.0;0.0;100;0;#T1;#P_FREE
2025-11-27 14:15:19.878;{E6AXIS: A1 -9.09999943, A2 -140.057190, A3 125.564560, A4 -35.3082085, A5 29.5542088, A6 9.39463520, E1 0.0, E2 0.0, E3 0.0, E4 0.0, E5 0.0, E6 0.0};;-2.89829731;-2.86371422;10.6067753;2.15380430;1.70059311;0.647815764;295;295;294;296;295;295;0.00897603203;-0.00336601213;0.111078404;-0.0483209714;-0.0419629514;0.0254320912;0.000305000;0.0;0.0;0.0;-0.000559840060;0.0;0.0;100;0;#T1;#P_FREE
2025-11-27 14:15:20.114;{E6AXIS: A1 -9.09999943, A2 -140.057190, A3 125.564560, A4 -35.3082085, A5 29.5542088, A6 9.39463520, E1 0.0, E2 0.0, E3 0.0, E4 0.0, E5 0.0, E6 0.0};;-0.371576667;-1.12503123;14.5245924;2.38664818;2.34564567;0.0404884703;295;295;294;296;295;295;0.0185130667;-0.00168300606;0.0746132657;-0.0381481349;-0.0406913459;0.0152592547;0.000610555522;0.0;0.000325052097;0.0;-0.000280047447;-0.000633922522;0.0;100;0;#T1;#P_FREE
2025-11-27 14:15:20.349;{E6AXIS: A1 -9.09999943, A2 -140.057190, A3 125.564560, A4 -35.3082085, A5 29.5542088, A6 9.39463520, E1 0.0, E2 0.0, E3 0.0, E4 0.0, E5 0.0, E6 0.0};;-0.520207107;0.920479178;10.0334368;0.814953089;1.99379873;-0.404887885;295;295;294;296;295;295;0.00392701384;-0.00392701384;0.0908823311;-0.0330617204;-0.0343333222;0.0648518354;-0.000610277755;0.0;-0.000650400238;0.0;0.0;-0.000633922522;0.0;100;0;#T1;#P_FREE
2025-11-27 14:15:20.587;{E6AXIS: A1 -9.09999943, A2 -140.057190, A3 125.564560, A4 -35.3082085, A5 29.5542088, A6 9.39463520, E1 0.0, E2 0.0, E3 0.0, E4 0.0, E5 0.0, E6 0.0};;-1.18904495;-0.715929508;15.4801607;1.68811703;0.293205738;2.30786300;295;295;294;296;295;295;0.0145860529;-0.0117810424;0.100980364;-0.0394197404;-0.0254320912;0.0203456730;-0.000610555522;0.000305277907;0.000650400238;0.0;0.000559840060;-0.000317105529;0.0;100;0;#T1;#P_FREE
2025-11-27 14:15:20.817;{E6AXIS: A1 -9.09999943, A2 -140.057190, A3 125.564560, A4 -35.3082085, A5 29.5542088, A6 9.39463520, E1 0.0, E2 0.0, E3 0.0, E4 0.0, E5 0.0, E6 0.0};;-3.56713510;3.88646841;6.49784422;1.45527327;1.75923419;0.566843748;295;295;294;296;295;295;0.0151470536;-0.0162690580;0.102663368;-0.0381481349;-0.0419629514;-0.0279753;0.0;0.000305000111;0.0;0.0;-0.000280047447;0.000317105529;0.0;100;0;#T1;#P_FREE
2025-11-27 14:15:21.058;{E6AXIS: A1 -9.09999943, A2 -140.057190, A3 125.564560, A4 -35.3082085, A5 29.5542088, A6 9.39463520, E1 0.0, E2 0.0, E3 0.0, E4 0.0, E5 0.0, E6 0.0};;-0.297261268;-0.920480251;13.8556986;1.62990606;1.75923419;-0.688311;295;295;294;296;295;295;0.0134640485;-0.0151470536;0.0774182752;-0.0267036967;0.0;-0.0127160456;-0.000610277755;0.000305277907;0.000650400238;0.0;-0.000559840060;0.0;0.0;100;0;#T1;#P_FREE
2025-11-27 14:15:21.295;{E6AXIS: A1 -9.09999943, A2 -140.057190, A3 125.564560, A4 -35.3082085, A5 29.5542088, A6 9.39463520, E1 0.0, E2 0.0, E3 0.0, E4 0.0, E5 0.0, E6 0.0};;-0.817468405;1.12503052;11.6578970;1.39706230;1.17282283;1.41711056;295;295;294;296;295;295;0.0168300606;-0.0117810424;0.0880773216;-0.0330617204;-0.0419629514;0.0139876502;0.000915555574;0.0;0.000650400238;0.0;0.0;-0.000633922522;0.0;100;0;#T1;#P_FREE
2025-11-27 14:15:21.532;{E6AXIS: A1 -9.09999943, A2 -140.057190, A3 125.564560, A4 -35.3082085, A5 29.5542088, A6 9.39463520, E1 0.0, E2 0.0, E3 0.0, E4 0.0, E5 0.0, E6 0.0};;-4.08734179;-5.01149940;11.4667864;1.39706230;1.29010510;0.364399701;295;295;294;296;295;295;0.0157080553;-0.0100980364;0.0465631671;-0.0470493697;-0.0114444410;0.0470493697;0.0;-0.000305000111;0.000325052097;0.0;-0.000280047447;0.000633922522;0.0;100;0;#T1;#P_FREE
2025-11-27 14:15:21.771;{E6AXIS: A1 -9.09999943, A2 -140.057190, A3 125.564560, A4 -35.3082085, A5 29.5542088, A6 9.39463520, E1 0.0, E2 0.0, E3 0.0, E4 0.0, E5 0.0, E6 0.0};;0.297261417;5.72742748;11.0845594;1.51348424;1.40738726;0.526355267;295;295;294;296;295;295;0.0224400815;0.00224400801;0.0863943100;-0.0254320912;-0.0203456730;0.0445061587;-0.000305277761;-0.000610555813;0.0;0.0;0.0;0.0;0.0;100;0;#T1;#P_FREE
2025-11-27 14:15:22.002;{E6AXIS: A1 -9.09999943, A2 -140.057190, A3 125.564560, A4 -35.3082085, A5 29.5542088, A6 9.39463520, E1 0.0, E2 0.0, E3 0.0, E4 0.0, E5 0.0, E6 0.0};;0.0743156;0.409101814;9.93788147;1.86274981;1.81787539;1.29564428;295;295;294;296;295;295;0.0230010822;-0.00953703374;0.0723692626;-0.0432345569;-0.0432345569;-0.00508641824;0.0;-0.000305000111;0.0;0.0;-0.000559840060;0.0;0.0;100;0;#T1;#P_FREE
2025-11-27 14:15:22.231;{E6AXIS: A1 -9.09999943, A2 -140.057190, A3 125.564560, A4 -35.3082085, A5 29.5542088, A6 9.39463520, E1 0.0, E2 0.0, E3 0.0, E4 0.0, E5 0.0, E6 0.0};;-1.04041457;-0.102275759;18.0601864;1.39706230;0.293205738;1.25515532;295;295;294;296;295;295;0.00504901819;-0.00392701384;0.0830283;-0.0343333222;-0.0546789952;0.0381481349;0.0;0.000305000111;-0.000325052097;0.0;0.0;-0.000316817;0.0;100;0;#T1;#P_FREE
2025-11-27 14:15:22.471;{E6AXIS: A1 -9.09999943, A2 -140.057190, A3 125.564560, A4 -35.3082085, A5 29.5542088, A6 9.39463520, E1 0.0, E2 0.0, E3 0.0, E4 0.0, E5 0.0, E6 0.0};;-1.18904495;1.22730601;12.7090206;2.15380454;1.75923419;1.21466660;295;295;294;296;295;295;-0.000561002;-0.00112200400;0.0583442114;-0.0457777642;-0.0178024638;0.0330617204;-0.000915555574;-0.000305277907;0.0;0.0;0.0;-0.000317105529;0.0;100;0;#T1;#P_FREE
2025-11-27 14:15:22.706;{E6AXIS: A1 -9.09999943, A2 -140.057190, A3 125.564560, A4 -35.3082085, A5 29.5542088, A6 9.39463520, E1 0.0, E2 0.0, E3 0.0, E4 0.0, E5 0.0, E6 0.0};;-6.11153652E-08;7.05700874;15.0979338;1.22242951;0.645052612;0.850266337;295;295;294;296;295;295;0.0168300606;0.0353431255;0.0819063;-0.0546789952;-0.0228888821;-0.00762962736;0.0;0.0;0.0;0.0;-0.000559840060;0.0;0.0;100;0;#T1;#P_FREE
2025-11-27 14:15:22.945;{E6AXIS: A1 -9.09999943, A2 -140.057190, A3 125.564560, A4 -35.3082085, A5 29.5542088, A6 9.39463520, E1 0.0, E2 0.0, E3 0.0, E4 0.0, E5 0.0, E6 0.0};;-1.63493681;1.84095919;13.5690279;1.57169509;1.81787550;0.364399672;295;295;294;296;295;295;0.0185130667;0.0145860529;0.0415141508;-0.0317901149;-0.0139876502;0.0216172785;0.0;0.0;0.000650400238;0.0;-0.000280047447;0.000316817;0.0;100;0;#T1;#P_FREE
2025-11-27 14:15:23.175;{E6AXIS: A1 -9.09999943, A2 -140.057190, A3 125.564560, A4 -35.3082085, A5 29.5542088, A6 9.39463520, E1 0.0, E2 0.0, E3 0.0, E4 0.0, E5 0.0, E6 0.0};;-2.45240521;0.818204;16.5312805;2.03738260;1.05554044;0.0404886715;295;295;294;296;295;295;0.0157080553;0.0145860529;0.0863943100;-0.0406913459;-0.0661234409;-0.0101728365;0.0;0.0;-0.000325052097;0.0;0.0;0.000317105529;0.0;100;0;#T1;#P_FREE
2025-11-27 14:15:23.404;{E6AXIS: A1 -9.09999943, A2 -140.057190, A3 125.564560, A4 -35.3082085, A5 29.5542088, A6 9.39463520, E1 0.0, E2 0.0, E3 0.0, E4 0.0, E5 0.0, E6 0.0};;-2.60103607;-3.27281642;8.88675785;1.39706230;1.75923431;1.94346666;295;295;294;296;295;295;0.0230010822;0.00729302643;0.0852723047;-0.0254320912;-0.0508641824;-0.0114444410;0.0;-0.000305277907;0.0;0.0;-0.000280047447;0.0;0.0;100;0;#T1;#P_FREE
2025-11-27 14:15:23.638;{E6AXIS: A1 -9.09999943, A2 -140.057190, A3 125.564560, A4 -35.3082085, A5 29.5542088, A6 9.39463520, E1 0.0, E2 0.0, E3 0.0, E4 0.0, E5 0.0, E6 0.0};;-0.445891887;-1.63640785;16.0535;1.86274970;2.34564543;1.05271101;295;295;294;296;295;295;0.0145860529;0.0157080553;0.0740522668;-0.0292469040;-0.0330617204;-0.00254320912;0.000305277761;-0.000610278;0.0;0.0;0.0;-0.000633922522;0.0;100;0;#T1;#P_FREE
2025-11-27 14:15:23.874;{E6AXIS: A1 -9.09999943, A2 -140.057190, A3 125.564560, A4 -35.3082085, A5 29.5542088, A6 9.39463520, E1 0.0, E2 0.0, E3 0.0, E4 0.0, E5 0.0, E6 0.0};;-1.85788262;-2.76143885;13.2823601;1.97917163;1.93515766;1.70053327;295;295;294;296;295;295;0.0112200407;0.0218790788;0.0920043290;-0.0279753;-0.00762962736;0.0228888821;-0.000305000;0.000610278;0.0;-0.000270916818;0.000559840060;0.000633922522;0.0;100;0;#T1;#P_FREE
2025-11-27 14:15:24.106;{E6AXIS: A1 -9.09999943, A2 -140.057190, A3 125.564560, A4 -35.3082085, A5 29.5542088, A6 9.39463520, E1 0.0, E2 0.0, E3 0.0, E4 0.0, E5 0.0, E6 0.0};;-2.82398176;1.63640773;12.1356812;0.582109272;1.81787539;2.18640018;295;295;294;296;295;295;0.0157080553;0.00561002037;0.0779792815;-0.0495925769;-0.0394197404;-0.0139876502;0.0;0.0;0.0;0.0;0.000280047447;-0.000317105529;0.0;100;0;#T1;#P_FREE
2025-11-27 14:15:24.342;{E6AXIS: A1 -9.09999943, A2 -140.057190, A3 125.564560, A4 -35.3082085, A5 29.5542088, A6 9.39463520, E1 0.0, E2 0.0, E3 0.0, E4 0.0, E5 0.0, E6 0.0};;-3.49281955;3.78419375;16.5312805;1.92096066;2.22836328;1.01208639;295;295;294;296;295;296;0.0230010822;-0.0140250502;0.0589052103;-0.0368765332;-0.0343333222;0.0216172785;-0.000305000;0.0;0.0;0.0;0.0;0.000316817;0.0;100;0;#T1;#P_FREE
2025-11-27 14:15:24.577;{E6AXIS: A1 -9.09999943, A2 -140.057190, A3 125.564560, A4 -35.3082085, A5 29.5542088, A6 9.39463520, E1 0.0, E2 0.0, E3 0.0, E4 0.0, E5 0.0, E6 0.0};;-1.70925164;-6.85245895;7.74007845;2.03738260;1.40738750;0.485694587;295;295;294;296;295;296;0.0129030468;-0.0100980364;0.0661982372;-0.0356049277;-0.0521357879;0.0127160456;0.0;0.000610278;0.000325052097;0.0;0.000280047447;0.000633922522;0.0;100;0;#T1;#P_FREE
2025-11-27 14:15:24.810;{E6AXIS: A1 -9.09999943, A2 -140.057190, A3 125.564560, A4 -35.3082085, A5 29.5542088, A6 9.39463520, E1 0.0, E2 0.0, E3 0.0, E4 0.0, E5 0.0, E6 0.0};;0.445892066;-1.43185735;6.40228844;1.45527327;1.23146403;1.29503536;295;295;294;296;295;296;0.00168300606;-0.00785402767;0.0835893;-0.0381481349;-0.0419629514;0.0559506;0.0;0.000610278;0.0;0.0;0.000280047447;-0.000633922522;0.0;100;0;#T1;#P_FREE
2025-11-27 14:15:25.059;{E6AXIS: A1 -9.09999943, A2 -140.057190, A3 125.564560, A4 -35.3082085, A5 29.5542088, A6 9.39463520, E1 0.0, E2 0.0, E3 0.0, E4 0.0, E5 0.0, E6 0.0};;-2.45240498;-1.43185735;15.7668295;1.74632788;0.820976079;-0.445138365;295;295;294;296;295;296;0.0134640485;-0.0123420442;0.0869553164;-0.0572222061;-0.0114444410;0.0330617204;0.000610277755;0.0;0.0;0.0;0.000280047447;0.000317105529;0.0;100;0;#T1;#P_FREE
2025-11-27 14:15:25.291;{E6AXIS: A1 -9.09999943, A2 -140.057190, A3 125.564560, A4 -35.3082085, A5 29.5542088, A6 9.39463520, E1 0.0, E2 0.0, E3 0.0, E4 0.0, E5 0.0, E6 0.0};;-3.49281979;-5.21605;13.7601423;2.21201539;1.75923431;-0.404656529;295;295;294;296;295;296;-0.000561002;-0.00953703374;0.0807842910;-0.0292469040;-0.00890123192;0.0178024638;-0.000610555522;0.0;0.0;0.0;0.0;-0.000317105529;0.0;100;0;#T1;#P_FREE
2025-11-27 14:15:25.533;{E6AXIS: A1 -9.09999943, A2 -140.057190, A3 125.564560, A4 -35.3082085, A5 29.5542088, A6 9.39463520, E1 0.0, E2 0.0, E3 0.0, E4 0.0, E5 0.0, E6 0.0};;-1.85788274;-0.102275752;14.2379255;1.97917163;1.52466953;0.161859065;295;295;294;296;295;296;0.0173910614;0.0336601213;0.0869553164;-0.0432345569;-0.0419629514;0.0623086244;-0.000305000;0.000610278;0.0;0.0;-0.000279792614;0.0;0.0;100;0;#T1;#P_FREE
2025-11-27 14:15:25.768;{E6AXIS: A1 -9.09999943, A2 -140.057190, A3 125.564560, A4 -35.3082085, A5 29.5542088, A6 9.39463520, E1 0.0, E2 0.0, E3 0.0, E4 0.0, E5 0.0, E6 0.0};;-1.41199088;-0.511377752;15.0023766;1.51348424;1.46602845;2.26600409;295;295;294;296;295;296;-0.00336601213;-0.0274890978;0.0785402805;-0.0623086244;-0.0445061587;0.0317901149;0.000305277761;0.000915555924;-0.000325052097;0.0;0.000559840060;0.000316817;0.0;100;0;#T1;#P_FREE
2025-11-27 14:15:26.006;{E6AXIS: A1 -9.09999943, A2 -140.057190, A3 125.564560, A4 -35.3082085, A5 29.5542088, A6 9.39463520, E1 0.0, E2 0.0, E3 0.0, E4 0.0, E5 0.0, E6 0.0};;-2.74966621;5.82970333;19.5890923;1.57169509;1.23146403;-0.728354394;295;295;294;296;295;296;0.0106590381;0.0185130667;0.0897603258;-0.0368765332;-0.0305185094;0.0330617204;-0.000610277755;-0.000305277907;0.000325052097;0.0;-0.000280047447;0.000316817;0.0;100;0;#T1;#P_FREE
2025-11-27 14:15:26.248;{E6AXIS: A1 -9.09999943, A2 -140.057190, A3 125.564560, A4 -35.3082085, A5 29.5542088, A6 9.39463520, E1 0.0, E2 0.0, E3 0.0, E4 0.0, E5 0.0, E6 0.0};;-3.12124300;-3.27281594;18.2512970;1.33885145;2.05244;1.33531559;295;295;294;296;295;295;0.0112200407;-0.000561002;0.119493425;-0.0267036967;-0.0190740675;-0.00381481368;-0.000610555522;-0.000305000111;0.0;0.0;-0.000279792614;0.0;0.0;100;0;#T1;#P_FREE
2025-11-27 14:15:26.487;{E6AXIS: A1 -9.09999943, A2 -140.057190, A3 125.564560, A4 -35.3082085, A5 29.5542088, A6 9.39463520, E1 0.0, E2 0.0, E3 0.0, E4 0.0, E5 0.0, E6 0.0};;-3.64145;4.19329548;12.0401249;1.62990606;1.34874618;-1.05236030;295;295;294;296;295;295;0.0258060936;0.0106590381;0.0409531482;-0.0228888821;-0.0267036967;0.00381481368;-0.000305000;0.000305000111;0.0;0.0;-0.000559840060;0.000317105529;0.0;100;0;#T1;#P_FREE
2025-11-27 14:15:26.724;{E6AXIS: A1 -9.09999943, A2 -140.057190, A3 125.564560, A4 -35.3082085, A5 29.5542088, A6 9.39463520, E1 0.0, E2 0.0, E3 0.0, E4 0.0, E5 0.0, E6 0.0};;-1.18904459;1.84095871;15.2890472;1.80453885;0.762334943;0.526258051;295;295;294;296;295;295;0.0218790788;0.0353431255;0.0908823311;-0.0216172785;-0.0254320912;0.0432345569;-0.000305277761;0.0;0.000325052097;0.000541833637;0.000279792614;0.000316817;0.0;100;0;#T1;#P_FREE
2025-11-27 14:15:26.966;{E6AXIS: A1 -9.09999943, A2 -140.057190, A3 125.564560, A4 -35.3082085, A5 29.5542088, A6 9.39463520, E1 0.0, E2 0.0, E3 0.0, E4 0.0, E5 0.0, E6 0.0};;-4.75618;-2.76143861;13.2823591;0.931374848;1.23146391;1.13357472;295;295;294;296;295;295;0.0297331084;0.0218790788;0.0723692626;-0.0483209714;-0.0432345569;0.00508641824;0.0;0.000305000111;0.000650400238;0.0;-0.000559840060;-0.000317105529;0.0;100;0;#T1;#P_FREE
2025-11-27 14:15:27.196;{E6AXIS: A1 -9.09999943, A2 -140.057190, A3 125.564560, A4 -35.3082085, A5 29.5542088, A6 9.39463520, E1 0.0, E2 0.0, E3 0.0, E4 0.0, E5 0.0, E6 0.0};;-1.41199088;-3.17054033;17.2001743;1.62990606;1.17282283;-0.607299447;295;295;294;296;295;295;0.0134640485;-0.0168300606;0.0880773216;-0.0317901149;-0.0623086244;-0.0165308602;0.0;-0.000305277907;-0.000325052097;0.0;0.0;0.000316817;0.0;100;0;#T1;#P_FREE
2025-11-27 14:15:27.433;{E6AXIS: A1 -9.09999943, A2 -140.057190, A3 125.564560, A4 -35.3082085, A5 29.5542088, A6 9.39463520, E1 0.0, E2 0.0, E3 0.0, E4 0.0, E5 0.0, E6 0.0};;-2.30377436;2.76143861;14.6201515;1.10600770;1.70059311;1.25511634;295;295;294;296;295;295;0.00617102208;-0.0274890978;0.0880773216;-0.0368765332;-0.0381481349;-0.0101728365;-0.000305277761;0.0;-0.000650400238;0.0;0.0;-0.000633922522;0.0;100;0;#T1;#P_FREE
2025-11-27 14:15:27.669;{E6AXIS: A1 -9.09999943, A2 -140.057190, A3 125.564560, A4 -35.3082085, A5 29.5542088, A6 9.39463520, E1 0.0, E2 0.0, E3 0.0, E4 0.0, E5 0.0, E6 0.0};;-4.38460350;2.76143837;18.7290802;1.86274981;0.996899366;-0.202441216;295;295;294;296;295;295;0.00224400801;-0.0179520641;0.106590383;-0.0483209714;-0.0432345569;0.0419629514;-0.000305277761;0.000610278;0.0;0.0;-0.000559840060;-0.000316817;0.0;100;0;#T1;#P_FREE
2025-11-27 14:15:27.908;{E6AXIS: A1 -9.09999943, A2 -140.057190, A3 125.564560, A4 -35.3082085, A5 29.5542088, A6 9.39463520, E1 0.0, E2 0.0, E3 0.0, E4 0.0, E5 0.0, E6 0.0};;-2.67535114;2.14778543;1.62446177;2.15380454;1.58331072;0.728793;295;295;294;296;295;295;0.0274890978;0.0173910614;0.111639395;-0.0292469040;-0.0432345569;0.0203456730;-0.00183111115;-0.000305277907;0.0;0.0;0.000559840060;0.000317105529;0.0;100;0;#T1;#P_FREE
2025-11-27 14:15:28.142;{E6AXIS: A1 -9.09999943, A2 -140.057190, A3 125.564560, A4 -35.3082085, A5 29.5542088, A6 9.39463520, E1 0.0, E2 0.0, E3 0.0, E4 0.0, E5 0.0, E6 0.0};;-1.93219781;-2.86371398;16.4357262;0.523898363;2.63885117;0.769284725;295;295;294;296;295;295;0.00617102208;0.0145860529;0.100980364;-0.0368765332;-0.0216172785;0.00381481368;-0.000915555574;0.000610278;0.000325052097;0.0;0.0;-0.000316817;0.0;100;0;#T1;#P_FREE
2025-11-27 14:15:28.374;{E6AXIS: A1 -9.09999943, A2 -140.057190, A3 125.564560, A4 -35.3082085, A5 29.5542088, A6 9.39463520, E1 0.0, E2 0.0, E3 0.0, E4 0.0, E5 0.0, E6 0.0};;-4.31028748;-0.511379719;15.0023775;2.27022624;2.40428686;1.70052803;295;295;294;296;295;295;0.0280501;-0.0230010822;0.0886383206;-0.0419629514;-0.0216172785;0.00762962736;0.000305000;0.0;-0.000325052097;0.000270916818;-0.000280047447;-0.000317105529;0.0;100;0;#T1;#P_FREE
2025-11-27 14:15:28.605;{E6AXIS: A1 -9.09999943, A2 -140.057190, A3 125.564560, A4 -35.3082085, A5 29.5542088, A6 9.39463520, E1 0.0, E2 0.0, E3 0.0, E4 0.0, E5 0.0, E6 0.0};;-1.33767557;0.511377215;19.1113110;1.04779673;2.11108088;0.364399165;295;295;294;296;295;295;0.0196350701;-0.00561002037;0.105468385;-0.0279753;-0.0152592547;0.0241604857;0.0;0.000610278;0.0;0.0;-0.000559840060;-0.000317105529;0.0;100;0;#T1;#P_FREE
2025-11-27 14:15:28.837;{E6AXIS: A1 -9.09999943, A2 -140.057190, A3 125.564560, A4 -35.3082085, A5 29.5542088, A6 9.39463520, E1 0.0, E2 0.0, E3 0.0, E4 0.0, E5 0.0, E6 0.0};;-0.520207286;-5.93197918;15.5757141;2.03738260;2.16972232;-0.364399910;295;295;294;296;295;295;0.0145860529;-0.0173910614;0.0880773216;-0.0165308602;-0.0241604857;-0.00635802280;0.000305000;-0.000305277907;0.0;0.0;-0.000280047447;0.000316817;0.0;100;0;#T1;#P_FREE
2025-11-27 14:15:29.078;{E6AXIS: A1 -9.09999943, A2 -140.057190, A3 125.564560, A4 -35.3082085, A5 29.5542088, A6 9.39463520, E1 0.0, E2 0.0, E3 0.0, E4 0.0, E5 0.0, E6 0.0};;-2.00651336;-1.84095931;12.0401239;1.74632788;1.64195192;2.06493235;295;295;294;296;295;295;-0.00280501018;0.0173910614;0.0847113058;-0.0317901149;-0.0254320912;0.0152592547;-0.000610555522;-0.000305277907;0.0;0.0;0.0;0.0;0.0;100;0;#T1;#P_FREE
2025-11-27 14:15:29.313;{E6AXIS: A1 -9.09999943, A2 -140.057190, A3 125.564560, A4 -35.3082085, A5 29.5542088, A6 9.39463520, E1 0.0, E2 0.0, E3 0.0, E4 0.0, E5 0.0, E6 0.0};;-2.82398176;6.03425455;17.8690720;1.33885145;2.52156901;1.66004384;295;295;294;296;295;295;0.0213180762;0.0173910614;0.0723692626;-0.0343333222;-0.0445061587;0.0190740675;0.000915555574;0.000305277907;0.0;0.0;-0.000280047447;0.0;0.0;100;0;#T1;#P_FREE
2025-11-27 14:15:29.552;{E6AXIS: A1 -9.09999943, A2 -140.057190, A3 125.564560, A4 -35.3082085, A5 29.5542088, A6 9.39463520, E1 0.0, E2 0.0, E3 0.0, E4 0.0, E5 0.0, E6 0.0};;-2.22945929;-1.94323456;16.0535;1.68811691;0.410488158;-0.607333541;295;295;294;296;295;295;0.0252450909;0.0129030468;0.0471241698;-0.0267036967;-0.0419629514;0.00381481368;-0.000305000;0.000305277907;-0.000325052097;0.0;0.0;0.000316817;0.0;100;0;#T1;#P_FREE
2025-11-27 14:15:29.786;{E6AXIS: A1 -9.09999943, A2 -140.057190, A3 125.564560, A4 -35.3082085, A5 29.5542088, A6 9.39463520, E1 0.0, E2 0.0, E3 0.0, E4 0.0, E5 0.0, E6 0.0};;-0.0743153095;3.68191671;14.2379255;1.74672723;2.46292782;0.647822082;295;295;294;295;295;295;0.0157080553;0.0179520641;0.0953703448;-0.0330617204;-0.00635802280;0.0381481349;0.000610277755;-0.000610278;0.000325052097;0.0;-0.000280047447;0.0;0.0;100;0;#T1;#P_FREE
2025-11-27 14:15:30.018;{E6AXIS: A1 -9.09999943, A2 -140.057190, A3 125.564560, A4 -35.3082085, A5 29.5542088, A6 9.39463520, E1 0.0, E2 0.0, E3 0.0, E4 0.0, E5 0.0, E6 0.0};;-0.891783535;-4.70467329;16.8179512;1.74702859;0.762334824;2.18639922;295;295;294;295;295;295;0.0190740675;-0.00953703374;0.116127416;-0.0228888821;-0.0127160456;-0.0241604857;0.000305277761;0.0;0.0;0.0;-0.000559840060;0.0;0.0;100;0;#T1;#P_FREE
2025-11-27 14:15:30.252;{E6AXIS: A1 -9.09999943, A2 -140.057190, A3 125.564560, A4 -35.3082085, A5 29.5542088, A6 9.39463520, E1 0.0, E2 0.0, E3 0.0, E4 0.0, E5 0.0, E6 0.0};;-3.56713462;3.37509036;12.9956903;2.44607854;1.93515742;0.971733272;295;295;294;295;295;295;0.00168300606;0.0291721057;0.0987363532;-0.0610370189;-0.0648518354;0.0178024638;0.000305277761;0.000610278;-0.000325052097;0.0;0.000280047447;0.0;0.0;100;0;#T1;#P_FREE
2025-11-27 14:15:30.492;{E6AXIS: A1 -9.09999943, A2 -140.057190, A3 125.564560, A4 -35.3082085, A5 29.5542088, A6 9.39463520, E1 0.0, E2 0.0, E3 0.0, E4 0.0, E5 0.0, E6 0.0};;-2.67535114;3.78419399;13.1868029;0.931890488;2.93205690;0.647822142;295;295;294;295;295;295;0.0179520641;0.0162690580;0.0908823311;-0.0267036967;-0.0445061587;0.0368765332;0.0;0.0;0.0;0.0;0.000839887478;0.000316817;0.0;100;0;#T1;#P_FREE
2025-11-27 14:15:30.726;{E6AXIS: A1 -9.09999943, A2 -140.057190, A3 125.564560, A4 -35.3082085, A5 29.5542088, A6 9.39463520, E1 0.0, E2 0.0, E3 0.0, E4 0.0, E5 0.0, E6 0.0};;-2.37808943;0.715928137;17.2957344;1.39787698;0.879617155;0.485866427;295;295;294;295;295;295;0.0168300606;-0.00224400801;0.126786456;-0.0381481349;-0.0165308602;0.0101728365;-0.000610555522;0.0;0.000325052097;0.0;-0.000559840060;0.000633922522;0.0;100;0;#T1;#P_FREE
2025-11-27 14:15:30.973;{E6AXIS: A1 -9.09999943, A2 -140.057190, A3 125.564560, A4 -35.3082085, A5 29.5542088, A6 9.39463520, E1 0.0, E2 0.0, E3 0.0, E4 0.0, E5 0.0, E6 0.0};;-0.520206928;1.53413212;14.3334818;1.39790046;1.58331072;0.809777200;295;295;294;295;295;295;0.00729302643;0.00897603203;0.0847113058;-0.0305185094;-0.0305185094;0.0254320912;-0.000305277761;0.000610278;-0.000325348141;0.0;0.0;-0.000317105529;0.0;100;0;#T1;#P_FREE
2025-11-27 14:15:31.205;{E6AXIS: A1 -9.09999943, A2 -140.057190, A3 125.564560, A4 -35.3082085, A5 29.5542088, A6 9.39463520, E1 0.0, E2 0.0, E3 0.0, E4 0.0, E5 0.0, E6 0.0};;-1.18904483;5.21604967;14.6201506;2.56283927;-1.11418152;-1.98473231E-07;295;295;294;295;295;295;0.00897603203;-0.0213180762;0.0819063;-0.0406913459;-0.0101728365;0.0686666444;0.000610555522;0.000610278;0.0;0.0;0.0;0.000951028080;0.0;100;0;#T1;#P_FREE
2025-11-27 14:15:31.446;{E6AXIS: A1 -9.09999943, A2 -140.057190, A3 125.564560, A4 -35.3082085, A5 29.5542088, A6 9.39463520, E1 0.0, E2 0.0, E3 0.0, E4 0.0, E5 0.0, E6 0.0};;-2.30377460;3.37509108;17.8690720;1.16493285;1.70059288;1.33613324;295;295;294;295;295;295;0.0145860529;-0.0342211202;0.0774182752;-0.0470493697;-0.0495925769;0.0101728365;0.0;0.000610278;0.0;0.0;0.0;0.000317105529;0.0;100;0;#T1;#P_FREE
2025-11-27 14:15:31.682;{E6AXIS: A1 -9.09999943, A2 -140.057190, A3 125.564560, A4 -35.3082085, A5 29.5542088, A6 9.39463520, E1 0.0, E2 0.0, E3 0.0, E4 0.0, E5 0.0, E6 0.0};;-3.19555831;-0.306826264;17.1046200;2.56255841;0.586411417;0.323910594;295;295;294;296;295;295;0.00504901819;0.0190740675;0.0908823311;-0.0203456730;-0.0381481349;0.0228888821;-0.000305277761;0.000610278;0.000325052097;0.0;-0.000280047447;0.0;0.0;100;0;#T1;#P_FREE
2025-11-27 14:15:31.920;{E6AXIS: A1 -9.09999943, A2 -140.057190, A3 125.564560, A4 -35.3082085, A5 29.5542088, A6 9.39463520, E1 0.0, E2 0.0, E3 0.0, E4 0.0, E5 0.0, E6 0.0};;-0.817468226;-2.55688715;10.7023325;0.989858627;1.17282283;0.526355326;295;295;294;296;295;295;0.0117810424;0.0;0.0964923501;-0.0241604857;-0.0483209714;0.00254320912;-0.000915555574;-0.000305277907;0.0;0.0;0.0;0.0;0.0;100;0;#T1;#P_FREE
2025-11-27 14:15:32.151;{E6AXIS: A1 -9.09999943, A2 -140.057190, A3 125.564560, A4 -35.3082085, A5 29.5542088, A6 9.39463520, E1 0.0, E2 0.0, E3 0.0, E4 0.0, E5 0.0, E6 0.0};;-1.26336026;-2.04550958;13.0912466;1.10617840;0.469129175;0.121466614;295;295;294;296;295;295;0.0100980364;0.00336601213;0.0645152330;-0.0445061587;-0.0368765332;0.0241604857;-0.000610277755;0.0;0.0;0.0;0.0;0.000317105529;0.0;100;0;#T1;#P_FREE
2025-11-27 14:15:32.384;{E6AXIS: A1 -9.09999943, A2 -140.057190, A3 125.564560, A4 -35.3082085, A5 29.5542088, A6 9.39463520, E1 0.0, E2 0.0, E3 0.0, E4 0.0, E5 0.0, E6 0.0};;-1.85788250;1.12503040;9.93788147;0.873238146;2.40428686;-0.364334047;295;295;294;296;295;296;0.00336601213;0.00336601213;0.0549781956;-0.0356049277;-0.00127160456;0.0203456730;0.000915555574;0.000915555924;0.0;0.0;0.0;-0.000316817;0.0;100;0;#T1;#P_FREE
2025-11-27 14:15:32.620;{E6AXIS: A1 -9.09999943, A2 -140.057190, A3 125.564560, A4 -35.3082085, A5 29.5542088, A6 9.39463520, E1 0.0, E2 0.0, E3 0.0, E4 0.0, E5 0.0, E6 0.0};;-3.41850448;1.02275515;15.2890463;1.33891487;2.75613332;0.0809471384;295;295;294;296;295;296;0.0151470536;-0.0129030468;0.0869553164;-0.0368765332;0.0178024638;0.0127160456;0.0;-0.000915278099;0.000650400238;0.0;0.000280047447;0.000316817;0.0;100;0;#T1;#P_FREE
2025-11-27 14:15:32.860;{E6AXIS: A1 -9.09999943, A2 -140.057190, A3 125.564560, A4 -35.3082085, A5 29.5542088, A6 9.39463520, E1 0.0, E2 0.0, E3 0.0, E4 0.0, E5 0.0, E6 0.0};;-2.52672076;-3.78419375;9.26898384;0.931398869;3.16662121;0.607038677;295;295;294;296;295;296;0.00673202425;-0.00504901819;0.0690032467;-0.0356049277;-0.0165308602;-0.0495925769;0.000610555522;0.000305000111;0.000325348141;0.0;-0.000559840060;-0.000633922522;0.0;100;0;#T1;#P_FREE
2025-11-27 14:15:33.100;{E6AXIS: A1 -9.09999943, A2 -140.057190, A3 125.564560, A4 -35.3082085, A5 29.5542088, A6 9.39463520, E1 0.0, E2 0.0, E3 0.0, E4 0.0, E5 0.0, E6 0.0};;-2.22945929;-0.715928316;10.7023335;1.33887053;3.69439149;0.566535056;295;295;294;296;295;296;0.0224400815;-0.0314161107;0.0510511808;-0.0305185094;-0.0495925769;0.00762962736;-0.000305277761;0.000610278;-0.000325052097;0.0;0.000559840060;0.0;0.0;100;0;#T1;#P_FREE
2025-11-27 14:15:33.340;{E6AXIS: A1 -9.09999943, A2 -140.057190, A3 125.564560, A4 -35.3082085, A5 29.5542088, A6 9.39463520, E1 0.0, E2 0.0, E3 0.0, E4 0.0, E5 0.0, E6 0.0};;-1.41199100;6.95473337;14.9068213;1.51349604;2.58021;1.05210197;295;295;294;296;295;296;0.0280501;0.00392701384;0.107151389;-0.0445061587;-0.0432345569;-0.00762962736;0.00122055551;0.0;0.000325052097;0.0;0.000280047447;0.0;0.0;100;0;#T1;#P_FREE
2025-11-27 14:15:33.572;{E6AXIS: A1 -9.09999943, A2 -140.057190, A3 125.564560, A4 -35.3082085, A5 29.5542088, A6 9.39463520, E1 0.0, E2 0.0, E3 0.0, E4 0.0, E5 0.0, E6 0.0};;-0.817468286;-7.97748899;7.45340967;2.38665843;1.93515766;-1.37580097;295;295;294;295;295;296;0.00168300606;0.0168300606;0.0695642456;-0.0470493697;-0.00635802280;-0.00508641824;-0.000305277761;0.0;-0.000650400238;0.0;0.000559840060;-0.000633922522;0.0;100;0;#T1;#P_FREE
2025-11-27 14:15:33.808;{E6AXIS: A1 -9.09999943, A2 -140.057190, A3 125.564560, A4 -35.3082085, A5 29.5542088, A6 9.39463520, E1 0.0, E2 0.0, E3 0.0, E4 0.0, E5 0.0, E6 0.0};;-1.33767533;-6.54563189;11.4667864;1.57209432;3.28390360;0.849750400;295;295;294;295;295;296;0.0409531482;0.00561002037;0.0813452899;-0.0279753;-0.0406913459;0.0139876502;0.0;0.000610278;0.0;0.0;-0.000280047447;-0.000317105529;0.0;100;0;#T1;#P_FREE
2025-11-27 14:15:34.038;{E6AXIS: A1 -9.09999943, A2 -140.057190, A3 125.564560, A4 -35.3082085, A5 29.5542088, A6 9.39463520, E1 0.0, E2 0.0, E3 0.0, E4 0.0, E5 0.0, E6 0.0};;1.26336026;-3.68191791;10.6067753;1.92175949;1.81761801;-0.283248872;295;295;294;295;296;296;0.0325381160;-0.00168300606;0.0830283;-0.0521357879;-0.0317901149;0.00508641824;-0.000915555574;-0.000305000111;0.0;0.0;0.0;-0.000317105529;0.0;100;0;#T1;#P_FREE
2025-11-27 14:15:34.276;{E6AXIS: A1 -9.09999943, A2 -140.057190, A3 125.564560, A4 -35.3082085, A5 29.5542088, A6 9.39463520, E1 0.0, E2 0.0, E3 0.0, E4 0.0, E5 0.0, E6 0.0};;-1.48630619;7.15928507;13.0912466;1.22304893;1.23102653;2.02323532;295;295;294;295;296;295;0.0134640485;0.0117810424;0.0538561940;-0.0432345569;-0.0216172785;0.0254320912;0.0;0.0;-0.000650400238;0.0;0.000279792614;-0.000317105529;0.0;100;0;#T1;#P_FREE
2025-11-27 14:15:34.517;{E6AXIS: A1 -9.09999943, A2 -140.057190, A3 125.564560, A4 -35.3082085, A5 29.5542088, A6 9.39463520, E1 0.0, E2 0.0, E3 0.0, E4 0.0, E5 0.0, E6 0.0};;-3.19555855;4.70467234;9.65121174;2.32973886;2.16868615;0.890470207;295;295;294;295;296;295;0.0179520641;-0.00336601213;0.0835893;-0.0317901149;-0.0470493697;0.0394197404;-0.000610555522;-0.000610278;0.0;0.0;-0.000279792614;0.0;0.0;100;0;#T1;#P_FREE
2025-11-27 14:15:34.760;{E6AXIS: A1 -9.09999943, A2 -140.057190, A3 125.564560, A4 -35.3082085, A5 29.5542088, A6 9.39463520, E1 0.0, E2 0.0, E3 0.0, E4 0.0, E5 0.0, E6 0.0};;-1.63493657;-1.94323516;17.6779613;2.62102699;2.16854882;0.404817402;295;295;294;295;296;295;0.0207570754;0.00504901819;0.0718082562;-0.0432345569;-0.0317901149;-0.0445061587;0.000610277755;-0.000305277907;0.000650400238;-0.000270670309;0.0;0.0;0.0;100;0;#T1;#P_FREE
2025-11-27 14:15:34.994;{E6AXIS: A1 -9.09999943, A2 -140.057190, A3 125.564560, A4 -35.3082085, A5 29.5542088, A6 9.39463520, E1 0.0, E2 0.0, E3 0.0, E4 0.0, E5 0.0, E6 0.0};;-0.594522297;1.84095919;7.83563519;1.51439357;1.81682944;0.485818386;295;295;294;295;296;295;0.00897603203;-0.0123420442;0.0936873406;-0.0356049277;-0.0457777642;-0.0114444410;0.00122083328;0.000305277907;0.0;0.0;0.000559840060;-0.000317105529;0.0;100;0;#T1;#P_FREE
2025-11-27 14:15:35.224;{E6AXIS: A1 -9.09999943, A2 -140.057190, A3 125.564560, A4 -35.3082085, A5 29.5542088, A6 9.39463520, E1 0.0, E2 0.0, E3 0.0, E4 0.0, E5 0.0, E6 0.0};;-1.93219769;1.73868322;15.9579411;1.33966696;2.63728094;0.445353121;295;295;294;295;296;295;0.0274890978;0.0213180762;0.0931263342;-0.0292469040;-0.0356049277;-0.0330617204;0.0;0.0;0.0;-0.000270670309;0.0;0.0;0.0;100;0;#T1;#P_FREE
2025-11-27 14:15:35.464;{E6AXIS: A1 -9.09999943, A2 -140.057190, A3 125.564560, A4 -35.3082085, A5 29.5542088, A6 9.39463520, E1 0.0, E2 0.0, E3 0.0, E4 0.0, E5 0.0, E6 0.0};;-3.86439610;-2.86371350;6.97562695;1.33967328;1.58235145;0.850240886;295;295;294;295;296;295;0.0;0.00673202425;0.0426361524;-0.0317901149;-0.0432345569;0.0101728365;0.00122083328;-0.000305277907;0.0;0.0;0.0;0.000316817;0.0;100;0;#T1;#P_FREE
2025-11-27 14:15:35.706;{E6AXIS: A1 -9.09999943, A2 -140.057190, A3 125.564560, A4 -35.3082085, A5 29.5542088, A6 9.39463520, E1 0.0, E2 0.0, E3 0.0, E4 0.0, E5 0.0, E6 0.0};;-1.04041409;6.44335604;19.3024216;1.51421762;2.52002621;0.364393800;295;295;294;296;296;295;0.00953703374;-0.0420751497;0.0858333111;-0.0406913459;-0.0356049277;0.00381481368;-0.000610277755;-0.000305000111;0.0;0.0;0.0;0.0;0.0;100;0;#T1;#P_FREE
2025-11-27 14:15:35.944;{E6AXIS: A1 -9.09999943, A2 -140.057190, A3 125.564560, A4 -35.3082085, A5 29.5542088, A6 9.39463520, E1 0.0, E2 0.0, E3 0.0, E4 0.0, E5 0.0, E6 0.0};;-0.297261208;-5.62515306;14.9068213;1.97969592;1.69957399;2.42931151;295;295;294;296;295;295;0.0230010822;0.0308551099;0.0807842910;-0.0203456730;-0.0445061587;0.0356049277;0.000610555522;0.0;0.0;-0.000270670309;0.000279792614;0.0;0.0;100;0;#T1;#P_FREE
2025-11-27 14:15:36.181;{E6AXIS: A1 -9.09999943, A2 -140.057190, A3 125.564560, A4 -35.3082085, A5 29.5542088, A6 9.39463520, E1 0.0, E2 0.0, E3 0.0, E4 0.0, E5 0.0, E6 0.0};;-2.82398152;-5.52287769;11.7534542;2.15411949;0.820705473;0.323909283;295;295;294;296;295;295;0.0207570754;-0.00785402767;0.0701252520;-0.0546789952;-0.0559506;-0.0432345569;0.000610277755;-0.000610278;-0.000650400238;0.0;0.0;0.0;0.0;100;0;#T1;#P_FREE
2025-11-27 14:15:36.415;{E6AXIS: A1 -9.09999943, A2 -140.057190, A3 125.564560, A4 -35.3082085, A5 29.5542088, A6 9.39463520, E1 0.0, E2 0.0, E3 0.0, E4 0.0, E5 0.0, E6 0.0};;-2.08082867;3.06826520;17.4868488;1.45539212;0.879457355;0.890753150;295;295;294;296;295;295;0.0162690580;0.0196350701;0.108273387;-0.0317901149;-0.0559506;-0.0139876502;-0.000610277755;0.0;-0.000650400238;0.0;0.000280047447;-0.000633922522;0.0;100;0;#T1;#P_FREE
2025-11-27 14:15:36.650;{E6AXIS: A1 -9.09999943, A2 -140.057190, A3 125.564560, A4 -35.3082085, A5 29.5542088, A6 9.39463520, E1 0.0, E2 0.0, E3 0.0, E4 0.0, E5 0.0, E6 0.0};;-1.78356743;5.01149940;12.9001331;0.873203516;0.527716756;0.283421636;295;295;294;296;295;295;0.0190740675;0.00953703374;0.0841503;-0.0470493697;-0.0445061587;0.0279753;0.0;0.000305277907;0.0;0.0;0.0;0.0;0.0;100;0;#T1;#P_FREE
2025-11-27 14:15:36.892;{E6AXIS: A1 -9.09999943, A2 -140.057190, A3 125.564560, A4 -35.3082085, A5 29.5542088, A6 9.39463520, E1 0.0, E2 0.0, E3 0.0, E4 0.0, E5 0.0, E6 0.0};;-2.60103583;-0.715928912;14.0468130;0.931397855;0.996843815;0.404888242;295;295;294;296;295;295;0.0263670962;-0.0117810424;0.0650762320;-0.0343333222;-0.00635802280;-0.0101728365;0.000610277755;0.000305000111;0.0;0.0;-0.000279792614;0.0;0.0;100;0;#T1;#P_FREE
2025-11-27 14:15:37.132;{E6AXIS: A1 -9.09999943, A2 -140.057190, A3 125.564560, A4 -35.3082085, A5 29.5542088, A6 9.39463520, E1 0.0, E2 0.0, E3 0.0, E4 0.0, E5 0.0, E6 0.0};;-1.33767545;-0.306826234;17.5824032;1.80456328;1.40734482;1.29564357;295;295;294;296;295;295;0.0190740675;-0.00953703374;0.0948093459;-0.0483209714;-0.0470493697;0.0114444410;0.000305277761;0.0;0.000325052097;0.0;0.0;0.0;0.0;100;0;#T1;#P_FREE
2025-11-27 14:15:37.372;{E6AXIS: A1 -9.09999943, A2 -140.057190, A3 125.564560, A4 -35.3082085, A5 29.5542088, A6 9.39463520, E1 0.0, E2 0.0, E3 0.0, E4 0.0, E5 0.0, E6 0.0};;-0.966098905;0.306826651;20.3535423;1.92097473;1.93512571;0.931244195;295;295;294;296;295;295;0.0213180762;-0.00561002037;0.102663368;-0.0381481349;-0.0165308602;0.0114444410;-0.000610555522;0.000305000111;-0.000650400238;0.0;0.000279792614;0.000633922522;0.0;100;0;#T1;#P_FREE
2025-11-27 14:15:37.612;{E6AXIS: A1 -9.09999943, A2 -140.057190, A3 125.564560, A4 -35.3082085, A5 29.5542088, A6 9.39463520, E1 0.0, E2 0.0, E3 0.0, E4 0.0, E5 0.0, E6 0.0};;-4.23597240;-1.22730625;12.6134634;1.62991273;0.820968509;-0.809778154;295;295;294;296;295;295;0.0207570754;-0.0297331084;0.106029376;-0.0330617204;-0.0305185094;0.0470493697;0.000610277755;0.0;-0.000325052097;0.0;0.000559840060;-0.000633922522;0.0;100;0;#T1;#P_FREE
2025-11-27 14:15:37.849;{E6AXIS: A1 -9.09999943, A2 -140.057190, A3 125.564560, A4 -35.3082085, A5 29.5542088, A6 9.39463520, E1 0.0, E2 0.0, E3 0.0, E4 0.0, E5 0.0, E6 0.0};;-1.70925212;-6.64790726;8.98231602;0.407477438;0.879612803;0.688310504;295;295;294;296;295;295;-0.00280501018;0.00280501018;0.103224374;-0.0317901149;-0.0470493697;-0.0101728365;0.0;0.0;0.000325052097;0.0;0.0;0.0;0.0;100;0;#T1;#P_FREE
2025-11-27 14:15:38.083;{E6AXIS: A1 -9.09999943, A2 -140.057190, A3 125.564560, A4 -35.3082085, A5 29.5542088, A6 9.39463520, E1 0.0, E2 0.0, E3 0.0, E4 0.0, E5 0.0, E6 0.0};;-0.445891947;-4.50012112;15.1934910;1.45527506;3.57709956;0.283422023;295;295;294;296;295;295;0.0224400815;-0.000561002;0.0869553164;-0.0356049277;-0.0406913459;-0.00508641824;-0.000305277761;0.0;0.0;0.0;0.0;0.0;0.0;100;0;#T1;#P_FREE
2025-11-27 14:15:38.317;{E6AXIS: A1 -9.09999943, A2 -140.057190, A3 125.564560, A4 -35.3082085, A5 29.5542088, A6 9.39463520, E1 0.0, E2 0.0, E3 0.0, E4 0.0, E5 0.0, E6 0.0};;-1.48630595;1.94323421;15.0023785;1.51348519;1.52466738;0.566844344;295;295;294;296;295;295;0.0134640485;-0.00224400801;0.0875163153;-0.0190740675;-0.0305185094;0.0190740675;0.000610277755;0.000305000111;-0.000650400238;0.0;0.0;-0.000317105529;0.0;100;0;#T1;#P_FREE
2025-11-27 14:15:38.553;{E6AXIS: A1 -9.09999943, A2 -140.057190, A3 125.564560, A4 -35.3082085, A5 29.5542088, A6 9.39463520, E1 0.0, E2 0.0, E3 0.0, E4 0.0, E5 0.0, E6 0.0};;-1.93219817;-2.25006;13.1868019;1.33885193;2.11107922;1.25515544;295;295;294;296;295;295;-0.0157080553;-0.00112200400;0.0813452899;-0.0330617204;-0.0584938079;-0.0178024638;-0.000305277761;-0.000610278;0.000325052097;0.0;0.0;-0.000316817;0.0;100;0;#T1;#P_FREE
2025-11-27 14:15:38.796;{E6AXIS: A1 -9.09999943, A2 -140.057190, A3 125.564560, A4 -35.3082085, A5 29.5542088, A6 9.39463520, E1 0.0, E2 0.0, E3 0.0, E4 0.0, E5 0.0, E6 0.0};;-3.49281907;5.11377478;15.0023766;1.04779696;1.58330977;1.57906663;295;295;294;296;295;295;0.0134640485;-0.0173910614;0.0561002;-0.0305185094;-0.0445061587;0.00635802280;0.0;-0.000610278;-0.000650400238;0.0;0.0;0.000633922522;0.0;100;0;#T1;#P_FREE
2025-11-27 14:15:39.042;{E6AXIS: A1 -9.09999943, A2 -140.057190, A3 125.564560, A4 -35.3082085, A5 29.5542088, A6 9.39463520, E1 0.0, E2 0.0, E3 0.0, E4 0.0, E5 0.0, E6 0.0};;-2.30377460;-1.02275538;18.5379696;1.92096090;1.11418164;1.33613312;295;295;294;296;295;295;0.0134640485;-0.0123420442;0.0920043290;-0.0470493697;-0.0394197404;0.0368765332;0.0;-0.000610278;0.0;0.0;0.000559840060;0.000316817;0.0;100;0;#T1;#P_FREE
2025-11-27 14:15:39.278;{E6AXIS: A1 -9.09999943, A2 -140.057190, A3 125.564560, A4 -35.3082085, A5 29.5542088, A6 9.39463520, E1 0.0, E2 0.0, E3 0.0, E4 0.0, E5 0.0, E6 0.0};;-3.04692745;-2.25006104;13.7601414;0.814953089;1.87651610;-0.161955729;295;295;294;296;295;295;0.0100980364;-0.0330991186;0.0931263342;-0.0228888821;0.0216172785;0.00890123192;0.000305277761;0.0;-0.000325052097;0.0;-0.000280047447;-0.000316817;0.0;100;0;#T1;#P_FREE
2025-11-27 14:15:39.518;{E6AXIS: A1 -9.09999943, A2 -140.057190, A3 125.564560, A4 -35.3082085, A5 29.5542088, A6 9.39463520, E1 0.0, E2 0.0, E3 0.0, E4 0.0, E5 0.0, E6 0.0};;-1.93219781;-1.12503064;20.1624298;1.97917163;-0.645052314;0.607333362;295;295;294;296;295;295;0.0297331084;-0.0286111031;0.0661982372;-0.0330617204;-0.0368765332;0.0267036967;-0.000610555522;0.0;0.0;0.0;0.000279792614;0.0;0.0;100;0;#T1;#P_FREE
2025-11-27 14:15:39.758;{E6AXIS: A1 -9.09999943, A2 -140.057190, A3 125.564560, A4 -35.3082085, A5 29.5542088, A6 9.39463520, E1 0.0, E2 0.0, E3 0.0, E4 0.0, E5 0.0, E6 0.0};;-1.70925188;-0.715928614;17.3912907;2.27064061;2.16972208;-0.0404891185;295;295;294;295;295;295;0.0235620849;-0.00785402767;0.102102362;-0.0228888821;-0.0356049277;-0.00890123192;0.0;0.0;0.0;0.0;-0.000280047447;-0.000316817;0.0;100;0;#T1;#P_FREE
2025-11-27 14:15:39.997;{E6AXIS: A1 -9.09999943, A2 -140.057190, A3 125.564560, A4 -35.3082085, A5 29.5542088, A6 9.39463520, E1 0.0, E2 0.0, E3 0.0, E4 0.0, E5 0.0, E6 0.0};;-1.70925212;0.409102589;15.4801607;1.63053036;2.52156878;1.37662196;295;295;294;295;295;295;-0.00392701384;0.0325381160;0.0976143554;-0.0394197404;-0.0394197404;0.0483209714;0.0;-0.000610278;0.0;0.0;-0.000559840060;0.0;0.0;100;0;#T1;#P_FREE
2025-11-27 14:15:40.244;{E6AXIS: A1 -9.09999943, A2 -140.057190, A3 125.564560, A4 -35.3082085, A5 29.5542088, A6 9.39463520, E1 0.0, E2 0.0, E3 0.0, E4 0.0, E5 0.0, E6 0.0};;-1.56062138;1.32958162;11.3712292;1.16478908;2.16972184;0.242933080;295;295;294;295;295;295;0.0258060936;-0.00392701384;0.0476851724;-0.0406913459;-0.0368765332;-0.0127160456;0.00152583327;0.0;-0.000650400238;0.0;0.0;0.0;0.0;100;0;#T1;#P_FREE
2025-11-27 14:15:40.485;{E6AXIS: A1 -9.09999943, A2 -140.057190, A3 125.564560, A4 -35.3082085, A5 29.5542088, A6 9.39463520, E1 0.0, E2 0.0, E3 0.0, E4 0.0, E5 0.0, E6 0.0};;-1.56062150;-3.06826520;19.1113071;1.86377323;1.34874618;-0.769289374;295;295;294;295;295;295;0.0224400815;-0.0286111031;0.0869553164;-0.0483209714;-0.0165308602;0.0305185094;-0.000610555522;0.000305277907;0.0;0.0;0.0;-0.000633922522;0.0;100;0;#T1;#P_FREE
2025-11-27 14:15:40.720;{E6AXIS: A1 -9.09999943, A2 -140.057190, A3 125.564560, A4 -35.3082085, A5 29.5542088, A6 9.39463520, E1 0.0, E2 0.0, E3 0.0, E4 0.0, E5 0.0, E6 0.0};;-3.19555807;-1.12503064;15.2890453;2.27154374;1.93515730;-0.526355863;295;295;294;295;295;295;0.00897603203;0.0140250502;0.112761408;-0.0483209714;-0.0254320912;0.0203456730;0.0;-0.000305277907;-0.000650400238;0.0;0.000280047447;-0.000317105529;0.0;100;0;#T1;#P_FREE
2025-11-27 14:15:40.960;{E6AXIS: A1 -9.09999943, A2 -140.057190, A3 125.564560, A4 -35.3082085, A5 29.5542088, A6 9.39463520, E1 0.0, E2 0.0, E3 0.0, E4 0.0, E5 0.0, E6 0.0};;-0.966098726;1.63640821;11.3712282;2.09684730;1.99379861;0.0404888913;295;295;294;295;295;295;0.0162690580;-0.0297331084;0.0875163153;-0.0521357879;-0.00635802280;-0.00635802280;0.000915555574;-0.000610278;0.000325052097;0.000541587127;0.0;0.000317105529;0.0;100;0;#T1;#P_FREE
2025-11-27 14:15:41.201;{E6AXIS: A1 -9.09999943, A2 -140.057190, A3 125.564560, A4 -35.3082085, A5 29.5542088, A6 9.39463520, E1 0.0, E2 0.0, E3 0.0, E4 0.0, E5 0.0, E6 0.0};;-0.891783655;-1.53413236;12.7090206;1.57265055;1.93515754;1.66004443;295;295;294;295;295;295;0.0100980364;-0.00504901819;0.0729302615;-0.0419629514;-0.0241604857;-0.00762962736;0.000915555574;0.000610278;0.0;0.0;-0.000280047447;-0.000316817;0.0;100;0;#T1;#P_FREE
2025-11-27 14:15:41.440;{E6AXIS: A1 -9.09999943, A2 -140.057190, A3 125.564560, A4 -35.3082085, A5 29.5542088, A6 9.39463520, E1 0.0, E2 0.0, E3 0.0, E4 0.0, E5 0.0, E6 0.0};;-1.11472976;0.102275580;14.3334818;1.68915188;1.64195192;-0.202444553;295;295;294;295;295;295;0.0230010822;-0.00448801601;0.0976143554;-0.0203456730;-0.0317901149;0.0139876502;0.0;0.000610278;-0.000325052097;0.0;0.000559840060;0.000317105529;0.0;100;0;#T1;#P_FREE
2025-11-27 14:15:41.677;{E6AXIS: A1 -9.09999943, A2 -140.057190, A3 125.564560, A4 -35.3082085, A5 29.5542088, A6 9.39463520, E1 0.0, E2 0.0, E3 0.0, E4 0.0, E5 0.0, E6 0.0};;-0.668837726;0.818203866;15.9579411;1.39792287;0.175923392;1.05271101;295;295;294;295;295;295;0.0145860529;0.0140250502;0.0964923501;-0.0508641824;-0.0521357879;0.0101728365;0.000305277761;0.0;0.0;0.0;0.0;-0.000316817;0.0;100;0;#T1;#P_FREE
2025-11-27 14:15:41.913;{E6AXIS: A1 -9.09999943, A2 -140.057190, A3 125.564560, A4 -35.3082085, A5 29.5542088, A6 9.39463520, E1 0.0, E2 0.0, E3 0.0, E4 0.0, E5 0.0, E6 0.0};;-1.78356731;-2.35233665;10.5112209;2.03864074;2.22836328;-0.161955774;295;295;294;295;295;295;0.00224400801;-0.00448801601;0.0869553164;-0.0330617204;-0.0406913459;0.00254320912;-0.000305000;0.000305000111;0.0;0.0;-0.000280047447;0.0;0.0;100;0;#T1;#P_FREE
2025-11-27 14:15:42.138;{E6AXIS: A1 -9.09999943, A2 -140.057190, A3 125.564560, A4 -35.3082085, A5 29.5542088, A6 9.39463520, E1 0.0, E2 0.0, E3 0.0, E4 0.0, E5 0.0, E6 0.0};;-1.78356719;1.53413200;16.5312805;1.33967936;1.23146403;-0.0809779242;295;295;294;295;295;295;0.0157080553;-0.00392701384;0.0549781956;-0.0495925769;-0.0610370189;0.0343333222;0.000610277755;0.000305000111;0.0;0.0;0.0;0.000316817;0.0;100;0;#T1;#P_FREE
2025-11-27 14:15:42.365;{E6AXIS: A1 -9.09999943, A2 -140.057190, A3 125.564560, A4 -35.3082085, A5 29.5542088, A6 9.39463520, E1 0.0, E2 0.0, E3 0.0, E4 0.0, E5 0.0, E6 0.0};;-1.56062138;1.12503028;10.6067772;1.45617390;0.293205887;1.45759976;295;295;294;295;295;295;0.0100980364;-0.00504901819;0.0903213248;-0.0406913459;-0.0470493697;0.0495925769;0.000305000;-0.000305277907;0.000325052097;0.0;0.000559840060;0.000317105529;0.0;100;0;#T1;#P_FREE
2025-11-27 14:15:42.601;{E6AXIS: A1 -9.09999943, A2 -140.057190, A3 125.564560, A4 -35.3082085, A5 29.5542088, A6 9.39463520, E1 0.0, E2 0.0, E3 0.0, E4 0.0, E5 0.0, E6 0.0};;-3.04692793;2.35233665;13.5690289;1.92215;2.69749212;0.931244195;295;295;294;295;295;295;0.0100980364;-0.0241230875;0.0678812414;-0.0445061587;-0.0750246719;-0.0432345569;0.0;0.000610278;-0.000325052097;0.0;0.0;0.0;0.0;100;0;#T1;#P_FREE
2025-11-27 14:15:42.835;{E6AXIS: A1 -9.09999943, A2 -140.057190, A3 125.564560, A4 -35.3082085, A5 29.5542088, A6 9.39463520, E1 0.0, E2 0.0, E3 0.0, E4 0.0, E5 0.0, E6 0.0};;-2.60103559;0.511376858;15.2890453;2.15513825;2.52156901;0.971733093;295;295;294;295;295;295;0.0235620849;0.0308551099;0.101541370;-0.0559506;-0.0572222061;0.0216172785;0.0;-0.000610278;0.000650400238;0.0;-0.000280047447;0.000633922522;0.0;100;0;#T1;#P_FREE
2025-11-27 14:15:43.065;{E6AXIS: A1 -9.09999943, A2 -140.057190, A3 125.564560, A4 -35.3082085, A5 29.5542088, A6 9.39463520, E1 0.0, E2 0.0, E3 0.0, E4 0.0, E5 0.0, E6 0.0};;-4.68186426;3.37509131;12.0401230;1.92215049;2.16972208;1.01222169;295;295;294;295;295;295;0.0173910614;-0.0280501;0.0897603258;-0.0292469040;-0.0343333222;0.0546789952;0.000305277761;-0.000305000111;0.0;0.0;0.000280047447;0.0;0.0;100;0;#T1;#P_FREE
2025-11-27 14:15:43.300;{E6AXIS: A1 -9.09999943, A2 -140.057190, A3 125.564560, A4 -35.3082085, A5 29.5542088, A6 9.39463520, E1 0.0, E2 0.0, E3 0.0, E4 0.0, E5 0.0, E6 0.0};;-2.89829683;5.42060137;13.2823601;2.62111425;2.16972208;-1.01222265;295;295;294;295;295;295;0.0129030468;-0.0185130667;0.0948093459;-0.0190740675;-0.0775678754;0.0254320912;0.000610555522;0.000305000111;0.000325052097;0.0;0.0;0.0;0.0;100;0;#T1;#P_FREE
2025-11-27 14:15:43.552;{E6AXIS: A1 -9.09999943, A2 -140.057190, A3 125.564560, A4 -35.3082085, A5 29.5542088, A6 9.39463520, E1 0.0, E2 0.0, E3 0.0, E4 0.0, E5 0.0, E6 0.0};;-1.18904507;-1.94323444;10.1289921;1.74740970;1.70059311;0.728799880;295;295;294;295;295;295;0.00112200400;0.0117810424;0.0875163153;-0.0483209714;-0.0317901149;-0.00762962736;0.0;0.0;0.000325348141;0.0;0.0;-0.000317105529;0.0;100;0;#T1;#P_FREE
2025-11-27 14:15:43.804;{E6AXIS: A1 -9.09999943, A2 -140.057190, A3 125.564560, A4 -35.3082085, A5 29.5542088, A6 9.39463520, E1 0.0, E2 0.0, E3 0.0, E4 0.0, E5 0.0, E6 0.0};;-4.08734179;0.920479357;18.9201946;0.931739628;1.23146391;0.931244075;295;295;294;296;295;295;0.0129030468;0.0134640485;0.0931263342;-0.0279753;-0.0356049277;0.00890123192;0.000915555574;0.000305277907;-0.000325348141;0.0;0.0;0.000316817;0.0;100;0;#T1;#P_FREE
2025-11-27 14:15:44.041;{E6AXIS: A1 -9.09999943, A2 -140.057190, A3 125.564560, A4 -35.3082085, A5 29.5542088, A6 9.39463520, E1 0.0, E2 0.0, E3 0.0, E4 0.0, E5 0.0, E6 0.0};;-1.78356731;8.48886681;16.7223949;0.989793479;0.469129175;0.971733034;295;295;294;296;295;295;0.0157080553;-0.0258060936;0.0734912604;-0.0394197404;-0.0508641824;0.0216172785;0.0;0.0;0.000650400238;0.0;-0.000559840060;0.0;0.0;100;0;#T1;#P_FREE
2025-11-27 14:15:44.292;{E6AXIS: A1 -9.09999943, A2 -140.057190, A3 125.564560, A4 -35.3082085, A5 29.5542088, A6 9.39463520, E1 0.0, E2 0.0, E3 0.0, E4 0.0, E5 0.0, E6 0.0};;-0.445891351;-0.306826681;11.3712301;1.86296093;1.11418164;0.728780866;295;295;294;296;295;296;0.00897603203;0.0196350701;0.0891993195;-0.0368765332;-0.0381481349;0.0127160456;0.000915555574;0.000610278;0.000325052097;0.0;-0.000280047447;0.0;0.0;100;0;#T1;#P_FREE
2025-11-27 14:15:44.532;{E6AXIS: A1 -9.09999943, A2 -140.057190, A3 125.564560, A4 -35.3082085, A5 29.5542088, A6 9.39463520, E1 0.0, E2 0.0, E3 0.0, E4 0.0, E5 0.0, E6 0.0};;-0.966099;-1.43185711;15.4801588;1.74643624;1.87651634;2.34767413;295;295;294;296;295;296;0.0112200407;-0.0106590381;0.0920043290;-0.0254320912;-0.0546789952;0.0686666444;0.000915555574;0.000305277907;0.000650400238;0.0;0.000280047447;0.0;0.0;100;0;#T1;#P_FREE
2025-11-27 14:15:44.765;{E6AXIS: A1 -9.09999943, A2 -140.057190, A3 125.564560, A4 -35.3082085, A5 29.5542088, A6 9.39463520, E1 0.0, E2 0.0, E3 0.0, E4 0.0, E5 0.0, E6 0.0};;-1.11472940;-1.84095860;7.54896593;1.39711130;1.81787515;-0.283299387;295;295;294;296;295;296;0.0291721057;0.000561002;0.125103444;-0.0394197404;-0.0152592547;0.0508641824;0.000305000;-0.000305000111;0.000325348141;0.0;-0.000280047447;0.000633922522;0.0;100;0;#T1;#P_FREE
2025-11-27 14:15:44.992;{E6AXIS: A1 -9.09999943, A2 -140.057190, A3 125.564560, A4 -35.3082085, A5 29.5542088, A6 9.39463520, E1 0.0, E2 0.0, E3 0.0, E4 0.0, E5 0.0, E6 0.0};;-2.22945929;-3.17054081;14.3334818;2.21205854;1.58331084;0.809361279;295;295;294;296;295;296;0.00504901819;-0.00280501018;0.0516121872;-0.0470493697;-0.0495925769;0.0127160456;0.000305277761;-0.000305277907;0.0;0.0;0.0;-0.000317105529;0.0;100;0;#T1;#P_FREE
2025-11-27 14:15:45.218;{E6AXIS: A1 -9.09999943, A2 -140.057190, A3 125.564560, A4 -35.3082085, A5 29.5542088, A6 9.39463520, E1 0.0, E2 0.0, E3 0.0, E4 0.0, E5 0.0, E6 0.0};;-2.89829707;3.68191743;11.2756729;2.32846308;1.70059299;1.69958103;295;295;294;296;295;296;0.0241230875;0.0241230875;0.0516121872;-0.0445061587;-0.0356049277;0.0254320912;-0.000610277755;0.000610278;0.0;0.0;0.0;0.0;0.0;100;0;#T1;#P_FREE
2025-11-27 14:15:45.457;{E6AXIS: A1 -9.09999943, A2 -140.057190, A3 125.564560, A4 -35.3082085, A5 29.5542088, A6 9.39463520, E1 0.0, E2 0.0, E3 0.0, E4 0.0, E5 0.0, E6 0.0};;-2.89829707;-3.78419328;15.3846016;1.39707100;1.29010499;1.41627920;295;295;294;296;295;296;0.0230010822;0.00897603203;0.0645152330;-0.0495925769;-0.0292469040;0.0279753;0.000305000;0.000305000111;0.0;0.0;0.0;-0.000316817;0.0;100;0;#T1;#P_FREE
2025-11-27 14:15:45.689;{E6AXIS: A1 -9.09999943, A2 -140.057190, A3 125.564560, A4 -35.3082085, A5 29.5542088, A6 9.39463520, E1 0.0, E2 0.0, E3 0.0, E4 0.0, E5 0.0, E6 0.0};;-2.97261238;-0.306826681;15.8623857;1.10601151;0.645052612;1.21393669;295;295;294;296;295;296;0.0196350701;0.0145860529;0.105468385;-0.0305185094;-0.0330617204;0.0330617204;0.000305277761;0.000610278;-0.000650400238;0.0;0.000559840060;0.0;0.0;100;0;#T1;#P_FREE
2025-11-27 14:15:45.919;{E6AXIS: A1 -9.09999943, A2 -140.057190, A3 125.564560, A4 -35.3082085, A5 29.5542088, A6 9.39463520, E1 0.0, E2 0.0, E3 0.0, E4 0.0, E5 0.0, E6 0.0};;-1.78356719;-7.15928507;13.8556967;1.80454230;0.703693807;-1.56629852E-07;295;295;294;296;295;296;0.00617102208;0.00785402767;0.0835893;-0.0292469040;-0.0254320912;-0.0139876502;-0.000915555574;-0.000305277907;-0.000650400238;0.0;0.0;0.000633922522;0.0;100;0;#T1;#P_FREE
2025-11-27 14:15:46.153;{E6AXIS: A1 -9.09999943, A2 -140.057190, A3 125.564560, A4 -35.3082085, A5 29.5542088, A6 9.39463520, E1 0.0, E2 0.0, E3 0.0, E4 0.0, E5 0.0, E6 0.0};;-2.67535114;5.11377430;11.8490114;1.33885276;2.28700447;0.647424519;295;295;294;296;295;296;0.0196350701;0.0157080553;0.0673202425;-0.0343333222;0.0216172785;0.00762962736;0.0;0.0;0.0;0.0;0.0;-0.000633922522;0.0;100;0;#T1;#P_FREE
2025-11-27 14:15:46.387;{E6AXIS: A1 -9.09999943, A2 -140.057190, A3 125.564560, A4 -35.3082085, A5 29.5542088, A6 9.39463520, E1 0.0, E2 0.0, E3 0.0, E4 0.0, E5 0.0, E6 0.0};;-2.82398176;2.14778519;6.30673265;1.74632895;2.11108112;0.849742711;295;295;294;296;295;296;0.0201960728;0.000561002;0.0936873406;-0.0317901149;-0.0508641824;0.0101728365;-0.000305277761;0.000305000111;-0.000650400238;0.0;-0.000280047447;0.000317105529;0.0;100;0;#T1;#P_FREE
2025-11-27 14:15:46.624;{E6AXIS: A1 -9.09999943, A2 -140.057190, A3 125.564560, A4 -35.3082085, A5 29.5542088, A6 9.39463520, E1 0.0, E2 0.0, E3 0.0, E4 0.0, E5 0.0, E6 0.0};;-0.966098964;-0.613654256;6.97562838;1.68811750;0.293205798;1.90180302;295;295;294;296;295;296;0.0134640485;0.00168300606;0.0847113058;-0.0483209714;-0.0394197404;-0.0305185094;-0.000610555522;-0.000610278;-0.000650400238;0.0;0.000279792614;0.0;0.0;100;0;#T1;#P_FREE
2025-11-27 14:15:46.861;{E6AXIS: A1 -9.09999943, A2 -140.057190, A3 125.564560, A4 -35.3082085, A5 29.5542088, A6 9.39463520, E1 0.0, E2 0.0, E3 0.0, E4 0.0, E5 0.0, E6 0.0};;-2.22945929;0.818203509;11.9445648;1.97917199;1.70059299;-0.364174962;295;295;294;296;295;296;0.00897603203;0.00168300606;0.0824672952;-0.0279753;-0.0203456730;0.00254320912;0.0;-0.00122055598;-0.000325052097;0.0;0.000280047447;0.000316817;0.0;100;0;#T1;#P_FREE
2025-11-27 14:15:47.093;{E6AXIS: A1 -9.09999943, A2 -140.057190, A3 125.564560, A4 -35.3082085, A5 29.5542088, A6 9.39463520, E1 0.0, E2 0.0, E3 0.0, E4 0.0, E5 0.0, E6 0.0};;-2.60103583;-2.14778566;10.4156647;1.10600781;1.46602833;0.485566050;295;295;294;296;295;296;0.0173910614;0.0140250502;0.0460021645;-0.0139876502;-0.0292469040;0.00381481368;-0.000305000;0.0;-0.000650400238;0.000541587127;0.000280047447;0.0;0.0;100;0;#T1;#P_FREE
2025-11-27 14:15:47.332;{E6AXIS: A1 -9.09999943, A2 -140.057190, A3 125.564560, A4 -35.3082085, A5 29.5542088, A6 9.39463520, E1 0.0, E2 0.0, E3 0.0, E4 0.0, E5 0.0, E6 0.0};;-0.0743151307;3.17054033;12.5179090;1.62990618;1.58331084;0.849740505;295;295;294;296;295;296;0.0168300606;-0.00729302643;0.111078404;-0.0203456730;-0.0317901149;0.0254320912;-0.000610277755;0.000610278;0.0;0.0;0.0;-0.000316817;0.0;100;0;#T1;#P_FREE
2025-11-27 14:15:47.576;{E6AXIS: A1 -9.09999943, A2 -140.057190, A3 125.564560, A4 -35.3082085, A5 29.5542088, A6 9.39463520, E1 0.0, E2 0.0, E3 0.0, E4 0.0, E5 0.0, E6 0.0};;-1.78356731;3.57964230;15.5757160;1.80453885;2.11108112;-0.364174545;295;295;294;296;295;296;0.0100980364;-0.00280501018;0.0925653353;-0.0343333222;-0.0228888821;0.0267036967;-0.000915555574;-0.000305000111;-0.000650400238;0.000270670309;-0.000279792614;-0.000317105529;0.0;100;0;#T1;#P_FREE
2025-11-27 14:15:47.810;{E6AXIS: A1 -9.09999943, A2 -140.057190, A3 125.564560, A4 -35.3082085, A5 29.5542088, A6 9.39463520, E1 0.0, E2 0.0, E3 0.0, E4 0.0, E5 0.0, E6 0.0};;-0.668837845;-0.306826413;16.6268368;2.03738260;1.64195204;1.37576985;295;295;294;296;295;296;0.0230010822;0.00392701384;0.0774182752;-0.0470493697;-0.0241604857;-0.0114444410;0.000915555574;-0.000305000111;-0.000650400238;0.0;0.000280047447;-0.000317105529;0.0;100;0;#T1;#P_FREE
2025-11-27 14:15:48.042;{E6AXIS: A1 -9.09999943, A2 -140.057190, A3 125.564560, A4 -35.3082085, A5 29.5542088, A6 9.39463520, E1 0.0, E2 0.0, E3 0.0, E4 0.0, E5 0.0, E6 0.0};;-3.26987386;-0.920479655;10.8934469;0.698531210;1.28994715;1.09252322;295;295;294;296;296;296;0.0263670962;-0.00953703374;0.0964923501;-0.0356049277;-0.0419629514;-0.00254320912;0.0;-0.000305000111;-0.000325052097;0.0;0.0;0.000951028080;0.0;100;0;#T1;#P_FREE
2025-11-27 14:15:48.282;{E6AXIS: A1 -9.09999943, A2 -140.057190, A3 125.564560, A4 -35.3082085, A5 29.5542088, A6 9.39463520, E1 0.0, E2 0.0, E3 0.0, E4 0.0, E5 0.0, E6 0.0};;-5.42501736;4.29557085;15.4801579;1.51348424;1.81723785;0.121391341;295;295;294;296;296;295;0.0207570754;0.0252450909;0.0622712262;-0.0279753;-0.0432345569;-0.00890123192;-0.000305277761;-0.000610278;0.0;0.0;-0.000280047447;0.0;0.0;100;0;#T1;#P_FREE
2025-11-27 14:15:48.524;{E6AXIS: A1 -9.09999943, A2 -140.057190, A3 125.564560, A4 -35.3082085, A5 29.5542088, A6 9.39463520, E1 0.0, E2 0.0, E3 0.0, E4 0.0, E5 0.0, E6 0.0};;-2.97261214;-2.76143742;12.6134624;2.38664818;0.996427238;-0.404753417;295;295;294;296;296;295;0.0263670962;-0.00168300606;0.0936873406;-0.0343333222;-0.00254320912;0.0661234409;-0.000610555522;0.000610278;0.0;0.0;0.0;-0.000316817;0.0;100;0;#T1;#P_FREE
2025-11-27 14:15:48.782;{E6AXIS: A1 -9.09999943, A2 -140.057190, A3 125.564560, A4 -35.3082085, A5 29.5542088, A6 9.39463520, E1 0.0, E2 0.0, E3 0.0, E4 0.0, E5 0.0, E6 0.0};;-2.15514398;0.920479357;13.8557;1.57169509;1.40662503;-0.121445365;295;295;294;296;296;295;0.0196350701;0.0258060936;0.0925653353;-0.0279753;-0.0330617204;-0.0139876502;-0.00122083328;0.0;0.0;0.0;0.0;-0.000633922522;0.0;100;0;#T1;#P_FREE
2025-11-27 14:15:49.015;{E6AXIS: A1 -9.09999943, A2 -140.057190, A3 125.564560, A4 -35.3082085, A5 29.5542088, A6 9.39463520, E1 0.0, E2 0.0, E3 0.0, E4 0.0, E5 0.0, E6 0.0};;-0.891783476;-0.613652706;11.7534533;1.80453885;2.57872343;-0.121455215;295;295;294;296;296;295;0.0145860529;0.0145860529;0.104907379;-0.0394197404;-0.0432345569;-0.00508641824;-0.000305000;0.000610278;0.000650400238;0.0;0.000280047447;0.000633922522;0.0;100;0;#T1;#P_FREE
2025-11-27 14:15:49.254;{E6AXIS: A1 -9.09999943, A2 -140.057190, A3 125.564560, A4 -35.3082085, A5 29.5542088, A6 9.39463520, E1 0.0, E2 0.0, E3 0.0, E4 0.0, E5 0.0, E6 0.0};;-3.71576548;0.715928495;16.1490555;1.10600770;1.05491185;0.526326180;295;295;294;296;296;295;0.0263670962;0.0302941073;0.104346372;-0.0419629514;-0.0292469040;0.0317901149;-0.000610555522;-0.000305000111;0.0;0.0;0.0;0.000317105529;0.0;100;0;#T1;#P_FREE
2025-11-27 14:15:49.489;{E6AXIS: A1 -9.09999943, A2 -140.057190, A3 125.564560, A4 -35.3082085, A5 29.5542088, A6 9.39463520, E1 0.0, E2 0.0, E3 0.0, E4 0.0, E5 0.0, E6 0.0};;-0.966098785;1.32958078;14.3334827;1.45527327;1.75816786;1.37658072;295;295;294;296;296;295;0.0151470536;0.0179520641;0.0532951914;-0.0368765332;-0.0254320912;0.00890123192;-0.00122083328;-0.000305000111;-0.000325052097;0.0;0.000559840060;0.0;0.0;100;0;#T1;#P_FREE
2025-11-27 14:15:49.728;{E6AXIS: A1 -9.09999943, A2 -140.057190, A3 125.564560, A4 -35.3082085, A5 29.5542088, A6 9.39463520, E1 0.0, E2 0.0, E3 0.0, E4 0.0, E5 0.0, E6 0.0};;-3.49281955;-2.76143765;15.5757160;1.39706242;-0.293026119;0.202440768;295;295;294;296;296;295;0.0145860529;-0.0179520641;0.112200402;-0.0534073934;-0.0470493697;0.0305185094;0.0;0.0;0.0;0.0;0.0;-0.000633922522;0.0;100;0;#T1;#P_FREE
2025-11-27 14:15:49.965;{E6AXIS: A1 -9.09999943, A2 -140.057190, A3 125.564560, A4 -35.3082085, A5 29.5542088, A6 9.39463520, E1 0.0, E2 0.0, E3 0.0, E4 0.0, E5 0.0, E6 0.0};;-4.23597193;0.204551265;10.2245502;1.97917163;1.75815201;0.809770286;295;295;294;296;295;295;0.000561002;1.27553194E-18;0.0802232921;-0.0317901149;-0.0495925769;0.0521357879;0.0;0.0;0.0;0.0;-0.000280047447;-0.000633922522;0.0;100;0;#T1;#P_FREE
2025-11-27 14:15:50.187;{E6AXIS: A1 -9.09999943, A2 -140.057190, A3 125.564560, A4 -35.3082085, A5 29.5542088, A6 9.39463520, E1 0.0, E2 0.0, E3 0.0, E4 0.0, E5 0.0, E6 0.0};;-1.85788310;-1.22730684;13.9512558;1.68811703;0.586199641;-1.29563797;295;295;294;296;295;295;0.0162690580;0.0117810424;0.0880773216;-0.0368765332;-0.0165308602;-0.0445061587;0.0;0.0;0.0;0.000270670309;0.0;0.000317105529;0.0;100;0;#T1;#P_FREE
2025-11-27 14:15:50.425;{E6AXIS: A1 -9.09999943, A2 -140.057190, A3 125.564560, A4 -35.3082085, A5 29.5542088, A6 9.39463520, E1 0.0, E2 0.0, E3 0.0, E4 0.0, E5 0.0, E6 0.0};;-2.97261238;3.57964182;12.9001341;1.57169509;0.175888;-2.47526316E-07;295;295;294;296;295;295;0.0207570754;0.0252450909;0.130713463;-0.0305185094;-0.0343333222;0.0292469040;-0.000610555522;0.0;-0.000650400238;0.0;0.0;-0.000317105529;0.0;100;0;#T1;#P_FREE
2025-11-27 14:15:50.656;{E6AXIS: A1 -9.09999943, A2 -140.057190, A3 125.564560, A4 -35.3082085, A5 29.5542088, A6 9.39463520, E1 0.0, E2 0.0, E3 0.0, E4 0.0, E5 0.0, E6 0.0};;-1.85788298;-7.87521362;12.6134644;1.10600770;1.75904012;-1.21466506;295;295;294;296;295;295;0.0196350701;-0.00392701384;0.0734912604;-0.0114444410;-0.0508641824;0.0343333222;0.0;0.0;0.0;0.000270670309;0.000559840060;0.000316817;0.0;100;0;#T1;#P_FREE
2025-11-27 14:15:50.893;{E6AXIS: A1 -9.09999943, A2 -140.057190, A3 125.564560, A4 -35.3082085, A5 29.5542088, A6 9.39463520, E1 0.0, E2 0.0, E3 0.0, E4 0.0, E5 0.0, E6 0.0};;-0.966099143;-0.102275863;16.6268387;1.97917163;-0.410462320;0.364399493;295;295;294;296;295;295;0.0190740675;0.00673202425;0.0751742721;-0.0368765332;-0.0483209714;0.0228888821;0.000915555574;-0.000610278;0.0;0.0;0.0;0.000316817;0.0;100;0;#T1;#P_FREE
2025-11-27 14:15:51.139;{E6AXIS: A1 -9.09999943, A2 -140.057190, A3 125.564560, A4 -35.3082085, A5 29.5542088, A6 9.39463520, E1 0.0, E2 0.0, E3 0.0, E4 0.0, E5 0.0, E6 0.0};;-2.74966645;-4.29557085;11.8490124;1.62990606;0.410474509;1.01222157;295;295;294;296;295;295;0.0151470536;-0.00561002037;0.0791012868;-0.0330617204;-0.0432345569;-0.0152592547;-0.000610555522;0.0;0.000325052097;0.0;0.0;-0.000316817;0.0;100;0;#T1;#P_FREE
2025-11-27 14:15:51.367;{E6AXIS: A1 -9.09999943, A2 -140.057190, A3 125.564560, A4 -35.3082085, A5 29.5542088, A6 9.39463520, E1 0.0, E2 0.0, E3 0.0, E4 0.0, E5 0.0, E6 0.0};;-2.74966669;3.17054033;16.8179512;1.97917163;1.52464139;1.01222157;295;295;294;296;295;295;0.0;0.00953703374;0.0948093459;-0.0356049277;-0.0254320912;-0.0114444410;0.0;-0.000610278;-0.000325052097;0.0;0.0;0.000633922522;0.0;100;0;#T1;#P_FREE
2025-11-27 14:15:51.604;{E6AXIS: A1 -9.09999943, A2 -140.057190, A3 125.564560, A4 -35.3082085, A5 29.5542088, A6 9.39463520, E1 0.0, E2 0.0, E3 0.0, E4 0.0, E5 0.0, E6 0.0};;0.668837965;3.57964230;15.3846035;0.698531210;1.05552971;0.688310921;295;295;294;296;295;295;0.00673202425;6.37765972E-19;0.0964923501;-0.0546789952;-0.0203456730;-0.0330617204;0.0;0.0;0.0;0.0;-0.000280047447;0.0;0.0;100;0;#T1;#P_FREE
2025-11-27 14:15:51.837;{E6AXIS: A1 -9.09999943, A2 -140.057190, A3 125.564560, A4 -35.3082085, A5 29.5542088, A6 9.39463520, E1 0.0, E2 0.0, E3 0.0, E4 0.0, E5 0.0, E6 0.0};;-2.45240521;2.65916181;17.9646320;1.57169509;1.52466094;-0.161955833;295;295;294;296;295;295;0.00729302643;-0.0314161107;0.0852723047;-0.0368765332;-0.0178024638;0.00762962736;-0.000915555574;0.0;0.0;0.0;0.0;0.000633922522;0.0;100;0;#T1;#P_FREE
2025-11-27 14:15:52.086;{E6AXIS: A1 -9.09999943, A2 -140.057190, A3 125.564560, A4 -35.3082085, A5 29.5542088, A6 9.39463520, E1 0.0, E2 0.0, E3 0.0, E4 0.0, E5 0.0, E6 0.0};;-3.26987362;1.12503028;13.6645861;1.68811703;2.46292019;1.05271101;295;295;294;296;295;295;0.0157080553;0.0213180762;0.0858333111;-0.0457777642;-0.0368765332;0.0165308602;0.00122083328;0.0;0.000650400238;0.0;0.0;-0.000951028080;0.0;100;0;#T1;#P_FREE
2025-11-27 14:15:52.321;{E6AXIS: A1 -9.09999943, A2 -140.057190, A3 125.564560, A4 -35.3082085, A5 29.5542088, A6 9.39463520, E1 0.0, E2 0.0, E3 0.0, E4 0.0, E5 0.0, E6 0.0};;-1.56062150;-1.12503076;18.0601864;2.09559345;2.52156472;0.121466592;295;295;294;296;295;295;0.0151470536;-0.0117810424;0.0532951914;-0.0216172785;-0.0699382499;0.0279753;0.000305000;-0.000610278;0.0;0.0;0.0;0.000633922522;0.0;100;0;#T1;#P_FREE
2025-11-27 14:15:52.552;{E6AXIS: A1 -9.09999943, A2 -140.057190, A3 125.564560, A4 -35.3082085, A5 29.5542088, A6 9.39463520, E1 0.0, E2 0.0, E3 0.0, E4 0.0, E5 0.0, E6 0.0};;-0.371576518;8.79569244;11.1801167;1.10600770;-0.527769744;-0.485866845;295;295;294;296;295;295;0.00729302643;-0.00841503;0.107712388;-0.0292469040;-0.0254320912;-0.0165308602;0.0;0.000610278;0.0;0.0;0.0;0.0;0.0;100;0;#T1;#P_FREE
2025-11-27 14:15:52.788;{E6AXIS: A1 -9.09999943, A2 -140.057190, A3 125.564560, A4 -35.3082085, A5 29.5542088, A6 9.39463520, E1 0.0, E2 0.0, E3 0.0, E4 0.0, E5 0.0, E6 0.0};;-1.41199076;0.920479178;18.0601864;1.62990606;3.10797858;1.61955535;295;295;294;296;295;295;0.0112200407;-0.00617102208;0.0774182752;-0.0292469040;-0.0432345569;-0.00635802280;0.0;-0.000305000111;0.0;0.0;0.0;0.000633922522;0.0;100;0;#T1;#P_FREE
2025-11-27 14:15:53.022;{E6AXIS: A1 -9.09999943, A2 -140.057190, A3 125.564560, A4 -35.3082085, A5 29.5542088, A6 9.39463520, E1 0.0, E2 0.0, E3 0.0, E4 0.0, E5 0.0, E6 0.0};;-2.52672;-2.35233617;10.0334377;1.92096078;0.762334526;1.82200015;295;295;294;296;295;295;0.0157080553;0.00617102208;0.0718082562;-0.0317901149;-0.00762962736;0.0292469040;0.000915555574;0.000610278;0.000325052097;0.000270670309;-0.000559840060;0.000633922522;0.0;100;0;#T1;#P_FREE
2025-11-27 14:15:53.260;{E6AXIS: A1 -9.09999943, A2 -140.057190, A3 125.564560, A4 -35.3082085, A5 29.5542088, A6 9.39463520, E1 0.0, E2 0.0, E3 0.0, E4 0.0, E5 0.0, E6 0.0};;-1.48630619;0.102274954;17.0090637;1.62990606;1.70059276;-0.485867023;295;295;294;296;295;295;0.0263670962;-0.00168300606;0.0886383206;-0.0343333222;-0.0559506;0.0101728365;-0.00122083328;0.0;-0.000325348141;0.0;0.0;0.0;0.0;100;0;#T1;#P_FREE
2025-11-27 14:15:53.502;{E6AXIS: A1 -9.09999943, A2 -140.057190, A3 125.564560, A4 -35.3082085, A5 29.5542088, A6 9.39463520, E1 0.0, E2 0.0, E3 0.0, E4 0.0, E5 0.0, E6 0.0};;-3.41850424;7.15928411;18.2512989;2.27022624;0.938258290;1.05271089;295;295;294;296;295;295;0.0235620849;-0.00392701384;0.125664443;-0.0267036967;-0.0534073934;0.00508641824;0.000610277755;0.000610278;-0.000650400238;0.0;-0.000280047447;0.000317105529;0.0;100;0;#T1;#P_FREE
2025-11-27 14:15:53.741;{E6AXIS: A1 -9.09999943, A2 -140.057190, A3 125.564560, A4 -35.3082085, A5 29.5542088, A6 9.39463520, E1 0.0, E2 0.0, E3 0.0, E4 0.0, E5 0.0, E6 0.0};;-2.60103583;0.613653183;8.60008812;2.56164384;1.58331060;1.13368893;295;295;294;295;295;295;0.0157080553;0.00168300606;0.102102362;-0.0432345569;0.0;-0.00508641824;0.000610555522;0.0;0.000325052097;0.0;0.000280047447;0.0;0.0;100;0;#T1;#P_FREE
2025-11-27 14:15:53.978;{E6AXIS: A1 -9.09999943, A2 -140.057190, A3 125.564560, A4 -35.3082085, A5 29.5542088, A6 9.39463520, E1 0.0, E2 0.0, E3 0.0, E4 0.0, E5 0.0, E6 0.0};;-1.63493681;-2.55688763;16.4357262;1.45578706;0.527770340;1.29564428;295;295;294;295;295;295;0.00561002037;-0.00504901819;0.0762962699;-0.0216172785;-0.0152592547;0.0127160456;0.0;0.0;0.0;0.0;0.000559840060;0.0;0.0;100;0;#T1;#P_FREE
2025-11-27 14:15:54.204;{E6AXIS: A1 -9.09999943, A2 -140.057190, A3 125.564560, A4 -35.3082085, A5 29.5542088, A6 9.39463520, E1 0.0, E2 0.0, E3 0.0, E4 0.0, E5 0.0, E6 0.0};;-2.30377460;5.21605;15.8623867;1.80538785;0.938258231;0.0809775218;295;295;294;295;295;295;0.0201960728;0.0117810424;0.103785381;-0.0330617204;-0.0139876502;0.0216172785;-0.000305000;0.000610278;-0.000650400238;0.0;0.000279792614;0.000316817;0.0;100;0;#T1;#P_FREE
2025-11-27 14:15:54.445;{E6AXIS: A1 -9.09999943, A2 -140.057190, A3 125.564560, A4 -35.3082085, A5 29.5542088, A6 9.39463520, E1 0.0, E2 0.0, E3 0.0, E4 0.0, E5 0.0, E6 0.0};;-2.00651336;0.613653064;15.5757151;1.63078296;0.820975959;0.485866666;295;295;294;295;295;295;0.0190740675;-0.0123420442;0.0577832051;-0.0445061587;-0.0445061587;0.0508641824;0.0;0.0;0.0;0.0;0.000559840060;0.0;0.0;100;0;#T1;#P_FREE
2025-11-27 14:15:54.684;{E6AXIS: A1 -9.09999943, A2 -140.057190, A3 125.564560, A4 -35.3082085, A5 29.5542088, A6 9.39463520, E1 0.0, E2 0.0, E3 0.0, E4 0.0, E5 0.0, E6 0.0};;-2.22945929;5.01149845;14.1423674;1.33962107;2.05243969;0.971733332;295;295;294;295;295;295;0.0173910614;-0.0112200407;0.117249429;-0.0381481349;-0.0178024638;0.0356049277;0.0;0.000305000111;-0.000325052097;0.0;0.0;0.000633922522;0.0;100;0;#T1;#P_FREE
2025-11-27 14:15:54.918;{E6AXIS: A1 -9.09999943, A2 -140.057190, A3 125.564560, A4 -35.3082085, A5 29.5542088, A6 9.39463520, E1 0.0, E2 0.0, E3 0.0, E4 0.0, E5 0.0, E6 0.0};;-2.45240521;-1.63640833;18.3468571;1.98034847;1.75923419;1.49808860;295;295;294;295;295;295;0.00673202425;0.0173910614;0.0673202425;-0.0419629514;-0.0445061587;-0.00508641824;0.00122083328;-0.000610278;-0.000325052097;0.000541587127;-0.000559840060;0.000316817;0.0;100;0;#T1;#P_FREE
2025-11-27 14:15:55.152;{E6AXIS: A1 -9.09999943, A2 -140.057190, A3 125.564560, A4 -35.3082085, A5 29.5542088, A6 9.39463520, E1 0.0, E2 0.0, E3 0.0, E4 0.0, E5 0.0, E6 0.0};;-0.371576518;-2.76143861;14.8112631;2.15510869;3.22526264;1.29564428;295;295;294;295;295;295;0.0151470536;-0.00392701384;0.0779792815;-0.0254320912;-0.0254320912;0.0445061587;0.000610277755;0.0;0.000650400238;0.0;0.0;0.0;0.0;100;0;#T1;#P_FREE
2025-11-27 14:15:55.386;{E6AXIS: A1 -9.09999943, A2 -140.057190, A3 125.564560, A4 -35.3082085, A5 29.5542088, A6 9.39463520, E1 0.0, E2 0.0, E3 0.0, E4 0.0, E5 0.0, E6 0.0};;-1.26336050;1.84095871;12.9956903;1.45616353;0.586411536;-0.526356041;295;295;294;295;295;295;0.0196350701;0.0207570754;0.0813452899;-0.0508641824;-0.0635802299;0.0419629514;0.000610277755;-0.000305277907;0.000325052097;0.0;0.0;0.0;0.0;100;0;#T1;#P_FREE
2025-11-27 14:15:55.636;{E6AXIS: A1 -9.09999943, A2 -140.057190, A3 125.564560, A4 -35.3082085, A5 29.5542088, A6 9.39463520, E1 0.0, E2 0.0, E3 0.0, E4 0.0, E5 0.0, E6 0.0};;-3.34418917;-4.90922451;12.9001331;2.09688330;0.996899307;0.0404888056;295;295;294;296;295;295;0.0246840883;-0.00504901819;0.115005419;-0.0203456730;-0.0356049277;0.0254320912;0.0;-0.000610278;0.000325052097;0.0;0.000559840060;-0.000951028080;0.0;100;0;#T1;#P_FREE
2025-11-27 14:15:55.889;{E6AXIS: A1 -9.09999943, A2 -140.057190, A3 125.564560, A4 -35.3082085, A5 29.5542088, A6 9.39463520, E1 0.0, E2 0.0, E3 0.0, E4 0.0, E5 0.0, E6 0.0};;2.13906546E-07;-0.715928197;15.7668304;0.582306504;2.11108088;0.688310683;295;295;294;296;295;295;0.0112200407;-0.00953703374;0.0964923501;-0.0419629514;-0.0775678754;0.0152592547;0.00152583327;0.0;-0.000650400238;0.0;0.0;0.000633922522;0.0;100;0;#T1;#P_FREE
2025-11-27 14:15:56.127;{E6AXIS: A1 -9.09999943, A2 -140.057190, A3 125.564560, A4 -35.3082085, A5 29.5542088, A6 9.39463520, E1 0.0, E2 0.0, E3 0.0, E4 0.0, E5 0.0, E6 0.0};;-1.56062138;0.715928376;16.6268387;1.74664354;0.938258350;1.21466672;295;295;294;296;295;295;0.0213180762;-0.0162690580;0.0768572763;-0.0305185094;-0.0203456730;-0.0254320912;0.0;-0.000610278;0.0;0.0;0.0;-0.000316817;0.0;100;0;#T1;#P_FREE
2025-11-27 14:15:56.376;{E6AXIS: A1 -9.09999943, A2 -140.057190, A3 125.564560, A4 -35.3082085, A5 29.5542088, A6 9.39463520, E1 0.0, E2 0.0, E3 0.0, E4 0.0, E5 0.0, E6 0.0};;-2.15514398;-0.102275178;17.2957344;1.28076839;1.75923419;1.98395538;295;295;294;296;295;295;0.0129030468;-0.00785402767;0.121176429;-0.0406913459;-0.0470493697;0.0203456730;-0.000610277755;0.0;-0.000650400238;0.0;0.0;0.0;0.0;100;0;#T1;#P_FREE
2025-11-27 14:15:56.613;{E6AXIS: A1 -9.09999943, A2 -140.057190, A3 125.564560, A4 -35.3082085, A5 29.5542088, A6 9.39463520, E1 0.0, E2 0.0, E3 0.0, E4 0.0, E5 0.0, E6 0.0};;-2.60103583;-0.920479715;17.7735157;1.45535302;1.05554056;0.0404885672;295;295;294;296;295;295;0.0258060936;-0.0476851724;0.0925653353;-0.0368765332;-0.0724814609;0.0457777642;0.000610277755;0.0;-0.000650400238;0.0;0.0;0.0;0.0;100;0;#T1;#P_FREE
2025-11-27 14:15:56.845;{E6AXIS: A1 -9.09999943, A2 -140.057190, A3 125.564560, A4 -35.3082085, A5 29.5542088, A6 9.39463520, E1 0.0, E2 0.0, E3 0.0, E4 0.0, E5 0.0, E6 0.0};;-2.37808943;0.818204105;7.35785437;2.27029562;1.81787515;0.850266576;295;295;294;296;295;295;0.0134640485;-0.0140250502;0.0701252520;-0.0419629514;-0.0381481349;-0.0101728365;0.000610555522;-0.000305000111;0.000325052097;0.0;-0.000280047447;0.000317105529;0.0;100;0;#T1;#P_FREE
2025-11-27 14:15:57.077;{E6AXIS: A1 -9.09999943, A2 -140.057190, A3 125.564560, A4 -35.3082085, A5 29.5542088, A6 9.39463520, E1 0.0, E2 0.0, E3 0.0, E4 0.0, E5 0.0, E6 0.0};;-2.15514421;5.82970285;15.2890472;1.74635804;1.99379861;0.809777617;295;295;294;296;295;295;0.0213180762;-0.00617102208;0.0931263342;-0.0394197404;0.0114444410;0.0483209714;0.0;-0.000610278;0.0;0.0;-0.000280047447;0.000316817;0.0;100;0;#T1;#P_FREE
2025-11-27 14:15:57.307;{E6AXIS: A1 -9.09999943, A2 -140.057190, A3 125.564560, A4 -35.3082085, A5 29.5542088, A6 9.39463520, E1 0.0, E2 0.0, E3 0.0, E4 0.0, E5 0.0, E6 0.0};;-2.00651336;-2.96598983;13.8556976;2.56130552;1.81787539;2.46982193;295;295;294;296;295;295;0.0151470536;0.0235620849;0.116127416;-0.0343333222;-0.0508641824;-0.00508641824;0.000305277761;0.0;0.0;0.0;0.0;-0.000316817;0.0;100;0;#T1;#P_FREE
2025-11-27 14:15:57.537;{E6AXIS: A1 -9.09999943, A2 -140.057190, A3 125.564560, A4 -35.3082085, A5 29.5542088, A6 9.39463520, E1 0.0, E2 0.0, E3 0.0, E4 0.0, E5 0.0, E6 0.0};;-3.12124276;3.06826496;7.07118464;1.51349235;1.58331084;-1.49952413E-07;295;295;294;296;295;295;0.0179520641;0.0157080553;0.0791012868;-0.0279753;-0.0648518354;0.0381481349;-0.000915555574;-0.00122055598;-0.000325052097;0.0;0.0;0.0;0.0;100;0;#T1;#P_FREE
2025-11-27 14:15:57.770;{E6AXIS: A1 -9.09999943, A2 -140.057190, A3 125.564560, A4 -35.3082085, A5 29.5542088, A6 9.39463520, E1 0.0, E2 0.0, E3 0.0, E4 0.0, E5 0.0, E6 0.0};;-1.93219805;5.52287722;17.4868469;1.33885539;1.64195192;1.05271089;295;295;294;296;295;295;0.0235620849;-0.00617102208;0.100419357;-0.0127160456;-0.0203456730;0.0661234409;-0.000915555574;-0.000915555924;0.000650400238;0.0;0.0;-0.000317105529;0.0;100;0;#T1;#P_FREE
2025-11-27 14:15:58.000;{E6AXIS: A1 -9.09999943, A2 -140.057190, A3 125.564560, A4 -35.3082085, A5 29.5542088, A6 9.39463520, E1 0.0, E2 0.0, E3 0.0, E4 0.0, E5 0.0, E6 0.0};;-1.56062150;0.204550728;17.9646263;2.38665223;1.70059299;0.445377707;295;295;294;296;295;295;0.0280501;-0.00785402767;0.0987363532;-0.0317901149;-0.0152592547;0.0114444410;0.000915555574;0.000305277907;0.000650400238;0.000270670309;0.0;-0.000317105529;0.0;100;0;#T1;#P_FREE
2025-11-27 14:15:58.233;{E6AXIS: A1 -9.09999943, A2 -140.057190, A3 125.564560, A4 -35.3082085, A5 29.5542088, A6 9.39463520, E1 0.0, E2 0.0, E3 0.0, E4 0.0, E5 0.0, E6 0.0};;-2.74966645;0.511377573;11.0845604;1.62990761;2.28700447;0.769288838;295;295;294;296;295;295;0.00897603203;0.0274890978;0.0684422404;-0.0368765332;-0.0368765332;0.00890123192;0.000610277755;0.000610278;-0.000650400238;0.0;0.000559840060;0.0;0.0;100;0;#T1;#P_FREE
2025-11-27 14:15:58.469;{E6AXIS: A1 -9.09999943, A2 -140.057190, A3 125.564560, A4 -35.3082085, A5 29.5542088, A6 9.39463520, E1 0.0, E2 0.0, E3 0.0, E4 0.0, E5 0.0, E6 0.0};;-0.817468345;4.60239697;12.2312374;1.74632883;0.703693867;-1.25492036;295;295;294;296;295;296;0.0403921455;-0.00336601213;0.0667592362;-0.0330617204;-0.0457777642;-0.0457777642;-0.000610277755;-0.000610278;-0.000650400238;0.0;0.0;0.0;0.0;100;0;#T1;#P_FREE
2025-11-27 14:15:58.699;{E6AXIS: A1 -9.09999943, A2 -140.057190, A3 125.564560, A4 -35.3082085, A5 29.5542088, A6 9.39463520, E1 0.0, E2 0.0, E3 0.0, E4 0.0, E5 0.0, E6 0.0};;-1.78356731;1.43185627;10.3201075;1.51348472;0.879617274;0.688049495;295;295;294;296;295;296;0.0162690580;-0.00617102208;0.113322414;-0.0305185094;-0.00890123192;0.0406913459;0.0;0.0;0.000325052097;0.0;0.0;0.000317105529;0.0;100;0;#T1;#P_FREE
2025-11-27 14:15:58.933;{E6AXIS: A1 -9.09999943, A2 -140.057190, A3 125.564560, A4 -35.3082085, A5 29.5542088, A6 9.39463520, E1 0.0, E2 0.0, E3 0.0, E4 0.0, E5 0.0, E6 0.0};;-1.48630607;-1.32958186;11.5623417;2.09559393;1.81787539;-0.161876738;295;295;294;296;295;296;0.0134640485;0.0392701402;0.103785381;-0.0305185094;-0.0330617204;0.0216172785;0.0;-0.000305000111;0.000325052097;0.000270670309;0.000280047447;-0.000633922522;0.0;100;0;#T1;#P_FREE
2025-11-27 14:15:59.199;{E6AXIS: A1 -9.09999943, A2 -140.057190, A3 125.564560, A4 -35.3082085, A5 29.5542088, A6 9.39463520, E1 0.0, E2 0.0, E3 0.0, E4 0.0, E5 0.0, E6 0.0};;-1.11472988;-0.715928614;17.9646301;2.27022648;2.28700447;0.849798620;295;295;294;296;295;296;0.0112200407;-0.00336601213;0.0987363532;-0.0228888821;-0.0419629514;-0.0292469040;-0.000305000;0.000305000111;0.000325052097;0.0;-0.000559840060;-0.000316817;0.0;100;0;#T1;#P_FREE
2025-11-27 14:15:59.416;{E6AXIS: A1 -9.09999943, A2 -140.057190, A3 125.564560, A4 -35.3082085, A5 29.5542088, A6 9.39463520, E1 0.0, E2 0.0, E3 0.0, E4 0.0, E5 0.0, E6 0.0};;-2.52672052;-1.94323468;11.6578979;1.45527339;1.52466977;0.283257663;295;295;294;296;295;296;0.00561002037;-0.00112200400;0.0903213248;-0.0279753;-0.0406913459;0.0381481349;0.000305277761;0.0;0.0;0.0;0.0;0.0;0.0;100;0;#T1;#P_FREE
2025-11-27 14:15:59.658;{E6AXIS: A1 -9.09999943, A2 -140.057190, A3 125.564560, A4 -35.3082085, A5 29.5542088, A6 9.39463520, E1 0.0, E2 0.0, E3 0.0, E4 0.0, E5 0.0, E6 0.0};;-2.89829707;-1.02275550;12.3267937;1.92096066;1.05554068;2.10416389;295;295;294;296;295;296;0.0112200407;-0.0106590381;0.0875163153;-0.0356049277;-0.0381481349;0.00762962736;-0.000915555574;-0.000305277907;0.0;0.000270670309;-0.000280047447;-0.000633922522;0.0;100;0;#T1;#P_FREE
2025-11-27 14:15:59.895;{E6AXIS: A1 -9.09999943, A2 -140.057190, A3 125.564560, A4 -35.3082085, A5 29.5542088, A6 9.39463520, E1 0.0, E2 0.0, E3 0.0, E4 0.0, E5 0.0, E6 0.0};;-4.83049536;3.88646889;13.7601414;1.92096078;1.40738738;0.971143365;295;295;294;296;295;296;0.0415141508;0.00392701384;0.0908823311;-0.0305185094;-0.0165308602;0.00381481368;-0.000610555522;-0.000610278;0.0;0.0;0.0;0.0;0.0;100;0;#T1;#P_FREE
2025-11-27 14:16:00.128;{E6AXIS: A1 -9.09999943, A2 -140.057190, A3 125.564560, A4 -35.3082085, A5 29.5542088, A6 9.39463520, E1 0.0, E2 0.0, E3 0.0, E4 0.0, E5 0.0, E6 0.0};;-4.01302671;3.88646865;12.8045778;2.03738260;0.762334824;0.971137881;295;295;294;296;295;296;0.0151470536;-0.0157080553;0.0768572763;-0.0686666444;-0.00762962736;0.0483209714;0.000610555522;0.0;-0.000325348141;0.0;-0.000559840060;0.0;0.0;100;0;#T1;#P_FREE
2025-11-27 14:16:00.368;{E6AXIS: A1 -9.09999943, A2 -140.057190, A3 125.564560, A4 -35.3082085, A5 29.5542088, A6 9.39463520, E1 0.0, E2 0.0, E3 0.0, E4 0.0, E5 0.0, E6 0.0};;-4.08734179;2.96598983;15.4801598;1.92096078;2.22836328;0.121400245;295;295;294;296;295;295;0.0112200407;0.0185130667;0.108273387;-0.0241604857;-0.0635802299;-0.0241604857;-0.000915555574;-0.000915555924;0.0;0.0;0.0;0.0;0.0;100;0;#T1;#P_FREE
2025-11-27 14:16:00.662;{E6AXIS: A1 -9.09999943, A2 -140.057190, A3 125.564560, A4 -35.3082085, A5 29.5542088, A6 9.39463520, E1 0.0, E2 0.0, E3 0.0, E4 0.0, E5 0.0, E6 0.0};;-1.26336026;-2.55688763;16.9135075;1.51348424;2.58021021;-0.0809574351;295;295;294;296;295;295;0.00673202425;0.00112200400;0.0998583585;-0.0254320912;-0.0228888821;0.0317901149;0.000610277755;-0.000305000111;0.000325052097;0.0;-0.000280047447;0.000633922522;0.0;100;0;#T1;#P_FREE
2025-11-27 14:16:00.907;{E6AXIS: A1 -9.09999943, A2 -140.057190, A3 125.564560, A4 -35.3082085, A5 29.5542088, A6 9.39463520, E1 0.0, E2 0.0, E3 0.0, E4 0.0, E5 0.0, E6 0.0};;-2.82398152;0.511378050;14.2379255;1.39706230;2.16972184;0.404833496;295;295;294;296;295;295;-0.00729302643;-0.0398311429;0.0532951914;-0.0356049277;-0.0190740675;0.0432345569;0.0;-0.000305277907;0.000650400238;-0.000270670309;-0.000559840060;0.000317105529;0.0;100;0;#T1;#P_FREE
2025-11-27 14:16:01.140;{E6AXIS: A1 -9.09999943, A2 -140.057190, A3 125.564560, A4 -35.3082085, A5 29.5542088, A6 9.39463520, E1 0.0, E2 0.0, E3 0.0, E4 0.0, E5 0.0, E6 0.0};;0.222945884;-0.409102529;12.6134624;2.21201539;1.58331096;1.41700304;295;295;294;296;295;295;-0.00168300606;-0.00953703374;0.0936873406;-0.0521357879;-0.0559506;0.00508641824;0.000305000;0.000305000111;-0.000650400238;0.0;0.0;0.0;0.0;100;0;#T1;#P_FREE
2025-11-27 14:16:01.380;{E6AXIS: A1 -9.09999943, A2 -140.057190, A3 125.564560, A4 -35.3082085, A5 29.5542088, A6 9.39463520, E1 0.0, E2 0.0, E3 0.0, E4 0.0, E5 0.0, E6 0.0};;-0.891783535;-1.22730625;14.3334818;1.74632788;2.34564543;1.17412817;295;295;294;296;295;295;0.0213180762;-0.0280501;0.0633932278;-0.0356049277;-0.0317901149;0.0419629514;0.000305000;0.0;0.000650400238;0.0;0.0;-0.000317105529;0.0;100;0;#T1;#P_FREE
2025-11-27 14:16:01.617;{E6AXIS: A1 -9.09999943, A2 -140.057190, A3 125.564560, A4 -35.3082085, A5 29.5542088, A6 9.39463520, E1 0.0, E2 0.0, E3 0.0, E4 0.0, E5 0.0, E6 0.0};;-2.52672;4.29557085;21.5957775;2.27022624;0.527770400;0.161951840;295;295;294;296;295;295;0.0140250502;-0.0117810424;0.0981753543;-0.0394197404;-0.0419629514;0.0495925769;0.000610277755;-0.000610278;0.000325052097;0.0;0.0;0.000317105529;0.0;100;0;#T1;#P_FREE
2025-11-27 14:16:01.932;{E6AXIS: A1 -9.09999943, A2 -140.057190, A3 125.564560, A4 -35.3082085, A5 29.5542088, A6 9.39463520, E1 0.0, E2 0.0, E3 0.0, E4 0.0, E5 0.0, E6 0.0};;-2.15514374;3.17054033;13.5690298;1.45527327;1.29010499;2.34833097;295;295;294;296;295;295;0.0241230875;0.0527341925;0.0594662167;-0.0406913459;-0.0508641824;0.0101728365;-0.000305277761;0.0;-0.000325052097;0.0;0.0;-0.000316817;0.0;100;0;#T1;#P_FREE
2025-11-27 14:16:02.169;{E6AXIS: A1 -9.09999943, A2 -140.057190, A3 125.564560, A4 -35.3082085, A5 29.5542088, A6 9.39463520, E1 0.0, E2 0.0, E3 0.0, E4 0.0, E5 0.0, E6 0.0};;-2.00651336;4.50012159;11.5623426;1.86274981;0.996899486;0.364397496;295;295;294;296;295;295;0.0129030468;-0.0129030468;0.0970533490;-0.0228888821;-0.0178024638;-0.00635802280;0.000915277749;0.0;-0.000325348141;0.0;0.000559840060;0.0;0.0;100;0;#T1;#P_FREE
2025-11-27 14:16:02.409;{E6AXIS: A1 -9.09999943, A2 -140.057190, A3 125.564560, A4 -35.3082085, A5 29.5542088, A6 9.39463520, E1 0.0, E2 0.0, E3 0.0, E4 0.0, E5 0.0, E6 0.0};;-2.67535090;-0.409102499;13.8556986;0.931374907;1.52466965;0.769181967;295;295;294;296;295;296;0.0140250502;0.0252450909;0.0869553164;-0.0343333222;-0.0343333222;0.0279753;-0.000305000;-0.000610278;0.000650400238;0.000541587127;0.000279792614;-0.000633922522;0.0;100;0;#T1;#P_FREE
2025-11-27 14:16:02.645;{E6AXIS: A1 -9.09999943, A2 -140.057190, A3 125.564560, A4 -35.3082085, A5 29.5542088, A6 9.39463520, E1 0.0, E2 0.0, E3 0.0, E4 0.0, E5 0.0, E6 0.0};;-1.48630607;-5.82970333;18.1557426;1.45527327;1.40738750;1.05233824;295;295;294;296;295;296;0.0117810424;6.37765972E-19;0.0656372309;-0.0279753;-0.0178024638;0.0292469040;-0.000610277755;-0.000610278;-0.000650400238;0.0;0.0;0.000317105529;0.0;100;0;#T1;#P_FREE
2025-11-27 14:16:02.882;{E6AXIS: A1 -9.09999943, A2 -140.057190, A3 125.564560, A4 -35.3082085, A5 29.5542088, A6 9.39463520, E1 0.0, E2 0.0, E3 0.0, E4 0.0, E5 0.0, E6 0.0};;-2.00651312;0.818204343;11.2756710;2.15380454;1.34874630;0.526106060;295;295;294;296;295;296;0.0145860529;0.0196350701;0.123420440;-0.0419629514;0.0445061587;0.0127160456;-0.000610277755;-0.000305277907;-0.000650400238;0.0;-0.000279792614;0.000633922522;0.0;100;0;#T1;#P_FREE
2025-11-27 14:16:03.118;{E6AXIS: A1 -9.09999943, A2 -140.057190, A3 125.564560, A4 -35.3082085, A5 29.5542088, A6 9.39463520, E1 0.0, E2 0.0, E3 0.0, E4 0.0, E5 0.0, E6 0.0};;-0.520207345;4.90922308;12.4223509;1.86274981;0.645052612;-0.404671401;295;295;294;296;295;296;0.00729302643;-0.0190740675;0.0936873406;-0.0483209714;-0.00254320912;0.00762962736;0.000305000;0.000610278;0.000325348141;0.0;0.000280047447;0.0;0.0;100;0;#T1;#P_FREE
2025-11-27 14:16:03.355;{E6AXIS: A1 -9.09999943, A2 -140.057190, A3 125.564560, A4 -35.3082085, A5 29.5542088, A6 9.39463520, E1 0.0, E2 0.0, E3 0.0, E4 0.0, E5 0.0, E6 0.0};;-2.00651312;-0.204551160;15.8623838;1.45527327;2.11108112;-0.404655635;295;295;294;296;295;296;0.00336601213;0.00448801601;0.0830283;-0.0406913459;-0.0203456730;0.0445061587;0.0;-0.000915555924;0.000325052097;-0.000270670309;0.0;-0.000633922522;0.0;100;0;#T1;#P_FREE
2025-11-27 14:16:03.606;{E6AXIS: A1 -9.09999943, A2 -140.057190, A3 125.564560, A4 -35.3082085, A5 29.5542088, A6 9.39463520, E1 0.0, E2 0.0, E3 0.0, E4 0.0, E5 0.0, E6 0.0};;-1.85788274;4.39784670;10.8934469;1.92096066;2.34564567;0.161858812;295;295;294;296;295;296;0.0112200407;-0.00561002037;0.0942483395;-0.0190740675;-0.0597654134;0.0114444410;0.0;0.0;0.000325052097;-0.000541587127;0.0;0.0;0.0;100;0;#T1;#P_FREE
2025-11-27 14:16:03.937;{E6AXIS: A1 -9.09999943, A2 -140.057190, A3 125.564560, A4 -35.3082085, A5 29.5542088, A6 9.39463520, E1 0.0, E2 0.0, E3 0.0, E4 0.0, E5 0.0, E6 0.0};;-2.52672;-1.84095848;11.8490114;1.68811703;0.469129056;0.687892079;295;295;294;296;295;296;-0.00112200400;-0.0308551099;0.0981753543;-0.0432345569;-0.0165308602;0.0292469040;0.0;-0.000305000111;0.0;0.0;-0.000280047447;-0.000317105529;0.0;100;0;#T1;#P_FREE
2025-11-27 14:16:04.172;{E6AXIS: A1 -9.09999943, A2 -140.057190, A3 125.564560, A4 -35.3082085, A5 29.5542088, A6 9.39463520, E1 0.0, E2 0.0, E3 0.0, E4 0.0, E5 0.0, E6 0.0};;-2.45240521;-3.27281594;13.7601414;1.33885145;1.52466953;0.202320188;295;295;294;296;295;296;0.0157080553;0.00897603203;0.113883406;-0.0356049277;-0.0317901149;0.0178024638;0.0;0.0;0.0;0.0;-0.000280047447;0.0;0.0;100;0;#T1;#P_FREE
2025-11-27 14:16:04.422;{E6AXIS: A1 -9.09999943, A2 -140.057190, A3 125.564560, A4 -35.3082085, A5 29.5542088, A6 9.39463520, E1 0.0, E2 0.0, E3 0.0, E4 0.0, E5 0.0, E6 0.0};;-2.89829731;-2.45461249;7.64452410;2.15380454;1.93515706;0.202346057;295;295;294;296;295;295;0.0117810424;0.0123420442;0.0908823311;-0.0445061587;-0.0127160456;0.0292469040;0.0;0.0;-0.000325052097;0.0;0.0;0.0;0.0;100;0;#T1;#P_FREE
2025-11-27 14:16:04.668;{E6AXIS: A1 -9.09999943, A2 -140.057190, A3 125.564560, A4 -35.3082085, A5 29.5542088, A6 9.39463520, E1 0.0, E2 0.0, E3 0.0, E4 0.0, E5 0.0, E6 0.0};;-1.70925188;4.39784622;20.7357693;2.09559345;1.58331072;0.850048125;295;295;294;296;295;295;0.00953703374;-0.00280501018;0.106029376;-0.0445061587;0.00508641824;0.0178024638;-0.000305000;0.000305277907;-0.000325052097;0.0;-0.000279792614;-0.000633922522;0.0;100;0;#T1;#P_FREE
2025-11-27 14:16:04.909;{E6AXIS: A1 -9.09999943, A2 -140.057190, A3 125.564560, A4 -35.3082085, A5 29.5542088, A6 9.39463520, E1 0.0, E2 0.0, E3 0.0, E4 0.0, E5 0.0, E6 0.0};;-0.743152916;-5.93197918;14.0468121;1.57169509;1.58331084;1.78126025;295;295;294;296;295;295;0.0342211202;0.00112200400;0.0953703448;-0.0470493697;-0.0470493697;0.0292469040;-0.000610277755;-0.000610278;0.0;0.0;0.0;0.0;0.0;100;0;#T1;#P_FREE
2025-11-27 14:16:05.145;{E6AXIS: A1 -9.09999943, A2 -140.057190, A3 125.564560, A4 -35.3082085, A5 29.5542088, A6 9.39463520, E1 0.0, E2 0.0, E3 0.0, E4 0.0, E5 0.0, E6 0.0};;-2.00651336;1.53413177;11.5623426;1.16421866;0.527770340;0.890686333;295;295;294;296;295;295;0.0207570754;0.0246840883;0.0420751497;-0.0470493697;-0.0623086244;-0.00381481368;0.0;0.0;0.000325052097;0.000541587127;0.0;0.000316817;0.0;100;0;#T1;#P_FREE
2025-11-27 14:16:05.381;{E6AXIS: A1 -9.09999943, A2 -140.057190, A3 125.564560, A4 -35.3082085, A5 29.5542088, A6 9.39463520, E1 0.0, E2 0.0, E3 0.0, E4 0.0, E5 0.0, E6 0.0};;-3.04692769;2.65916276;14.5245943;2.27022624;0.293205708;0.526332796;295;295;294;296;295;295;0.0314161107;-0.00785402767;0.100419357;-0.0216172785;-0.0343333222;0.0101728365;-0.000305000;-0.000305277907;0.0;0.0;0.000280047447;0.000316817;0.0;100;0;#T1;#P_FREE
2025-11-27 14:16:05.617;{E6AXIS: A1 -9.09999943, A2 -140.057190, A3 125.564560, A4 -35.3082085, A5 29.5542088, A6 9.39463520, E1 0.0, E2 0.0, E3 0.0, E4 0.0, E5 0.0, E6 0.0};;-1.93219781;2.35233593;16.5312824;1.92096078;1.58331096;0.931223154;295;295;294;296;295;295;0.0213180762;-0.0100980364;0.120615438;-0.0534073934;-0.0101728365;-0.0178024638;0.000610555522;-0.000305000111;0.0;0.0;0.000559840060;0.0;0.0;100;0;#T1;#P_FREE
2025-11-27 14:16:05.878;{E6AXIS: A1 -9.09999943, A2 -140.057190, A3 125.564560, A4 -35.3082085, A5 29.5542088, A6 9.39463520, E1 0.0, E2 0.0, E3 0.0, E4 0.0, E5 0.0, E6 0.0};;-2.52672076;3.98874402;11.2756720;1.74632788;0.527770221;0.971721172;295;295;294;296;295;295;0.0145860529;-0.0100980364;0.106029376;-0.0419629514;-0.0572222061;-0.00254320912;-0.00152583327;0.000610278;0.0;0.0;-0.000280047447;0.000316817;0.0;100;0;#T1;#P_FREE
2025-11-27 14:16:06.111;{E6AXIS: A1 -9.09999943, A2 -140.057190, A3 125.564560, A4 -35.3082085, A5 29.5542088, A6 9.39463520, E1 0.0, E2 0.0, E3 0.0, E4 0.0, E5 0.0, E6 0.0};;-2.60103583;1.22730660;14.0468121;2.03738260;1.64195204;0.202443;295;295;294;296;295;295;0.00392701384;-0.0151470536;0.108273387;-0.0216172785;-0.0495925769;-0.00381481368;0.000305000;0.0;0.0;0.0;0.0;0.000633922522;0.0;100;0;#T1;#P_FREE
2025-11-27 14:16:06.356;{E6AXIS: A1 -9.09999943, A2 -140.057190, A3 125.564560, A4 -35.3082085, A5 29.5542088, A6 9.39463520, E1 0.0, E2 0.0, E3 0.0, E4 0.0, E5 0.0, E6 0.0};;0.0743154883;-1.32958174;17.3912888;1.57169509;1.58331060;-0.0404889323;295;295;294;296;295;295;0.00224400801;0.0117810424;0.0931263342;-0.0406913459;-0.0190740675;0.0597654134;0.000305277761;0.000610278;0.0;0.0;0.000559840060;0.000633922522;0.0;100;0;#T1;#P_FREE
2025-11-27 14:16:06.592;{E6AXIS: A1 -9.09999943, A2 -140.057190, A3 125.564560, A4 -35.3082085, A5 29.5542088, A6 9.39463520, E1 0.0, E2 0.0, E3 0.0, E4 0.0, E5 0.0, E6 0.0};;-3.41850424;4.09102058;12.5179062;1.97917163;1.81787539;-0.0404889584;295;295;294;296;295;295;0.0140250502;-0.0134640485;0.00897603203;-0.0470493697;-0.0356049277;0.00254320912;-0.000305277761;0.000305277907;0.000650400238;0.0;-0.000280047447;0.0;0.0;100;0;#T1;#P_FREE
2025-11-27 14:16:06.827;{E6AXIS: A1 -9.09999943, A2 -140.057190, A3 125.564560, A4 -35.3082085, A5 29.5542088, A6 9.39463520, E1 0.0, E2 0.0, E3 0.0, E4 0.0, E5 0.0, E6 0.0};;-2.22945905;5.05837825E-08;9.36454105;2.27022624;0.996899366;0.202444032;295;295;294;296;295;295;0.0157080553;-0.0145860529;0.0987363532;-0.0305185094;-0.0495925769;0.00762962736;0.000305277761;0.0;0.0;-0.000541587127;-0.000280047447;0.0;0.0;100;0;#T1;#P_FREE
2025-11-27 14:16:07.060;{E6AXIS: A1 -9.09999943, A2 -140.057190, A3 125.564560, A4 -35.3082085, A5 29.5542088, A6 9.39463520, E1 0.0, E2 0.0, E3 0.0, E4 0.0, E5 0.0, E6 0.0};;-1.11472976;2.76143789;18.9201946;1.22242951;2.28700447;0.931243658;295;295;294;296;295;295;0.0179520641;-0.0286111031;0.117249429;-0.0381481349;0.0381481349;0.0216172785;-0.000305277761;0.000305277907;0.0;0.0;-0.000280047447;0.000316817;0.0;100;0;#T1;#P_FREE
2025-11-27 14:16:07.292;{E6AXIS: A1 -9.09999943, A2 -140.057190, A3 125.564560, A4 -35.3082085, A5 29.5542088, A6 9.39463520, E1 0.0, E2 0.0, E3 0.0, E4 0.0, E5 0.0, E6 0.0};;-1.78356755;-5.01150;17.6779575;1.33885133;1.40738750;0.0809776634;295;295;294;296;295;295;0.0342211202;-0.00336601213;0.0594662167;-0.0495925769;-0.0597654134;0.0228888821;-0.000610277755;0.000305000111;0.0;0.0;-0.000280047447;0.0;0.0;100;0;#T1;#P_FREE
2025-11-27 14:16:07.526;{E6AXIS: A1 -9.09999943, A2 -140.057190, A3 125.564560, A4 -35.3082085, A5 29.5542088, A6 9.39463520, E1 0.0, E2 0.0, E3 0.0, E4 0.0, E5 0.0, E6 0.0};;-2.97261238;2.14778519;11.5623426;2.09559345;1.93515754;1.37662184;295;295;294;296;295;295;0.0117810424;-0.0129030468;0.0903213248;-0.0305185094;-0.0317901149;0.0292469040;0.0;0.0;0.0;0.0;-0.000280047447;-0.000316817;0.0;100;0;#T1;#P_FREE
2025-11-27 14:16:07.766;{E6AXIS: A1 -9.09999943, A2 -140.057190, A3 125.564560, A4 -35.3082085, A5 29.5542088, A6 9.39463520, E1 0.0, E2 0.0, E3 0.0, E4 0.0, E5 0.0, E6 0.0};;-3.41850424;0.102274910;12.7090197;1.51348424;0.645052671;1.17417753;295;295;294;296;295;295;0.0235620849;0.00448801601;0.129030466;-0.0381481349;-0.0470493697;0.0381481349;-0.000305277761;-0.000305277907;0.000325052097;0.000270916818;-0.000279792614;0.0;0.0;100;0;#T1;#P_FREE
2025-11-27 14:16:07.994;{E6AXIS: A1 -9.09999943, A2 -140.057190, A3 125.564560, A4 -35.3082085, A5 29.5542088, A6 9.39463520, E1 0.0, E2 0.0, E3 0.0, E4 0.0, E5 0.0, E6 0.0};;-1.56062150;1.73868322;10.7023335;1.92096078;1.87651646;0.242933333;295;295;294;296;295;295;0.0100980364;-0.00280501018;0.0768572763;-0.0292469040;-0.0305185094;-0.00381481368;0.000610277755;0.000305000111;0.000325052097;0.0;0.000280047447;0.000633922522;0.0;100;0;#T1;#P_FREE
2025-11-27 14:16:08.225;{E6AXIS: A1 -9.09999943, A2 -140.057190, A3 125.564560, A4 -35.3082085, A5 29.5542088, A6 9.39463520, E1 0.0, E2 0.0, E3 0.0, E4 0.0, E5 0.0, E6 0.0};;-2.52672052;2.96598983;7.45340967;1.33885145;1.34874630;1.13368857;295;295;294;296;295;295;0.0302941073;-0.00448801601;0.107712388;-0.0228888821;-0.0381481349;0.0406913459;-0.000305000;0.0;-0.000325052097;0.0;0.0;0.0;0.0;100;0;#T1;#P_FREE
2025-11-27 14:16:08.461;{E6AXIS: A1 -9.09999943, A2 -140.057190, A3 125.564560, A4 -35.3082085, A5 29.5542088, A6 9.39463520, E1 0.0, E2 0.0, E3 0.0, E4 0.0, E5 0.0, E6 0.0};;-1.78356719;1.73868322;10.8934479;2.03738260;1.70059288;1.29541755;295;295;294;296;295;296;0.00841503;-0.00336601213;0.0684422404;-0.0495925769;-0.0139876502;0.0343333222;0.000915277749;0.000610278;0.0;0.0;0.0;0.0;0.0;100;0;#T1;#P_FREE
2025-11-27 14:16:08.696;{E6AXIS: A1 -9.09999943, A2 -140.057190, A3 125.564560, A4 -35.3082085, A5 29.5542088, A6 9.39463520, E1 0.0, E2 0.0, E3 0.0, E4 0.0, E5 0.0, E6 0.0};;-1.18904471;4.60239744;18.2512989;1.74632800;0.586411595;-0.566633701;295;295;294;296;295;296;0.0342211202;-0.00392701384;0.0875163153;-0.0317901149;-0.0254320912;0.0127160456;0.0;0.0;0.0;0.0;0.0;-0.000316817;0.0;100;0;#T1;#P_FREE
2025-11-27 14:16:08.929;{E6AXIS: A1 -9.09999943, A2 -140.057190, A3 125.564560, A4 -35.3082085, A5 29.5542088, A6 9.39463520, E1 0.0, E2 0.0, E3 0.0, E4 0.0, E5 0.0, E6 0.0};;-2.00651336;2.35233641;5.16005325;2.09559345;1.70059299;0.849857628;295;295;294;296;295;296;0.0274890978;-0.0140250502;0.0992973596;-0.0394197404;-0.0534073934;0.0178024638;-0.000915555574;-0.000305277907;0.0;0.0;-0.000280047447;-0.000316817;0.0;100;0;#T1;#P_FREE
2025-11-27 14:16:09.162;{E6AXIS: A1 -9.09999943, A2 -140.057190, A3 125.564560, A4 -35.3082085, A5 29.5542088, A6 9.39463520, E1 0.0, E2 0.0, E3 0.0, E4 0.0, E5 0.0, E6 0.0};;-2.37809014;2.55688691;12.0401230;1.39706230;-0.117282145;0.0809336603;295;295;294;296;295;296;0.00785402767;-0.00168300606;0.0914433300;-0.0368765332;-0.0356049277;0.0546789952;0.000305277761;0.0;0.0;0.0;-0.000559840060;-0.000316817;0.0;100;0;#T1;#P_FREE
2025-11-27 14:16:09.401;{E6AXIS: A1 -9.09999943, A2 -140.057190, A3 125.564560, A4 -35.3082085, A5 29.5542088, A6 9.39463520, E1 0.0, E2 0.0, E3 0.0, E4 0.0, E5 0.0, E6 0.0};;-3.34418869;-2.86371374;13.8556986;0.698531151;0.996899366;0.323724151;295;295;294;296;295;296;0.0190740675;0.00561002037;0.0970533490;-0.0228888821;-0.0152592547;-0.0305185094;-0.000305277761;-0.000610278;0.0;-0.000270916818;0.000280047447;0.0;0.0;100;0;#T1;#P_FREE
2025-11-27 14:16:09.641;{E6AXIS: A1 -9.09999943, A2 -140.057190, A3 125.564560, A4 -35.3082085, A5 29.5542088, A6 9.39463520, E1 0.0, E2 0.0, E3 0.0, E4 0.0, E5 0.0, E6 0.0};;-4.90480947;-0.102275513;14.4290371;2.38664818;0.762335;0.930689335;295;295;294;296;295;296;0.0117810424;0.00729302643;0.0847113058;-0.0457777642;-0.0317901149;0.0432345569;0.000610555522;-0.000305000111;-0.000325052097;0.0;-0.000280047447;0.000950739544;0.0;100;0;#T1;#P_FREE
2025-11-27 14:16:09.878;{E6AXIS: A1 -9.09999943, A2 -140.057190, A3 125.564560, A4 -35.3082085, A5 29.5542088, A6 9.39463520, E1 0.0, E2 0.0, E3 0.0, E4 0.0, E5 0.0, E6 0.0};;-1.63493633;1.12503016;16.3401699;1.86320484;1.93515754;1.33532321;295;295;294;295;295;296;0.00504901819;-0.00673202425;0.104907379;-0.0381481349;0.00254320912;-0.0127160456;0.0;0.000305000111;0.0;-0.000541587127;0.0;0.000316817;0.0;100;0;#T1;#P_FREE
2025-11-27 14:16:10.110;{E6AXIS: A1 -9.09999943, A2 -140.057190, A3 125.564560, A4 -35.3082085, A5 29.5542088, A6 9.39463520, E1 0.0, E2 0.0, E3 0.0, E4 0.0, E5 0.0, E6 0.0};;-3.12124324;1.53413188;18.3468552;1.45587;2.16972208;1.29485130;295;295;294;295;295;296;0.0190740675;-0.0179520641;0.0437581576;-0.0445061587;-0.0241604857;0.0241604857;-0.000610555522;-0.000610278;0.0;0.0;0.0;0.0;0.0;100;0;#T1;#P_FREE
2025-11-27 14:16:10.349;{E6AXIS: A1 -9.09999943, A2 -140.057190, A3 125.564560, A4 -35.3082085, A5 29.5542088, A6 9.39463520, E1 0.0, E2 0.0, E3 0.0, E4 0.0, E5 0.0, E6 0.0};;-3.12124276;2.55688691;17.2001781;2.21313190;2.40428662;0.971166313;295;295;294;295;295;295;0.000561002;-0.00785402767;0.0690032467;-0.0394197404;-0.0623086244;0.0101728365;0.0;0.000610278;0.0;0.0;0.000559840060;0.000317105529;0.0;100;0;#T1;#P_FREE
2025-11-27 14:16:10.584;{E6AXIS: A1 -9.09999943, A2 -140.057190, A3 125.564560, A4 -35.3082085, A5 29.5542088, A6 9.39463520, E1 0.0, E2 0.0, E3 0.0, E4 0.0, E5 0.0, E6 0.0};;-1.70925224;-2.35233641;5.92450619;1.39783823;1.99379861;-0.0809518695;295;295;294;295;295;295;0.0106590381;-0.00168300606;0.0903213248;-0.0457777642;-0.0394197404;0.0114444410;0.00122083328;-0.000610278;-0.000325052097;0.0;-0.000280047447;-0.000316817;0.0;100;0;#T1;#P_FREE
2025-11-27 14:16:10.824;{E6AXIS: A1 -9.09999943, A2 -140.057190, A3 125.564560, A4 -35.3082085, A5 29.5542088, A6 9.39463520, E1 0.0, E2 0.0, E3 0.0, E4 0.0, E5 0.0, E6 0.0};;-1.63493645;8.89796829;12.4223490;1.74734855;1.81787539;0.485780180;295;295;294;295;295;295;0.0123420442;0.0145860529;0.0891993195;-0.0470493697;-0.0127160456;0.0241604857;0.000915555574;0.0;0.0;0.0;-0.000280047447;-0.000317105529;0.0;100;0;#T1;#P_FREE
2025-11-27 14:16:11.057;{E6AXIS: A1 -9.09999943, A2 -140.057190, A3 125.564560, A4 -35.3082085, A5 29.5542088, A6 9.39463520, E1 0.0, E2 0.0, E3 0.0, E4 0.0, E5 0.0, E6 0.0};;-1.33767557;-1.53413224;17.2001781;1.74738574;1.75923431;-0.283402652;295;295;294;295;295;295;0.0129030468;-0.00785402767;0.0729302615;-0.0394197404;-0.0419629514;0.0356049277;-0.00122083328;0.0;0.000650400238;0.0;0.0;0.000316817;0.0;100;0;#T1;#P_FREE
2025-11-27 14:16:11.435;{E6AXIS: A1 -9.09999943, A2 -140.057190, A3 125.564560, A4 -35.3082085, A5 29.5542088, A6 9.39463520, E1 0.0, E2 0.0, E3 0.0, E4 0.0, E5 0.0, E6 0.0};;-0.445892155;-0.715929;15.1934900;1.51441038;1.81787527;0.323898286;295;295;294;295;295;295;-0.000561002;-0.0100980364;0.0701252520;-0.0203456730;-0.0343333222;0.0254320912;-0.00152583327;-0.000305277907;0.0;0.000541587127;0.0;0.0;0.0;100;0;#T1;#P_FREE
2025-11-27 14:16:11.669;{E6AXIS: A1 -9.09999943, A2 -140.057190, A3 125.564560, A4 -35.3082085, A5 29.5542088, A6 9.39463520, E1 0.0, E2 0.0, E3 0.0, E4 0.0, E5 0.0, E6 0.0};;-1.70925200;0.920479059;9.84232235;1.39792192;0.645052791;1.01220047;295;295;294;296;295;295;0.0185130667;-0.0106590381;0.0847113058;-0.0546789952;-0.0483209714;0.0317901149;-0.00122083328;0.0;-0.000650400238;0.000541587127;-0.000280047447;0.000316817;0.0;100;0;#T1;#P_FREE
2025-11-27 14:16:11.905;{E6AXIS: A1 -9.09999943, A2 -140.057190, A3 125.564560, A4 -35.3082085, A5 29.5542088, A6 9.39463520, E1 0.0, E2 0.0, E3 0.0, E4 0.0, E5 0.0, E6 0.0};;-2.52672052;-1.02275503;13.7601395;1.97985911;3.10798;0.202441633;295;295;294;296;295;295;0.00392701384;0.0123420442;0.0819063;-0.0317901149;-0.0267036967;0.0165308602;-0.000610555522;0.000610278;-0.000650400238;0.000541587127;0.0;0.0;0.0;100;0;#T1;#P_FREE
2025-11-27 14:16:12.144;{E6AXIS: A1 -9.09999943, A2 -140.057190, A3 125.564560, A4 -35.3082085, A5 29.5542088, A6 9.39463520, E1 0.0, E2 0.0, E3 0.0, E4 0.0, E5 0.0, E6 0.0};;-1.70925188;-2.55688667;17.9646301;1.57199705;0.996899366;-0.688307;295;295;294;296;295;295;0.0129030468;0.00785402767;0.0684422404;-0.0305185094;-0.0495925769;-0.00890123192;0.0;0.0;0.0;0.0;0.0;0.000950739544;0.0;100;0;#T1;#P_FREE
2025-11-27 14:16:12.377;{E6AXIS: A1 -9.09999943, A2 -140.057190, A3 125.564560, A4 -35.3082085, A5 29.5542088, A6 9.39463520, E1 0.0, E2 0.0, E3 0.0, E4 0.0, E5 0.0, E6 0.0};;-0.891783714;1.43185639;16.7223949;1.57186544;0.410488218;0.0404884554;295;295;294;296;295;295;0.00504901819;0.0392701402;0.0869553164;-0.0381481349;-0.00635802280;0.00762962736;0.0;0.0;-0.000650400238;0.0;-0.000559840060;0.0;0.0;100;0;#T1;#P_FREE
2025-11-27 14:16:12.611;{E6AXIS: A1 -9.09999943, A2 -140.057190, A3 125.564560, A4 -35.3082085, A5 29.5542088, A6 9.39463520, E1 0.0, E2 0.0, E3 0.0, E4 0.0, E5 0.0, E6 0.0};;-3.64145;-6.44335651;15.6712704;1.16428769;0.938258350;1.05270863;295;295;294;296;295;295;0.0117810424;0.00897603203;0.0959313437;-0.0203456730;-0.0610370189;0.0152592547;-0.000915277749;0.0;0.000650400238;0.0;-0.000280047447;0.0;0.0;100;0;#T1;#P_FREE
2025-11-27 14:16:12.848;{E6AXIS: A1 -9.09999943, A2 -140.057190, A3 125.564560, A4 -35.3082085, A5 29.5542088, A6 9.39463520, E1 0.0, E2 0.0, E3 0.0, E4 0.0, E5 0.0, E6 0.0};;-2.37809;0.306826264;17.8690739;0.640341;1.64195180;0.364399552;295;295;294;296;295;295;0.0134640485;-0.0151470536;0.0970533490;-0.0394197404;-0.0368765332;0.0;0.0;-0.000915555924;-0.000650400238;-0.000541587127;-0.000559840060;0.000316817;0.0;100;0;#T1;#P_FREE
2025-11-27 14:16:13.085;{E6AXIS: A1 -9.09999943, A2 -140.057190, A3 125.564560, A4 -35.3082085, A5 29.5542088, A6 9.39463520, E1 0.0, E2 0.0, E3 0.0, E4 0.0, E5 0.0, E6 0.0};;-1.56062150;2.96598983;14.6201525;1.80457127;2.46292782;0.121466264;295;295;294;296;295;295;0.00617102208;0.0157080553;0.102663368;-0.0343333222;-0.0470493697;0.0330617204;-0.000610555522;-0.000305000111;-0.000650400238;0.000541587127;0.0;-0.000317105529;0.0;100;0;#T1;#P_FREE
2025-11-27 14:16:13.317;{E6AXIS: A1 -9.09999943, A2 -140.057190, A3 125.564560, A4 -35.3082085, A5 29.5542088, A6 9.39463520, E1 0.0, E2 0.0, E3 0.0, E4 0.0, E5 0.0, E6 0.0};;-1.11472952;5.62515163;19.2068653;1.51349926;0.703693748;-0.971733272;295;295;294;296;295;295;0.0213180762;-0.0168300606;0.0931263342;-0.0419629514;-0.0317901149;0.0114444410;0.0;0.0;0.0;0.000541587127;-0.000559840060;0.0;0.0;100;0;#T1;#P_FREE
2025-11-27 14:16:13.559;{E6AXIS: A1 -9.09999943, A2 -140.057190, A3 125.564560, A4 -35.3082085, A5 29.5542088, A6 9.39463520, E1 0.0, E2 0.0, E3 0.0, E4 0.0, E5 0.0, E6 0.0};;-1.56062126;1.02275467;11.5623398;1.80454862;2.69749236;0.566844046;295;295;294;296;295;295;0.0100980364;0.0157080553;0.0403921455;-0.0241604857;-0.0483209714;0.0394197404;-0.00122083328;0.000610278;-0.000325052097;0.0;0.0;-0.000317105529;0.0;100;0;#T1;#P_FREE
2025-11-27 14:16:13.795;{E6AXIS: A1 -9.09999943, A2 -140.057190, A3 125.564560, A4 -35.3082085, A5 29.5542088, A6 9.39463520, E1 0.0, E2 0.0, E3 0.0, E4 0.0, E5 0.0, E6 0.0};;-1.78356743;-0.409102201;9.65121078;2.21202207;1.75923419;0.850266516;295;295;294;296;295;295;0.0157080553;0.0134640485;0.0538561940;-0.0610370189;-0.0457777642;-0.0305185094;-0.000610555522;0.0;0.0;0.0;0.0;-0.000316817;0.0;100;0;#T1;#P_FREE
2025-11-27 14:16:14.033;{E6AXIS: A1 -9.09999943, A2 -140.057190, A3 125.564560, A4 -35.3082085, A5 29.5542088, A6 9.39463520, E1 0.0, E2 0.0, E3 0.0, E4 0.0, E5 0.0, E6 0.0};;-4.90481043;1.22730565;14.4290380;1.57169783;0.469129264;1.01222205;295;295;294;296;295;295;0.00168300606;-0.00168300606;0.105468385;-0.0241604857;-0.0305185094;0.0445061587;0.000915555574;0.000305000111;0.0;0.0;0.0;0.0;0.0;100;0;#T1;#P_FREE
2025-11-27 14:16:14.271;{E6AXIS: A1 -9.09999943, A2 -140.057190, A3 125.564560, A4 -35.3082085, A5 29.5542088, A6 9.39463520, E1 0.0, E2 0.0, E3 0.0, E4 0.0, E5 0.0, E6 0.0};;-5.12775612;0.306826144;13.0912466;2.09559536;1.29010499;0.931244075;295;295;294;296;295;295;0.0168300606;-0.0258060936;0.105468385;-0.0343333222;-0.0432345569;0.0152592547;0.0;-0.000305000111;0.000325348141;0.0;0.000280047447;0.000633922522;0.0;100;0;#T1;#P_FREE
2025-11-27 14:16:14.511;{E6AXIS: A1 -9.09999943, A2 -140.057190, A3 125.564560, A4 -35.3082085, A5 29.5542088, A6 9.39463520, E1 0.0, E2 0.0, E3 0.0, E4 0.0, E5 0.0, E6 0.0};;-1.41199088;2.35233665;18.6335239;2.21201634;1.05554032;1.21466613;295;295;294;296;295;295;0.0235620849;0.00673202425;0.0903213248;-0.0317901149;-0.0635802299;0.0394197404;0.00152583327;0.0;0.000325052097;0.000541587127;-0.000559840060;-0.000951028080;0.0;100;0;#T1;#P_FREE
2025-11-27 14:16:14.747;{E6AXIS: A1 -9.09999943, A2 -140.057190, A3 125.564560, A4 -35.3082085, A5 29.5542088, A6 9.39463520, E1 0.0, E2 0.0, E3 0.0, E4 0.0, E5 0.0, E6 0.0};;-0.520207405;-1.12503052;8.40897560;1.57169557;0.645052612;1.57906651;295;295;294;296;295;295;0.0185130667;-0.0173910614;0.0891993195;-0.0190740675;-0.0508641824;-0.00762962736;0.000305277761;0.0;0.000650400238;0.0;0.000280047447;0.0;0.0;100;0;#T1;#P_FREE
2025-11-27 14:16:14.987;{E6AXIS: A1 -9.09999943, A2 -140.057190, A3 125.564560, A4 -35.3082085, A5 29.5542088, A6 9.39463520, E1 0.0, E2 0.0, E3 0.0, E4 0.0, E5 0.0, E6 0.0};;-2.82398176;-0.102275394;12.3267937;0.931375;1.70059299;-0.161955833;295;295;294;296;295;295;0.0201960728;-0.00168300606;0.0622712262;-0.0406913459;-0.0178024638;0.0101728365;0.000610277755;-0.000610278;0.0;0.0;0.000559840060;0.000316817;0.0;100;0;#T1;#P_FREE
2025-11-27 14:16:15.223;{E6AXIS: A1 -9.09999943, A2 -140.057190, A3 125.564560, A4 -35.3082085, A5 29.5542088, A6 9.39463520, E1 0.0, E2 0.0, E3 0.0, E4 0.0, E5 0.0, E6 0.0};;-2.60103583;1.22730601;9.07787;2.15380454;1.46602845;0.202444419;295;295;294;296;295;295;0.00841503;-0.00336601213;0.0931263342;-0.0254320912;-0.0406913459;0.0330617204;-0.000610555522;0.000610278;0.000650400238;0.0;0.0;0.000317105529;0.0;100;0;#T1;#P_FREE
2025-11-27 14:16:15.462;{E6AXIS: A1 -9.09999943, A2 -140.057190, A3 125.564560, A4 -35.3082085, A5 29.5542088, A6 9.39463520, E1 0.0, E2 0.0, E3 0.0, E4 0.0, E5 0.0, E6 0.0};;-0.520207167;-3.17054105;11.2756710;1.39706242;1.99379861;0.283422;295;295;294;296;295;295;0.00168300606;6.37765972E-19;0.120615438;-0.0406913459;-0.0406913459;0.0254320912;0.000305000;-0.000610278;-0.000325348141;0.0;-0.000559840060;0.0;0.0;100;0;#T1;#P_FREE
2025-11-27 14:16:15.698;{E6AXIS: A1 -9.09999943, A2 -140.057190, A3 125.564560, A4 -35.3082085, A5 29.5542088, A6 9.39463520, E1 0.0, E2 0.0, E3 0.0, E4 0.0, E5 0.0, E6 0.0};;-1.85788286;0.511377156;12.0401239;1.51348424;1.29010510;0.688310921;295;295;294;296;295;295;0.0168300606;0.00561002037;0.0897603258;-0.0406913459;0.0101728365;0.0750246719;-0.000305000;0.000305277907;-0.000650400238;0.0;0.0;0.0;0.0;100;0;#T1;#P_FREE
2025-11-27 14:16:15.936;{E6AXIS: A1 -9.09999943, A2 -140.057190, A3 125.564560, A4 -35.3082085, A5 29.5542088, A6 9.39463520, E1 0.0, E2 0.0, E3 0.0, E4 0.0, E5 0.0, E6 0.0};;-1.11472940;-3.88646889;15.0979338;1.51348424;1.23146379;0.971733212;295;295;294;296;295;295;0.0359041281;0.0168300606;0.0740522668;-0.0152592547;-0.0330617204;-0.0127160456;0.0;0.0;-0.000325052097;0.0;-0.000280047447;0.000316817;0.0;100;0;#T1;#P_FREE
2025-11-27 14:16:16.169;{E6AXIS: A1 -9.09999943, A2 -140.057190, A3 125.564560, A4 -35.3082085, A5 29.5542088, A6 9.39463520, E1 0.0, E2 0.0, E3 0.0, E4 0.0, E5 0.0, E6 0.0};;-4.60754871;3.78419328;12.4223509;3.02696848;1.81787527;0.161955401;295;295;294;296;295;295;-0.00448801601;-0.0106590381;0.0981753543;-0.0330617204;-0.0343333222;-0.00635802280;0.0;0.000305000111;0.000650400238;0.0;-0.000280047447;0.000633922522;0.0;100;0;#T1;#P_FREE
2025-11-27 14:16:16.405;{E6AXIS: A1 -9.09999943, A2 -140.057190, A3 125.564560, A4 -35.3082085, A5 29.5542088, A6 9.39463520, E1 0.0, E2 0.0, E3 0.0, E4 0.0, E5 0.0, E6 0.0};;-0.743153036;1.32958102;8.31341934;2.21201539;1.64195192;0.647821963;295;295;294;296;295;295;0.0190740675;-0.00785402767;0.0920043290;-0.0356049277;-0.0152592547;0.0216172785;0.0;0.0;0.0;-0.000270670309;0.0;0.0;0.0;100;0;#T1;#P_FREE
2025-11-27 14:16:16.647;{E6AXIS: A1 -9.09999943, A2 -140.057190, A3 125.564560, A4 -35.3082085, A5 29.5542088, A6 9.39463520, E1 0.0, E2 0.0, E3 0.0, E4 0.0, E5 0.0, E6 0.0};;-1.56062150;-2.25006056;22.5513401;1.39706230;2.16972232;0.850266278;295;295;294;296;295;295;0.0123420442;0.00897603203;0.0785402805;-0.0292469040;-0.0114444410;0.0139876502;0.0;0.0;0.0;0.000270670309;0.0;0.000317105529;0.0;100;0;#T1;#P_FREE
2025-11-27 14:16:16.875;{E6AXIS: A1 -9.09999943, A2 -140.057190, A3 125.564560, A4 -35.3082085, A5 29.5542088, A6 9.39463520, E1 0.0, E2 0.0, E3 0.0, E4 0.0, E5 0.0, E6 0.0};;-3.86439610;8.69341755;14.9068203;1.45527327;2.75613356;0.850266635;295;295;294;296;295;295;0.0201960728;0.0145860529;0.0734912604;-0.0419629514;-0.0470493697;0.00381481368;0.000305277761;-0.000610278;-0.000650400238;-0.000270670309;0.0;-0.000317105529;0.0;100;0;#T1;#P_FREE
2025-11-27 14:16:17.107;{E6AXIS: A1 -9.09999943, A2 -140.057190, A3 125.564560, A4 -35.3082085, A5 29.5542088, A6 9.39463520, E1 0.0, E2 0.0, E3 0.0, E4 0.0, E5 0.0, E6 0.0};;-3.64145017;-0.102275722;10.5112200;1.22242951;1.70059276;1.05271101;295;295;294;296;295;295;0.0218790788;-0.00504901819;0.102663368;-0.0241604857;-0.0317901149;0.0559506;0.0;0.0;-0.000325052097;0.0;0.0;0.000317105529;0.0;100;0;#T1;#P_FREE
2025-11-27 14:16:17.344;{E6AXIS: A1 -9.09999943, A2 -140.057190, A3 125.564560, A4 -35.3082085, A5 29.5542088, A6 9.39463520, E1 0.0, E2 0.0, E3 0.0, E4 0.0, E5 0.0, E6 0.0};;-2.74966598;2.86371374;12.4223480;1.74632788;2.28700447;1.45759988;295;295;294;296;295;295;0.0207570754;-0.00953703374;0.130713463;-0.0406913459;-0.0356049277;0.00635802280;-0.00122083328;-0.000610278;0.000650400238;0.0;-0.000279792614;0.0;0.0;100;0;#T1;#P_FREE
2025-11-27 14:16:17.585;{E6AXIS: A1 -9.09999943, A2 -140.057190, A3 125.564560, A4 -35.3082085, A5 29.5542088, A6 9.39463520, E1 0.0, E2 0.0, E3 0.0, E4 0.0, E5 0.0, E6 0.0};;-2.67535138;4.29557085;17.4868469;1.80453885;2.28700423;0.404888868;295;295;294;296;295;295;0.0213180762;-0.00448801601;0.112761408;-0.0190740675;-0.0139876502;0.0292469040;-0.000610555522;0.0;0.0;0.0;-0.000559840060;0.000316817;0.0;100;0;#T1;#P_FREE
2025-11-27 14:16:17.823;{E6AXIS: A1 -9.09999943, A2 -140.057190, A3 125.564560, A4 -35.3082085, A5 29.5542088, A6 9.39463520, E1 0.0, E2 0.0, E3 0.0, E4 0.0, E5 0.0, E6 0.0};;-1.93219829;-3.06826544;15.9579420;1.04779673;0.938258290;0.971733153;295;295;294;296;295;295;0.0100980364;-0.0100980364;0.0706862509;-0.0406913459;-0.0597654134;0.0305185094;-0.000915555574;0.0;0.000325052097;0.0;0.0;0.0;0.0;100;0;#T1;#P_FREE
2025-11-27 14:16:18.058;{E6AXIS: A1 -9.09999943, A2 -140.057190, A3 125.564560, A4 -35.3082085, A5 29.5542088, A6 9.39463520, E1 0.0, E2 0.0, E3 0.0, E4 0.0, E5 0.0, E6 0.0};;-1.41199088;-1.02275479;10.6067762;1.28064048;0.0586413778;0.485866427;295;295;294;296;295;295;0.0263670962;-0.0134640485;0.0835893;-0.0330617204;-0.0419629514;0.0534073934;-0.000610277755;0.0;-0.000650400238;0.0;0.0;0.000317105529;0.0;100;0;#T1;#P_FREE
2025-11-27 14:16:18.291;{E6AXIS: A1 -9.09999943, A2 -140.057190, A3 125.564560, A4 -35.3082085, A5 29.5542088, A6 9.39463520, E1 0.0, E2 0.0, E3 0.0, E4 0.0, E5 0.0, E6 0.0};;-1.78356731;-2.86371446;17.8690720;1.62990606;2.28700423;0.971733093;295;295;294;296;295;295;0.0157080553;-0.0258060936;0.102663368;-0.0406913459;-0.0368765332;0.0432345569;0.000610277755;-0.000305000111;-0.000650400238;0.0;-0.000280047447;0.000316817;0.0;100;0;#T1;#P_FREE
2025-11-27 14:16:18.529;{E6AXIS: A1 -9.09999943, A2 -140.057190, A3 125.564560, A4 -35.3082085, A5 29.5542088, A6 9.39463520, E1 0.0, E2 0.0, E3 0.0, E4 0.0, E5 0.0, E6 0.0};;-2.08082867;0.409102142;16.4357224;1.51348424;0.938258171;-0.121467009;295;295;294;296;295;295;0.0241230875;-0.0140250502;0.0751742721;-0.00890123192;-0.00508641824;0.0610370189;0.0;0.0;0.0;0.0;0.000280047447;-0.000317105529;0.0;100;0;#T1;#P_FREE
2025-11-27 14:16:18.770;{E6AXIS: A1 -9.09999943, A2 -140.057190, A3 125.564560, A4 -35.3082085, A5 29.5542088, A6 9.39463520, E1 0.0, E2 0.0, E3 0.0, E4 0.0, E5 0.0, E6 0.0};;-2.74966669;-0.511378527;19.7802048;2.27022624;1.40738750;1.49808884;295;295;294;296;295;295;0.0314161107;0.00168300606;0.0493681766;-0.0495925769;-0.0419629514;0.0101728365;-0.000305000;-0.000305000111;-0.000650400238;0.0;0.000280047447;0.0;0.0;100;0;#T1;#P_FREE
2025-11-27 14:16:19.012;{E6AXIS: A1 -9.09999943, A2 -140.057190, A3 125.564560, A4 -35.3082085, A5 29.5542088, A6 9.39463520, E1 0.0, E2 0.0, E3 0.0, E4 0.0, E5 0.0, E6 0.0};;-3.86439586;3.68191719;12.1356802;1.86274981;2.93205690;0.283422112;295;295;294;296;295;295;0.0168300606;0.00953703374;0.0454411656;-0.0356049277;-0.0254320912;0.00254320912;0.00152583327;0.0;0.000325052097;0.0;0.000280047447;0.0;0.0;100;0;#T1;#P_FREE
2025-11-27 14:16:19.253;{E6AXIS: A1 -9.09999943, A2 -140.057190, A3 125.564560, A4 -35.3082085, A5 29.5542088, A6 9.39463520, E1 0.0, E2 0.0, E3 0.0, E4 0.0, E5 0.0, E6 0.0};;-0.371576667;5.52287626;14.6201515;1.39706242;1.75923419;0.688311040;295;295;294;296;295;295;0.0207570754;-0.00841503;0.126786456;-0.0343333222;-0.0267036967;-0.00254320912;0.0;-0.000305277907;0.000325052097;0.0;0.000280047447;0.0;0.0;100;0;#T1;#P_FREE
2025-11-27 14:16:19.494;{E6AXIS: A1 -9.09999943, A2 -140.057190, A3 125.564560, A4 -35.3082085, A5 29.5542088, A6 9.39463520, E1 0.0, E2 0.0, E3 0.0, E4 0.0, E5 0.0, E6 0.0};;-0.817468166;-1.43185699;18.7290821;0.582109272;1.34874618;-0.202444553;295;295;294;296;295;295;0.0224400815;0.0168300606;0.0431971550;-0.0241604857;-0.0305185094;0.0356049277;-0.000610555522;-0.000610278;0.000650400238;0.0;-0.000280047447;-0.000316817;0.0;100;0;#T1;#P_FREE
2025-11-27 14:16:19.735;{E6AXIS: A1 -9.09999943, A2 -140.057190, A3 125.564560, A4 -35.3082085, A5 29.5542088, A6 9.39463520, E1 0.0, E2 0.0, E3 0.0, E4 0.0, E5 0.0, E6 0.0};;-1.26335967;3.27281547;8.79120159;1.80453885;1.99379885;1.74102211;295;295;294;296;295;295;0.0274890978;-0.0117810424;0.0959313437;-0.0203456730;-0.00762962736;0.0241604857;0.0;0.000305277907;0.0;0.0;0.000280047447;0.000316817;0.0;100;0;#T1;#P_FREE
2025-11-27 14:16:19.972;{E6AXIS: A1 -9.09999943, A2 -140.057190, A3 125.564560, A4 -35.3082085, A5 29.5542088, A6 9.39463520, E1 0.0, E2 0.0, E3 0.0, E4 0.0, E5 0.0, E6 0.0};;-1.48630619;-0.409102172;12.0401230;2.03738260;2.58021021;-0.688311338;295;295;294;296;295;295;0.0291721057;0.0207570754;0.113883406;-0.0305185094;-0.0495925769;0.0101728365;0.00152583327;0.000610278;0.000650400238;0.0;-0.000280047447;-0.000633922522;0.0;100;0;#T1;#P_FREE
2025-11-27 14:16:20.201;{E6AXIS: A1 -9.09999943, A2 -140.057190, A3 125.564560, A4 -35.3082085, A5 29.5542088, A6 9.39463520, E1 0.0, E2 0.0, E3 0.0, E4 0.0, E5 0.0, E6 0.0};;-1.63493693;-1.32958198;13.1868029;1.68811691;0.938258410;0.242932782;295;295;294;296;295;295;0.0196350701;-0.0134640485;0.0645152330;-0.0356049277;-0.0445061587;0.00381481368;0.00122083328;0.0;-0.000325348141;-0.000541587127;0.0;0.0;0.0;100;0;#T1;#P_FREE
2025-11-27 14:16:20.437;{E6AXIS: A1 -9.09999943, A2 -140.057190, A3 125.564560, A4 -35.3082085, A5 29.5542088, A6 9.39463520, E1 0.0, E2 0.0, E3 0.0, E4 0.0, E5 0.0, E6 0.0};;-2.37808967;-4.60239840;16.1490555;2.03738236;1.23146403;-0.121451579;295;295;294;296;295;296;0.0117810424;0.00617102208;0.105468385;-0.0534073934;-0.0356049277;0.0139876502;0.0;-0.000305277907;0.0;0.0;-0.000280047447;0.0;0.0;100;0;#T1;#P_FREE
2025-11-27 14:16:20.670;{E6AXIS: A1 -9.09999943, A2 -140.057190, A3 125.564560, A4 -35.3082085, A5 29.5542088, A6 9.39463520, E1 0.0, E2 0.0, E3 0.0, E4 0.0, E5 0.0, E6 0.0};;0.891783476;0.715928137;19.3979759;2.15380430;1.70059288;-0.404750407;295;295;294;296;295;296;0.0325381160;0.00504901819;0.0796622857;-0.0445061587;-0.0305185094;0.0178024638;0.000305277761;0.000305277907;0.0;0.0;0.0;0.0;0.0;100;0;#T1;#P_FREE
2025-11-27 14:16:20.910;{E6AXIS: A1 -9.09999943, A2 -140.057190, A3 125.564560, A4 -35.3082085, A5 29.5542088, A6 9.39463520, E1 0.0, E2 0.0, E3 0.0, E4 0.0, E5 0.0, E6 0.0};;-2.97261238;2.35233688;17.2957344;0.407476544;1.70059288;0.364229500;295;295;294;296;295;296;0.00561002037;-0.00448801601;0.0936873406;-0.0343333222;-0.0216172785;-0.0139876502;-0.000610277755;0.000610278;0.0;0.0;0.000280047447;0.000316817;0.0;100;0;#T1;#P_FREE
2025-11-27 14:16:21.139;{E6AXIS: A1 -9.09999943, A2 -140.057190, A3 125.564560, A4 -35.3082085, A5 29.5542088, A6 9.39463520, E1 0.0, E2 0.0, E3 0.0, E4 0.0, E5 0.0, E6 0.0};;-2.52672052;3.17054;14.1423683;2.61949182;0.762334764;0.364205092;295;295;294;296;295;296;0.0112200407;-0.0179520641;0.0981753543;-0.0546789952;-0.0661234409;-0.00254320912;0.000610277755;-0.00122055598;0.0;0.0;0.0;-0.000316817;0.0;100;0;#T1;#P_FREE
2025-11-27 14:16:21.379;{E6AXIS: A1 -9.09999943, A2 -140.057190, A3 125.564560, A4 -35.3082085, A5 29.5542088, A6 9.39463520, E1 0.0, E2 0.0, E3 0.0, E4 0.0, E5 0.0, E6 0.0};;-2.00651336;-0.920479953;16.9135056;1.57169509;2.22836328;0.283259720;295;295;294;296;295;296;0.0100980364;0.0286111031;0.0532951914;-0.0292469040;-0.0737530664;0.0241604857;-0.000915555574;0.0;0.0;-0.000541587127;0.0;0.0;0.0;100;0;#T1;#P_FREE
2025-11-27 14:16:21.618;{E6AXIS: A1 -9.09999943, A2 -140.057190, A3 125.564560, A4 -35.3082085, A5 29.5542088, A6 9.39463520, E1 0.0, E2 0.0, E3 0.0, E4 0.0, E5 0.0, E6 0.0};;-1.85788274;2.96598792;16.4357262;2.44485903;0.293205857;1.05208647;295;295;294;296;295;296;0.0218790788;-0.0140250502;0.0936873406;-0.0381481349;-0.0228888821;0.0546789952;0.000305277761;0.0;0.0;-0.000541587127;-0.000280047447;-0.000633922522;0.0;100;0;#T1;#P_FREE
2025-11-27 14:16:21.855;{E6AXIS: A1 -9.09999943, A2 -140.057190, A3 125.564560, A4 -35.3082085, A5 29.5542088, A6 9.39463520, E1 0.0, E2 0.0, E3 0.0, E4 0.0, E5 0.0, E6 0.0};;-2.60103607;-1.94323421;19.1113071;1.92096078;0.938258350;0.566501260;295;295;294;296;295;296;0.00617102208;0.0224400815;0.0757352710;-0.0381481349;-0.0267036967;0.0152592547;-0.000915555574;-0.000305000111;-0.000325052097;0.0;0.0;-0.000951028080;0.0;100;0;#T1;#P_FREE
2025-11-27 14:16:22.092;{E6AXIS: A1 -9.09999943, A2 -140.057190, A3 125.564560, A4 -35.3082085, A5 29.5542088, A6 9.39463520, E1 0.0, E2 0.0, E3 0.0, E4 0.0, E5 0.0, E6 0.0};;-2.45240521;-2.04551029;12.3267946;1.51348424;2.69749236;1.05206740;295;295;294;296;295;296;0.00561002037;-0.0207570754;0.0600272156;-0.0254320912;-0.0521357879;0.00381481368;0.000610277755;0.0;0.0;0.0;0.0;0.000633922522;0.0;100;0;#T1;#P_FREE
2025-11-27 14:16:22.337;{E6AXIS: A1 -9.09999943, A2 -140.057190, A3 125.564560, A4 -35.3082085, A5 29.5542088, A6 9.39463520, E1 0.0, E2 0.0, E3 0.0, E4 0.0, E5 0.0, E6 0.0};;-3.26987362;-3.78419352;15.0023756;1.92096078;1.64195180;0.445103854;295;295;294;296;295;296;0.0207570754;-0.00336601213;0.0796622857;-0.0216172785;-0.0572222061;0.00762962736;0.0;-0.000610278;0.000325052097;0.0;0.000280047447;0.000316817;0.0;100;0;#T1;#P_FREE
2025-11-27 14:16:22.579;{E6AXIS: A1 -9.09999943, A2 -140.057190, A3 125.564560, A4 -35.3082085, A5 29.5542088, A6 9.39463520, E1 0.0, E2 0.0, E3 0.0, E4 0.0, E5 0.0, E6 0.0};;-2.15514398;-0.715928495;9.26898575;1.97917163;2.63885117;-0.647422850;295;295;294;296;295;296;0.0162690580;6.37765972E-19;0.0762962699;-0.0279753;-0.0317901149;0.0457777642;-0.000915555574;0.0;0.000650400238;0.000270916818;-0.000280047447;0.0;0.0;100;0;#T1;#P_FREE
2025-11-27 14:16:22.850;{E6AXIS: A1 -9.09999943, A2 -140.057190, A3 125.564560, A4 -35.3082085, A5 29.5542088, A6 9.39463520, E1 0.0, E2 0.0, E3 0.0, E4 0.0, E5 0.0, E6 0.0};;-2.15514421;5.01149893;17.4868431;1.97917175;-1.05554032;-0.0404640101;295;295;294;296;295;296;0.00897603203;-0.00729302643;0.0976143554;-0.0546789952;-0.0457777642;0.0406913459;0.000305000;0.000610278;0.0;0.0;0.0;0.0;0.0;100;0;#T1;#P_FREE
2025-11-27 14:16:23.083;{E6AXIS: A1 -9.09999943, A2 -140.057190, A3 125.564560, A4 -35.3082085, A5 29.5542088, A6 9.39463520, E1 0.0, E2 0.0, E3 0.0, E4 0.0, E5 0.0, E6 0.0};;-1.33767581;3.06826353;12.5179071;2.09559345;0.351846784;0.849740505;295;295;294;296;295;296;0.0252450909;-0.00392701384;0.0981753543;-0.0572222061;-0.0305185094;-0.00635802280;-0.00122083328;-0.000610278;-0.000650400238;0.0;-0.000559840060;-0.000633922522;0.0;100;0;#T1;#P_FREE
2025-11-27 14:16:23.323;{E6AXIS: A1 -9.09999943, A2 -140.057190, A3 125.564560, A4 -35.3082085, A5 29.5542088, A6 9.39463520, E1 0.0, E2 0.0, E3 0.0, E4 0.0, E5 0.0, E6 0.0};;-1.04041433;-1.22730589;16.0535;2.56128097;2.16972208;0.971132040;295;295;294;296;295;296;0.0218790788;-0.00280501018;0.0706862509;-0.0419629514;-0.0127160456;0.0483209714;0.0;-0.000305277907;0.0;0.0;-0.000559840060;-0.000316817;0.0;100;0;#T1;#P_FREE
2025-11-27 14:16:23.559;{E6AXIS: A1 -9.09999943, A2 -140.057190, A3 125.564560, A4 -35.3082085, A5 29.5542088, A6 9.39463520, E1 0.0, E2 0.0, E3 0.0, E4 0.0, E5 0.0, E6 0.0};;-2.97261238;4.39784670;18.3468552;1.74632788;1.93515754;1.53762531;295;295;294;296;295;296;0.00785402767;0.00392701384;0.0847113058;-0.0305185094;-0.0139876502;0.00127160456;-0.000915555574;0.000610278;0.000650400238;0.000541587127;-0.000280047447;0.0;0.0;100;0;#T1;#P_FREE
2025-11-27 14:16:23.802;{E6AXIS: A1 -9.09999943, A2 -140.057190, A3 125.564560, A4 -35.3082085, A5 29.5542088, A6 9.39463520, E1 0.0, E2 0.0, E3 0.0, E4 0.0, E5 0.0, E6 0.0};;-1.78356743;0.511377394;17.2957344;1.10616410;0.938258350;-0.606957614;295;295;294;295;295;296;0.0196350701;-0.0347821228;0.0920043290;-0.0139876502;-0.0521357879;0.00127160456;0.0;0.000610278;-0.000325348141;0.000541587127;-0.000559840060;0.000317105529;0.0;100;0;#T1;#P_FREE
2025-11-27 14:16:24.043;{E6AXIS: A1 -9.09999943, A2 -140.057190, A3 125.564560, A4 -35.3082085, A5 29.5542088, A6 9.39463520, E1 0.0, E2 0.0, E3 0.0, E4 0.0, E5 0.0, E6 0.0};;-2.37808943;-0.818204224;12.0401239;1.57225847;2.87341571;1.05205905;295;295;294;295;295;296;0.00785402767;0.00561002037;0.0690032467;-0.0203456730;-0.0368765332;-0.00635802280;-0.000305277761;0.0;0.000325052097;0.0;-0.000559840060;0.0;0.0;100;0;#T1;#P_FREE
2025-11-27 14:16:24.281;{E6AXIS: A1 -9.09999943, A2 -140.057190, A3 125.564560, A4 -35.3082085, A5 29.5542088, A6 9.39463520, E1 0.0, E2 0.0, E3 0.0, E4 0.0, E5 0.0, E6 0.0};;-2.22945929;-1.43185711;12.6134624;1.98011494;1.81787527;2.06365490;295;295;294;295;295;296;0.0190740675;-0.0269280970;0.0852723047;-0.0228888821;-0.0305185094;-0.00254320912;0.000610555522;0.0;0.0;0.0;0.0;0.000317105529;0.0;100;0;#T1;#P_FREE
2025-11-27 14:16:24.520;{E6AXIS: A1 -9.09999943, A2 -140.057190, A3 125.564560, A4 -35.3082085, A5 29.5542088, A6 9.39463520, E1 0.0, E2 0.0, E3 0.0, E4 0.0, E5 0.0, E6 0.0};;-2.22945929;0.920479;14.3334789;1.28133237;2.75613356;0.607077062;295;295;294;295;295;295;0.0179520641;-0.00280501018;0.0757352710;-0.0330617204;-0.0495925769;0.0;0.00122083328;-0.000305000111;0.0;0.0;0.0;0.0;0.0;100;0;#T1;#P_FREE
2025-11-27 14:16:24.749;{E6AXIS: A1 -9.09999943, A2 -140.057190, A3 125.564560, A4 -35.3082085, A5 29.5542088, A6 9.39463520, E1 0.0, E2 0.0, E3 0.0, E4 0.0, E5 0.0, E6 0.0};;-1.11472929;-6.03425455;16.4357262;1.22313285;0.938258171;0.971505582;295;295;294;295;295;295;0.0140250502;-0.0123420442;0.106590383;-0.0254320912;-0.0406913459;0.00127160456;0.0;0.000610278;0.000650400238;0.0;0.0;0.0;0.0;100;0;#T1;#P_FREE
2025-11-27 14:16:24.979;{E6AXIS: A1 -9.09999943, A2 -140.057190, A3 125.564560, A4 -35.3082085, A5 29.5542088, A6 9.39463520, E1 0.0, E2 0.0, E3 0.0, E4 0.0, E5 0.0, E6 0.0};;-3.19555759;4.50012207;19.3979797;1.28140223;2.75613332;0.445318520;295;295;294;295;295;295;0.00953703374;-0.00168300606;0.0740522668;-0.0216172785;-0.0305185094;0.0139876502;-0.000610277755;-0.000610278;0.0;-0.000270670309;-0.000280047447;-0.000317105529;0.0;100;0;#T1;#P_FREE
2025-11-27 14:16:25.218;{E6AXIS: A1 -9.09999943, A2 -140.057190, A3 125.564560, A4 -35.3082085, A5 29.5542088, A6 9.39463520, E1 0.0, E2 0.0, E3 0.0, E4 0.0, E5 0.0, E6 0.0};;0.668837965;-1.94323504;14.8112640;0.698954344;2.58021021;1.01214933;295;295;294;295;295;295;0.0123420442;-0.0291721057;0.0465631671;-0.0267036967;-0.00890123192;0.0139876502;0.0;-0.000305000111;0.0;0.0;0.000559840060;-0.000317105529;0.0;100;0;#T1;#P_FREE
2025-11-27 14:16:25.455;{E6AXIS: A1 -9.09999943, A2 -140.057190, A3 125.564560, A4 -35.3082085, A5 29.5542088, A6 9.39463520, E1 0.0, E2 0.0, E3 0.0, E4 0.0, E5 0.0, E6 0.0};;-1.93219817;1.94323468;10.3201065;1.22317755;1.11418164;0.971694946;295;295;294;295;295;295;0.0207570754;-0.00729302643;0.0959313437;-0.0381481349;-0.0419629514;0.0750246719;-0.000610277755;0.0;0.0;0.0;0.0;-0.000633922522;0.0;100;0;#T1;#P_FREE
2025-11-27 14:16:25.695;{E6AXIS: A1 -9.09999943, A2 -140.057190, A3 125.564560, A4 -35.3082085, A5 29.5542088, A6 9.39463520, E1 0.0, E2 0.0, E3 0.0, E4 0.0, E5 0.0, E6 0.0};;-1.63493681;1.94323409;10.2245512;1.45616889;1.93515754;0.323904157;295;295;294;295;295;295;0.0185130667;0.00617102208;0.117810421;-0.0317901149;0.00381481368;0.0203456730;0.000915555574;0.000610278;0.0;0.0;-0.000279792614;0.000316817;0.0;100;0;#T1;#P_FREE
2025-11-27 14:16:25.931;{E6AXIS: A1 -9.09999943, A2 -140.057190, A3 125.564560, A4 -35.3082085, A5 29.5542088, A6 9.39463520, E1 0.0, E2 0.0, E3 0.0, E4 0.0, E5 0.0, E6 0.0};;-3.26987338;-5.42060137;9.93788;1.63091207;3.34254503;1.05269825;295;295;294;295;295;295;0.0157080553;-0.0157080553;0.0768572763;-0.0356049277;-0.0241604857;0.0165308602;0.000305277761;0.000610278;-0.000650400238;0.0;0.0;0.000316817;0.0;100;0;#T1;#P_FREE
2025-11-27 14:16:26.160;{E6AXIS: A1 -9.09999943, A2 -140.057190, A3 125.564560, A4 -35.3082085, A5 29.5542088, A6 9.39463520, E1 0.0, E2 0.0, E3 0.0, E4 0.0, E5 0.0, E6 0.0};;-4.38460302;2.14778519;15.8623857;2.15513587;2.34564543;-0.809772730;295;295;294;295;295;295;0.0314161107;6.37765972E-19;0.106029376;-0.0279753;-0.0254320912;0.0101728365;-0.000610555522;0.0;0.0;0.0;0.0;0.000317105529;0.0;100;0;#T1;#P_FREE
2025-11-27 14:16:26.382;{E6AXIS: A1 -9.09999943, A2 -140.057190, A3 125.564560, A4 -35.3082085, A5 29.5542088, A6 9.39463520, E1 0.0, E2 0.0, E3 0.0, E4 0.0, E5 0.0, E6 0.0};;-2.89829707;-3.06826448;14.4290380;1.74740851;1.99379885;-0.445376307;295;295;294;295;295;295;0.0157080553;-0.00280501018;0.0970533490;-0.0356049277;-0.0317901149;0.0508641824;-0.000915555574;0.000915555924;-0.000325052097;0.0;0.0;-0.000633922522;0.0;100;0;#T1;#P_FREE
2025-11-27 14:16:26.621;{E6AXIS: A1 -9.09999943, A2 -140.057190, A3 125.564560, A4 -35.3082085, A5 29.5542088, A6 9.39463520, E1 0.0, E2 0.0, E3 0.0, E4 0.0, E5 0.0, E6 0.0};;0.520207167;1.43185675;15.0979338;1.33968019;0.117282376;0.364399046;295;295;294;295;295;295;0.00673202425;0.00448801601;0.0987363532;-0.0254320912;-0.0495925769;-0.0228888821;0.0;0.0;0.000325052097;0.0;0.0;0.0;0.0;100;0;#T1;#P_FREE
2025-11-27 14:16:26.856;{E6AXIS: A1 -9.09999943, A2 -140.057190, A3 125.564560, A4 -35.3082085, A5 29.5542088, A6 9.39463520, E1 0.0, E2 0.0, E3 0.0, E4 0.0, E5 0.0, E6 0.0};;-3.04692745;5.01149940;21.8824482;1.63091540;0.703693449;0.566843510;295;295;294;295;295;295;0.0201960728;-0.00112200400;0.0886383206;-0.0317901149;-0.0381481349;0.0546789952;-0.000915555574;0.000305277907;0.0;0.0;0.0;0.0;0.0;100;0;#T1;#P_FREE
2025-11-27 14:16:27.089;{E6AXIS: A1 -9.09999943, A2 -140.057190, A3 125.564560, A4 -35.3082085, A5 29.5542088, A6 9.39463520, E1 0.0, E2 0.0, E3 0.0, E4 0.0, E5 0.0, E6 0.0};;-3.64145;-0.409102201;14.7157049;1.28143370;-0.996899307;1.01222157;295;295;294;295;295;295;0.0207570754;0.00785402767;0.0852723047;-0.0356049277;-0.0330617204;0.0101728365;0.0;-0.000305000111;0.0;0.000541587127;0.0;0.0;0.0;100;0;#T1;#P_FREE
2025-11-27 14:16:27.324;{E6AXIS: A1 -9.09999943, A2 -140.057190, A3 125.564560, A4 -35.3082085, A5 29.5542088, A6 9.39463520, E1 0.0, E2 0.0, E3 0.0, E4 0.0, E5 0.0, E6 0.0};;-2.45240521;6.34108067;9.55565453;1.98039746;2.69749236;0.769288361;295;295;294;295;295;295;0.00785402767;-0.00504901819;0.0762962699;-0.0508641824;-0.00254320912;0.00254320912;0.000305277761;0.000610278;-0.000650400238;-0.000270670309;0.000559840060;0.000317105529;0.0;100;0;#T1;#P_FREE
2025-11-27 14:16:27.563;{E6AXIS: A1 -9.09999943, A2 -140.057190, A3 125.564560, A4 -35.3082085, A5 29.5542088, A6 9.39463520, E1 0.0, E2 0.0, E3 0.0, E4 0.0, E5 0.0, E6 0.0};;-2.15514374;6.03425360;11.9445677;0.698963821;2.05244;-0.161955774;295;295;294;295;295;295;0.0179520641;-0.00841503;0.100980364;-0.0343333222;-0.0470493697;0.0178024638;-0.000610277755;0.0;0.0;0.0;0.0;-0.000633922522;0.0;100;0;#T1;#P_FREE
2025-11-27 14:16:27.799;{E6AXIS: A1 -9.09999943, A2 -140.057190, A3 125.564560, A4 -35.3082085, A5 29.5542088, A6 9.39463520, E1 0.0, E2 0.0, E3 0.0, E4 0.0, E5 0.0, E6 0.0};;-1.70925224;-2.65916324;15.2890472;2.27133250;2.75613332;1.13368869;295;295;294;296;295;295;0.0224400815;0.00673202425;0.0639542267;-0.0584938079;-0.0712098554;0.0546789952;0.000610555522;-0.000610278;0.0;0.0;0.0;0.000316817;0.0;100;0;#T1;#P_FREE
2025-11-27 14:16:28.043;{E6AXIS: A1 -9.09999943, A2 -140.057190, A3 125.564560, A4 -35.3082085, A5 29.5542088, A6 9.39463520, E1 0.0, E2 0.0, E3 0.0, E4 0.0, E5 0.0, E6 0.0};;-1.93219805;2.04550982;13.7601433;1.39743495;1.23146391;2.38884425;295;295;294;296;295;295;0.00953703374;-0.0207570754;0.0981753543;-0.0216172785;-0.0267036967;0.00508641824;-0.000610277755;0.0;0.0;0.0;0.0;-0.000633922522;0.0;100;0;#T1;#P_FREE
2025-11-27 14:16:28.279;{E6AXIS: A1 -9.09999943, A2 -140.057190, A3 125.564560, A4 -35.3082085, A5 29.5542088, A6 9.39463520, E1 0.0, E2 0.0, E3 0.0, E4 0.0, E5 0.0, E6 0.0};;-1.33767545;2.14778543;13.1868048;1.63014412;1.34874618;0.728799880;295;295;294;296;295;295;0.00280501018;-0.0151470536;0.0807842910;-0.0584938079;-0.0267036967;-0.0139876502;0.0;-0.000305000111;0.000650400238;0.000541587127;0.000280047447;0.000316817;0.0;100;0;#T1;#P_FREE
2025-11-27 14:16:28.519;{E6AXIS: A1 -9.09999943, A2 -140.057190, A3 125.564560, A4 -35.3082085, A5 29.5542088, A6 9.39463520, E1 0.0, E2 0.0, E3 0.0, E4 0.0, E5 0.0, E6 0.0};;-0.520207107;2.35233665;15.8623848;1.80468285;1.34874642;1.37662172;295;295;294;296;295;295;0.0185130667;-0.0129030468;0.108273387;-0.0279753;-0.0330617204;0.0254320912;0.0;0.0;-0.000325052097;0.0;-0.000279792614;0.0;0.0;100;0;#T1;#P_FREE
2025-11-27 14:16:28.753;{E6AXIS: A1 -9.09999943, A2 -140.057190, A3 125.564560, A4 -35.3082085, A5 29.5542088, A6 9.39463520, E1 0.0, E2 0.0, E3 0.0, E4 0.0, E5 0.0, E6 0.0};;0.148630604;1.84095907;12.8045759;1.74640644;0.586411476;0.202444270;295;295;294;296;295;295;0.00785402767;-0.0151470536;0.105468385;-0.0521357879;-0.0457777642;-0.00508641824;-0.000610555522;-0.000305000111;0.0;-0.000541587127;-0.000280047447;0.000317105529;0.0;100;0;#T1;#P_FREE
2025-11-27 14:16:28.987;{E6AXIS: A1 -9.09999943, A2 -140.057190, A3 125.564560, A4 -35.3082085, A5 29.5542088, A6 9.39463520, E1 0.0, E2 0.0, E3 0.0, E4 0.0, E5 0.0, E6 0.0};;-0.148630619;0.204550639;17.2957344;1.80458379;1.17282283;0.0404887460;295;295;294;296;295;295;0.0196350701;0.0179520641;0.0645152330;-0.0228888821;-0.0419629514;0.0394197404;0.0;0.0;-0.000650400238;0.0;0.0;-0.000316817;0.0;100;0;#T1;#P_FREE
2025-11-27 14:16:29.227;{E6AXIS: A1 -9.09999943, A2 -140.057190, A3 125.564560, A4 -35.3082085, A5 29.5542088, A6 9.39463520, E1 0.0, E2 0.0, E3 0.0, E4 0.0, E5 0.0, E6 0.0};;-1.48630607;1.02275527;15.0979347;0.989599288;0.645052433;1.66004443;295;295;294;296;295;295;0.0106590381;0.00785402767;0.0740522668;-0.0178024638;-0.0241604857;0.0559506;0.0;0.0;0.0;0.0;0.0;-0.000633922522;0.0;100;0;#T1;#P_FREE
2025-11-27 14:16:29.463;{E6AXIS: A1 -9.09999943, A2 -140.057190, A3 125.564560, A4 -35.3082085, A5 29.5542088, A6 9.39463520, E1 0.0, E2 0.0, E3 0.0, E4 0.0, E5 0.0, E6 0.0};;-1.11472952;0.306826383;13.0912476;1.39707279;2.52156901;0.283422023;295;295;294;296;295;295;0.0280501;-0.00841503;0.0718082562;-0.0546789952;-0.0254320912;0.00762962736;0.000915555574;0.0;0.0;-0.000270916818;0.000280047447;0.0;0.0;100;0;#T1;#P_FREE
2025-11-27 14:16:29.700;{E6AXIS: A1 -9.09999943, A2 -140.057190, A3 125.564560, A4 -35.3082085, A5 29.5542088, A6 9.39463520, E1 0.0, E2 0.0, E3 0.0, E4 0.0, E5 0.0, E6 0.0};;-1.78356731;2.55688715;10.9890022;1.33885694;0.645052612;1.33613300;295;295;294;295;295;295;0.0168300606;-0.0375871360;0.0964923501;-0.0457777642;-0.0394197404;0.0152592547;0.0;-0.000305277907;0.0;0.0;0.000280047447;0.0;0.0;100;0;#T1;#P_FREE
2025-11-27 14:16:29.935;{E6AXIS: A1 -9.09999943, A2 -140.057190, A3 125.564560, A4 -35.3082085, A5 29.5542088, A6 9.39463520, E1 0.0, E2 0.0, E3 0.0, E4 0.0, E5 0.0, E6 0.0};;-2.37809;-0.920479774;16.1490574;0.931618094;0.527770460;-0.485867;295;295;294;295;295;295;0.00617102208;-0.00897603203;0.0751742721;-0.0165308602;-0.0241604857;0.0190740675;-0.000915555574;0.0;0.000325348141;0.0;-0.000280047447;-0.000316817;0.0;100;0;#T1;#P_FREE
2025-11-27 14:16:30.167;{E6AXIS: A1 -9.09999943, A2 -140.057190, A3 125.564560, A4 -35.3082085, A5 29.5542088, A6 9.39463520, E1 0.0, E2 0.0, E3 0.0, E4 0.0, E5 0.0, E6 0.0};;-5.27638674;3.68191886;6.40228796;1.80529571;1.46602857;-0.161955699;295;295;294;295;295;295;0.00448801601;0.0112200407;0.0852723047;-0.0241604857;-0.0356049277;0.0521357879;-0.00122083328;-0.000305277907;0.0;0.0;-0.000279792614;0.000316817;0.0;100;0;#T1;#P_FREE
2025-11-27 14:16:30.400;{E6AXIS: A1 -9.09999943, A2 -140.057190, A3 125.564560, A4 -35.3082085, A5 29.5542088, A6 9.39463520, E1 0.0, E2 0.0, E3 0.0, E4 0.0, E5 0.0, E6 0.0};;-3.49281979;-1.63640797;13.5690279;2.44610333;2.69749236;2.42921853;295;295;294;295;295;296;0.0196350701;0.0230010822;0.129591465;-0.0394197404;-0.0394197404;0.00762962736;0.000915555574;0.000610278;0.000650400238;0.0;-0.000559840060;0.0;0.0;100;0;#T1;#P_FREE
2025-11-27 14:16:30.636;{E6AXIS: A1 -9.09999943, A2 -140.057190, A3 125.564560, A4 -35.3082085, A5 29.5542088, A6 9.39463520, E1 0.0, E2 0.0, E3 0.0, E4 0.0, E5 0.0, E6 0.0};;-3.34418893;-1.53413296;14.0468121;1.28135562;3.04933906;1.90240324;295;295;294;295;295;296;0.0151470536;-0.0207570754;0.107712388;-0.0445061587;-0.0292469040;0.0381481349;-0.000610555522;0.000305277907;-0.000650400238;0.0;0.000559840060;-0.000316817;0.0;100;0;#T1;#P_FREE
2025-11-27 14:16:30.870;{E6AXIS: A1 -9.09999943, A2 -140.057190, A3 125.564560, A4 -35.3082085, A5 29.5542088, A6 9.39463520, E1 0.0, E2 0.0, E3 0.0, E4 0.0, E5 0.0, E6 0.0};;-0.966099;5.31832600;18.4424114;0.582450032;1.99379885;0.728477597;295;295;294;295;295;296;0.0196350701;-0.0100980364;0.122859448;-0.0381481349;-0.0279753;0.0317901149;-0.000915555574;0.0;0.0;0.0;0.000280047447;0.0;0.0;100;0;#T1;#P_FREE
2025-11-27 14:16:31.107;{E6AXIS: A1 -9.09999943, A2 -140.057190, A3 125.564560, A4 -35.3082085, A5 29.5542088, A6 9.39463520, E1 0.0, E2 0.0, E3 0.0, E4 0.0, E5 0.0, E6 0.0};;-4.68186426;-0.715928793;17.3912907;1.80562305;1.29010499;0.890290082;295;295;294;295;295;296;0.0179520641;0.0162690580;0.0549781956;-0.0470493697;-0.0178024638;-0.00508641824;-0.000610555522;-0.000305277907;0.0;0.0;0.0;0.000633922522;0.0;100;0;#T1;#P_FREE
2025-11-27 14:16:31.343;{E6AXIS: A1 -9.09999943, A2 -140.057190, A3 125.564560, A4 -35.3082085, A5 29.5542088, A6 9.39463520, E1 0.0, E2 0.0, E3 0.0, E4 0.0, E5 0.0, E6 0.0};;-1.11472952;-0.102275409;8.31341743;2.21336269;3.10798025;-0.485592246;295;295;294;295;295;296;0.0134640485;0.0123420442;0.0650762320;-0.0203456730;-0.0356049277;0.0190740675;0.0;0.000305277907;0.0;0.0;0.000279792614;-0.000633922522;0.0;100;0;#T1;#P_FREE
2025-11-27 14:16:31.583;{E6AXIS: A1 -9.09999943, A2 -140.057190, A3 125.564560, A4 -35.3082085, A5 29.5542088, A6 9.39463520, E1 0.0, E2 0.0, E3 0.0, E4 0.0, E5 0.0, E6 0.0};;-1.33767545;1.63640809;13.0912466;2.62109971;2.22836328;-0.445115209;295;295;294;295;295;296;0.0129030468;-0.0106590381;0.0712472573;-0.0292469040;-0.0279753;-0.0228888821;0.000610555522;0.000610278;-0.000325052097;0.000541587127;0.000279792614;0.0;0.0;100;0;#T1;#P_FREE
2025-11-27 14:16:31.820;{E6AXIS: A1 -9.09999943, A2 -140.057190, A3 125.564560, A4 -35.3082085, A5 29.5542088, A6 9.39463520, E1 0.0, E2 0.0, E3 0.0, E4 0.0, E5 0.0, E6 0.0};;-1.70925224;-0.818204165;17.1046219;1.10653186;2.05243969;0.161857650;295;295;294;296;295;296;0.0201960728;0.0196350701;0.109395400;-0.0368765332;-0.0406913459;0.0317901149;-0.000305277761;-0.000610278;0.000325348141;0.0;-0.000280047447;0.0;0.0;100;0;#T1;#P_FREE
2025-11-27 14:16:32.057;{E6AXIS: A1 -9.09999943, A2 -140.057190, A3 125.564560, A4 -35.3082085, A5 29.5542088, A6 9.39463520, E1 0.0, E2 0.0, E3 0.0, E4 0.0, E5 0.0, E6 0.0};;-2.15514374;-0.613653123;11.0845594;1.16452348;2.40428686;1.25438964;295;295;294;296;295;296;0.00673202425;0.0179520641;0.108273387;-0.0381481349;-0.00635802280;0.00254320912;0.000610555522;-0.000610278;0.0;0.0;-0.000559840060;0.0;0.0;100;0;#T1;#P_FREE
2025-11-27 14:16:32.287;{E6AXIS: A1 -9.09999943, A2 -140.057190, A3 125.564560, A4 -35.3082085, A5 29.5542088, A6 9.39463520, E1 0.0, E2 0.0, E3 0.0, E4 0.0, E5 0.0, E6 0.0};;-1.11472976;-2.25006056;15.4801579;1.22261071;1.58331072;-0.161856353;295;295;294;296;295;296;0.0196350701;0.00729302643;0.0903213248;-0.0330617204;-0.0190740675;-0.0127160456;0.000610555522;0.0;0.0;0.0;0.0;-0.000317105529;0.0;100;0;#T1;#P_FREE
2025-11-27 14:16:32.520;{E6AXIS: A1 -9.09999943, A2 -140.057190, A3 125.564560, A4 -35.3082085, A5 29.5542088, A6 9.39463520, E1 0.0, E2 0.0, E3 0.0, E4 0.0, E5 0.0, E6 0.0};;-1.63493681;-4.60239744;14.3334808;0.989666760;2.69749236;-0.445190549;295;295;294;296;295;295;0.00280501018;-0.00897603203;0.0858333111;-0.0343333222;-0.0343333222;-0.00890123192;0.0;0.000305277907;0.0;0.000541587127;-0.000280047447;0.0;0.0;100;0;#T1;#P_FREE
2025-11-27 14:16:32.760;{E6AXIS: A1 -9.09999943, A2 -140.057190, A3 125.564560, A4 -35.3082085, A5 29.5542088, A6 9.39463520, E1 0.0, E2 0.0, E3 0.0, E4 0.0, E5 0.0, E6 0.0};;-2.30377460;0.613652706;19.3024216;1.33891129;0.175923616;0.647672951;295;295;294;296;295;295;0.0134640485;0.0106590381;0.109956391;-0.0267036967;-0.0546789952;0.0178024638;0.0;0.000610278;0.0;-0.000541587127;-0.000559840060;-0.000951028080;0.0;100;0;#T1;#P_FREE
2025-11-27 14:16:33.000;{E6AXIS: A1 -9.09999943, A2 -140.057190, A3 125.564560, A4 -35.3082085, A5 29.5542088, A6 9.39463520, E1 0.0, E2 0.0, E3 0.0, E4 0.0, E5 0.0, E6 0.0};;-3.86439610;2.96598887;12.4223518;2.09564471;0.938258111;0.566772819;295;295;294;296;295;295;-0.000561002;-0.0263670962;0.0796622857;-0.0495925769;-0.0470493697;0.0330617204;0.000610277755;0.0;-0.000325052097;0.0;0.000279792614;0.0;0.0;100;0;#T1;#P_FREE
2025-11-27 14:16:33.240;{E6AXIS: A1 -9.09999943, A2 -140.057190, A3 125.564560, A4 -35.3082085, A5 29.5542088, A6 9.39463520, E1 0.0, E2 0.0, E3 0.0, E4 0.0, E5 0.0, E6 0.0};;-0.891783774;5.05837825E-08;12.4223509;2.15383339;1.64195192;1.37652755;295;295;294;296;295;295;0.0207570754;0.0532951914;0.0639542267;-0.0495925769;-0.0203456730;0.00381481368;0.0;-0.000610278;0.000325052097;0.0;0.0;-0.000316817;0.0;100;0;#T1;#P_FREE
2025-11-27 14:16:33.476;{E6AXIS: A1 -9.09999943, A2 -140.057190, A3 125.564560, A4 -35.3082085, A5 29.5542088, A6 9.39463520, E1 0.0, E2 0.0, E3 0.0, E4 0.0, E5 0.0, E6 0.0};;-1.48630619;-0.511377335;14.1423702;1.51349545;2.05244;-3.64163014E-07;295;295;294;296;295;295;0.0185130667;-0.00336601213;0.0992973596;-0.0495925769;-0.0317901149;0.0114444410;0.0;0.0;0.0;0.0;0.0;0.0;0.0;100;0;#T1;#P_FREE
2025-11-27 14:16:33.711;{E6AXIS: A1 -9.09999943, A2 -140.057190, A3 125.564560, A4 -35.3082085, A5 29.5542088, A6 9.39463520, E1 0.0, E2 0.0, E3 0.0, E4 0.0, E5 0.0, E6 0.0};;-2.60103583;4.09101963;10.6067743;1.22243452;1.75923419;1.94342518;295;295;294;296;295;295;0.0286111031;0.0168300606;0.0589052103;-0.0330617204;-0.0356049277;0.0317901149;0.000610277755;0.0;-0.000650400238;0.0;0.0;0.0;0.0;100;0;#T1;#P_FREE
2025-11-27 14:16:33.941;{E6AXIS: A1 -9.09999943, A2 -140.057190, A3 125.564560, A4 -35.3082085, A5 29.5542088, A6 9.39463520, E1 0.0, E2 0.0, E3 0.0, E4 0.0, E5 0.0, E6 0.0};;-1.41199088;-2.96598840;15.2890463;1.39706564;3.22526264;-0.445372552;295;295;294;296;295;295;0.0196350701;-0.00168300606;0.0964923501;-0.0432345569;-0.0267036967;0.0241604857;0.0;-0.000610278;0.000325052097;-0.000270916818;-0.000280047447;-0.000633922522;0.0;100;0;#T1;#P_FREE
2025-11-27 14:16:34.170;{E6AXIS: A1 -9.09999943, A2 -140.057190, A3 125.564560, A4 -35.3082085, A5 29.5542088, A6 9.39463520, E1 0.0, E2 0.0, E3 0.0, E4 0.0, E5 0.0, E6 0.0};;-0.594522655;1.73868334;12.3267946;1.57169712;2.28700447;0.242931634;295;295;294;296;295;295;0.0370261334;-0.00841503;0.0746132657;-0.0190740675;-0.0470493697;0.0228888821;0.0;-0.000610278;0.0;0.0;-0.000280047447;-0.000633922522;0.0;100;0;#T1;#P_FREE
2025-11-27 14:16:34.408;{E6AXIS: A1 -9.09999943, A2 -140.057190, A3 125.564560, A4 -35.3082085, A5 29.5542088, A6 9.39463520, E1 0.0, E2 0.0, E3 0.0, E4 0.0, E5 0.0, E6 0.0};;-2.67535114;-6.13653;12.8045759;2.03738403;1.46602845;-0.283421487;295;295;294;296;295;295;0.0213180762;-0.0286111031;0.0886383206;-0.0368765332;-0.0203456730;0.0139876502;0.000610555522;-0.000305277907;0.000650400238;0.0;0.000280047447;0.0;0.0;100;0;#T1;#P_FREE
2025-11-27 14:16:34.638;{E6AXIS: A1 -9.09999943, A2 -140.057190, A3 125.564560, A4 -35.3082085, A5 29.5542088, A6 9.39463520, E1 0.0, E2 0.0, E3 0.0, E4 0.0, E5 0.0, E6 0.0};;-1.26335990;5.82970285;13.1868038;2.15380526;0.117282435;0.566842854;295;295;294;296;295;295;0.0218790788;-0.00448801601;0.0948093459;-0.0445061587;-0.0572222061;-0.0190740675;0.000915277749;0.0;0.000650400238;0.0;-0.000280047447;0.000316817;0.0;100;0;#T1;#P_FREE
2025-11-27 14:16:34.873;{E6AXIS: A1 -9.09999943, A2 -140.057190, A3 125.564560, A4 -35.3082085, A5 29.5542088, A6 9.39463520, E1 0.0, E2 0.0, E3 0.0, E4 0.0, E5 0.0, E6 0.0};;-1.63493693;4.70467234;24.1758022;1.51348448;1.23146391;1.13368762;295;295;294;296;295;295;0.0100980364;0.00617102208;0.106590383;-0.0279753;-0.0279753;0.0114444410;-0.000610555522;0.0;0.000325348141;0.0;0.000559840060;0.0;0.0;100;0;#T1;#P_FREE
2025-11-27 14:16:35.104;{E6AXIS: A1 -9.09999943, A2 -140.057190, A3 125.564560, A4 -35.3082085, A5 29.5542088, A6 9.39463520, E1 0.0, E2 0.0, E3 0.0, E4 0.0, E5 0.0, E6 0.0};;-2.15514398;-2.65916300;17.2957363;1.86275;1.34874618;-0.323911190;295;295;294;296;295;295;0.00729302643;-0.0145860529;0.0863943100;-0.0406913459;-0.0343333222;0.0597654134;-0.000610277755;0.0;0.0;0.000270670309;0.0;0.0;0.0;100;0;#T1;#P_FREE
2025-11-27 14:16:35.340;{E6AXIS: A1 -9.09999943, A2 -140.057190, A3 125.564560, A4 -35.3082085, A5 29.5542088, A6 9.39463520, E1 0.0, E2 0.0, E3 0.0, E4 0.0, E5 0.0, E6 0.0};;-4.90481043;-2.86371374;18.9201965;2.50307;0.703693807;-0.526355624;295;295;294;296;295;295;0.00224400801;-0.0387091376;0.0886383206;-0.0343333222;-0.0305185094;0.0801110864;0.000915555574;0.000915555924;-0.000650400238;-0.000541587127;0.0;-0.000316817;0.0;100;0;#T1;#P_FREE
2025-11-27 14:16:35.580;{E6AXIS: A1 -9.09999943, A2 -140.057190, A3 125.564560, A4 -35.3082085, A5 29.5542088, A6 9.39463520, E1 0.0, E2 0.0, E3 0.0, E4 0.0, E5 0.0, E6 0.0};;-1.70925212;-3.06826448;14.0468121;2.15380454;2.40428686;0.121466622;295;295;294;296;295;295;0.0308551099;0.0100980364;0.0847113058;-0.0534073934;-0.0267036967;0.0101728365;0.0;0.0;-0.000650400238;0.0;-0.000280047447;-0.000316817;0.0;100;0;#T1;#P_FREE
2025-11-27 14:16:35.811;{E6AXIS: A1 -9.09999943, A2 -140.057190, A3 125.564560, A4 -35.3082085, A5 29.5542088, A6 9.39463520, E1 0.0, E2 0.0, E3 0.0, E4 0.0, E5 0.0, E6 0.0};;-1.48630643;1.94323456;19.7802029;2.03738260;1.99379861;-0.769289;295;295;294;296;295;295;0.0263670962;-0.0280501;0.0920043290;-0.0330617204;-0.0356049277;0.0661234409;-0.000305277761;0.000305000111;0.0;0.0;0.000280047447;-0.000316817;0.0;100;0;#T1;#P_FREE
2025-11-27 14:16:36.043;{E6AXIS: A1 -9.09999943, A2 -140.057190, A3 125.564560, A4 -35.3082085, A5 29.5542088, A6 9.39463520, E1 0.0, E2 0.0, E3 0.0, E4 0.0, E5 0.0, E6 0.0};;-1.70925212;-5.42060137;6.59340239;1.33885145;1.23146391;-0.647822738;295;295;294;296;295;295;0.00448801601;-0.0196350701;0.0796622857;-0.0165308602;-0.0114444410;0.0101728365;0.000915555574;-0.000610278;0.0;0.0;0.000279792614;0.000950739544;0.0;100;0;#T1;#P_FREE
2025-11-27 14:16:36.279;{E6AXIS: A1 -9.09999943, A2 -140.057190, A3 125.564560, A4 -35.3082085, A5 29.5542088, A6 9.39463520, E1 0.0, E2 0.0, E3 0.0, E4 0.0, E5 0.0, E6 0.0};;-1.63493693;-1.53413188;13.9512548;1.33885145;2.11108112;-0.526355803;295;295;294;296;295;295;0.0269280970;-0.00673202425;0.0532951914;-0.0343333222;-0.0305185094;-0.00635802280;-0.00122083328;-0.000610278;-0.000325052097;0.0;0.0;0.0;0.0;100;0;#T1;#P_FREE
2025-11-27 14:16:36.515;{E6AXIS: A1 -9.09999943, A2 -140.057190, A3 125.564560, A4 -35.3082085, A5 29.5542088, A6 9.39463520, E1 0.0, E2 0.0, E3 0.0, E4 0.0, E5 0.0, E6 0.0};;-2.67535114;5.42060089;10.5112209;1.97917163;1.70059299;-0.242889851;295;295;294;296;295;296;0.0201960728;0.0185130667;0.0729302615;-0.0445061587;-0.0508641824;-0.0495925769;0.0;0.000610278;0.0;0.0;0.0;0.000633922522;0.0;100;0;#T1;#P_FREE
2025-11-27 14:16:36.751;{E6AXIS: A1 -9.09999943, A2 -140.057190, A3 125.564560, A4 -35.3082085, A5 29.5542088, A6 9.39463520, E1 0.0, E2 0.0, E3 0.0, E4 0.0, E5 0.0, E6 0.0};;-1.85788262;0.204549983;12.9956894;2.32843733;1.05554056;0.364263237;295;295;294;296;295;296;0.0145860529;-0.0454411656;0.0959313437;-0.0508641824;-0.0406913459;0.0216172785;-0.000915555574;-0.000610278;-0.000650400238;0.0;0.000559840060;0.0;0.0;100;0;#T1;#P_FREE
2025-11-27 14:16:36.987;{E6AXIS: A1 -9.09999943, A2 -140.057190, A3 125.564560, A4 -35.3082085, A5 29.5542088, A6 9.39463520, E1 0.0, E2 0.0, E3 0.0, E4 0.0, E5 0.0, E6 0.0};;0.594522595;2.65916252;20.9268818;2.61949182;2.34564543;-0.0404695608;295;295;294;296;295;296;0.00673202425;0.00673202425;0.0959313437;-0.0394197404;-0.0546789952;-0.00762962736;-0.00122083328;0.0;0.0;0.0;0.000280047447;0.000633922522;0.0;100;0;#T1;#P_FREE
2025-11-27 14:16:37.224;{E6AXIS: A1 -9.09999943, A2 -140.057190, A3 125.564560, A4 -35.3082085, A5 29.5542088, A6 9.39463520, E1 0.0, E2 0.0, E3 0.0, E4 0.0, E5 0.0, E6 0.0};;-1.48630643;-2.25006151;10.1289930;2.61949182;1.11418164;0.647469342;295;295;294;296;295;296;0.0145860529;0.00841503;0.0768572763;-0.0279753;-0.0203456730;-0.0521357879;-0.00122083328;-0.000305000111;0.000650400238;0.0;-0.000280047447;0.000316817;0.0;100;0;#T1;#P_FREE
2025-11-27 14:16:37.459;{E6AXIS: A1 -9.09999943, A2 -140.057190, A3 125.564560, A4 -35.3082085, A5 29.5542088, A6 9.39463520, E1 0.0, E2 0.0, E3 0.0, E4 0.0, E5 0.0, E6 0.0};;0.0743153617;-0.306826949;15.8623848;1.10600770;1.29010510;0.526051402;295;295;294;296;295;296;0.0302941073;-0.0140250502;0.0701252520;-0.0254320912;-0.0673950389;0.0292469040;0.000305277761;0.000305000111;0.0;0.0;-0.000280047447;0.0;0.0;100;0;#T1;#P_FREE
2025-11-27 14:16:37.686;{E6AXIS: A1 -9.09999943, A2 -140.057190, A3 125.564560, A4 -35.3082085, A5 29.5542088, A6 9.39463520, E1 0.0, E2 0.0, E3 0.0, E4 0.0, E5 0.0, E6 0.0};;-0.891783655;5.31832600;13.2823601;1.57169509;0.879617095;1.13301361;295;295;294;296;295;296;-0.00785402767;-0.0145860529;0.0729302615;-0.0394197404;-0.0445061587;0.0165308602;-0.000305277761;0.0;-0.000650400238;0.000541587127;-0.000559840060;0.0;0.0;100;0;#T1;#P_FREE
2025-11-27 14:16:37.915;{E6AXIS: A1 -9.09999943, A2 -140.057190, A3 125.564560, A4 -35.3082085, A5 29.5542088, A6 9.39463520, E1 0.0, E2 0.0, E3 0.0, E4 0.0, E5 0.0, E6 0.0};;-1.63493669;-1.22730649;12.4223509;1.68811703;2.63885140;0.809286952;295;295;294;296;295;296;0.0145860529;-0.0112200407;0.102663368;-0.0356049277;-0.0317901149;0.0;-0.000610277755;-0.000305000111;-0.000325052097;0.0;0.0;0.0;0.0;100;0;#T1;#P_FREE
2025-11-27 14:16:38.142;{E6AXIS: A1 -9.09999943, A2 -140.057190, A3 125.564560, A4 -35.3082085, A5 29.5542088, A6 9.39463520, E1 0.0, E2 0.0, E3 0.0, E4 0.0, E5 0.0, E6 0.0};;-2.97261214;3.78419280;9.17342854;1.28064048;1.93491936;1.41624427;295;295;294;296;296;296;0.0302941073;-0.00897603203;0.0976143554;-0.0470493697;-0.0343333222;-0.0267036967;0.000610555522;-0.000610278;-0.000325052097;0.0;-0.000559840060;0.000316817;0.0;100;0;#T1;#P_FREE
2025-11-27 14:16:38.370;{E6AXIS: A1 -9.09999943, A2 -140.057190, A3 125.564560, A4 -35.3082085, A5 29.5542088, A6 9.39463520, E1 0.0, E2 0.0, E3 0.0, E4 0.0, E5 0.0, E6 0.0};;-2.97261238;6.34107971;14.3334827;1.45527327;3.10692620;0.768815875;295;295;294;296;296;295;0.0117810424;0.0201960728;0.112200402;-0.0292469040;-0.0470493697;0.0178024638;-0.000610555522;0.0;0.0;0.0;0.0;-0.000317105529;0.0;100;0;#T1;#P_FREE
2025-11-27 14:16:38.604;{E6AXIS: A1 -9.09999943, A2 -140.057190, A3 125.564560, A4 -35.3082085, A5 29.5542088, A6 9.39463520, E1 0.0, E2 0.0, E3 0.0, E4 0.0, E5 0.0, E6 0.0};;-2.52672052;4.29557037;13.6645842;2.15380454;1.52396154;0.728539526;295;295;294;296;296;295;0.0112200407;0.00785402767;0.0807842910;-0.0305185094;-0.0279753;-0.00127160456;0.0;0.000305000111;0.0;0.0;-0.000280047447;0.000316817;0.0;100;0;#T1;#P_FREE
2025-11-27 14:16:38.839;{E6AXIS: A1 -9.09999943, A2 -140.057190, A3 125.564560, A4 -35.3082085, A5 29.5542088, A6 9.39463520, E1 0.0, E2 0.0, E3 0.0, E4 0.0, E5 0.0, E6 0.0};;-0.743152916;3.37509108;12.1356812;1.39706230;2.10995626;0.283365965;295;295;294;296;296;295;0.0112200407;-0.00392701384;0.104346372;-0.0406913459;-0.0292469040;0.0152592547;-0.000610277755;-0.000610278;0.0;0.0;0.000279792614;0.000633922522;0.0;100;0;#T1;#P_FREE
2025-11-27 14:16:39.071;{E6AXIS: A1 -9.09999943, A2 -140.057190, A3 125.564560, A4 -35.3082085, A5 29.5542088, A6 9.39463520, E1 0.0, E2 0.0, E3 0.0, E4 0.0, E5 0.0, E6 0.0};;-2.30377436;-2.81823930E-07;16.1490555;1.74632788;1.46519172;0.566781282;295;295;294;296;296;295;-0.0151470536;0.0302941073;0.129591465;-0.0381481349;-0.0521357879;0.00381481368;0.0;-0.000305000111;0.000650400238;0.0;0.000280047447;-0.000316817;0.0;100;0;#T1;#P_FREE
2025-11-27 14:16:39.306;{E6AXIS: A1 -9.09999943, A2 -140.057190, A3 125.564560, A4 -35.3082085, A5 29.5542088, A6 9.39463520, E1 0.0, E2 0.0, E3 0.0, E4 0.0, E5 0.0, E6 0.0};;-0.891783595;-1.02275467;10.7023335;2.21201539;0.820489645;-0.809728086;295;295;294;296;296;295;0.00785402767;0.00504901819;0.0964923501;-0.0292469040;-0.00762962736;-0.00254320912;-0.000610277755;-0.000610278;0.000650400238;0.0;0.000280047447;-0.000316817;0.0;100;0;#T1;#P_FREE
2025-11-27 14:16:39.539;{E6AXIS: A1 -9.09999943, A2 -140.057190, A3 125.564560, A4 -35.3082085, A5 29.5542088, A6 9.39463520, E1 0.0, E2 0.0, E3 0.0, E4 0.0, E5 0.0, E6 0.0};;-2.60103583;2.14778543;12.1356812;1.74632788;-0.468845516;0.445362449;295;295;294;296;296;295;0.0100980364;0.00729302643;0.0757352710;-0.0343333222;-0.00127160456;0.0139876502;0.0;-0.000305000111;0.0;0.0;-0.000559840060;-0.000633922522;0.0;100;0;#T1;#P_FREE
2025-11-27 14:16:39.768;{E6AXIS: A1 -9.09999943, A2 -140.057190, A3 125.564560, A4 -35.3082085, A5 29.5542088, A6 9.39463520, E1 0.0, E2 0.0, E3 0.0, E4 0.0, E5 0.0, E6 0.0};;-1.04041421;2.45461273;14.9068203;1.22242951;1.93397558;0.0809760168;295;295;294;296;296;295;0.0123420442;-0.0218790788;0.100980364;-0.0419629514;-0.0394197404;0.0305185094;0.0;0.0;-0.000650400238;0.0;-0.000280047447;-0.000316817;0.0;100;0;#T1;#P_FREE
2025-11-27 14:16:39.998;{E6AXIS: A1 -9.09999943, A2 -140.057190, A3 125.564560, A4 -35.3082085, A5 29.5542088, A6 9.39463520, E1 0.0, E2 0.0, E3 0.0, E4 0.0, E5 0.0, E6 0.0};;-3.04692745;0.204550892;12.5179081;1.10600758;3.34049106;-0.121465586;295;295;294;296;296;295;0.0123420442;0.00336601213;0.113883406;-0.0470493697;-0.0508641824;0.0419629514;0.0;0.0;0.0;0.0;0.000280047447;0.0;0.0;100;0;#T1;#P_FREE
2025-11-27 14:16:40.226;{E6AXIS: A1 -9.09999943, A2 -140.057190, A3 125.564560, A4 -35.3082085, A5 29.5542088, A6 9.39463520, E1 0.0, E2 0.0, E3 0.0, E4 0.0, E5 0.0, E6 0.0};;-2.67535090;0.204550862;13.7601414;2.09559345;0.937873304;2.18638682;295;295;294;296;295;295;0.00504901819;-0.00785402767;0.0746132657;-0.0330617204;-0.00254320912;0.0152592547;-0.000305000;0.0;0.0;0.000270916818;-0.000279792614;-0.000633922522;0.0;100;0;#T1;#P_FREE
2025-11-27 14:16:40.454;{E6AXIS: A1 -9.09999943, A2 -140.057190, A3 125.564560, A4 -35.3082085, A5 29.5542088, A6 9.39463520, E1 0.0, E2 0.0, E3 0.0, E4 0.0, E5 0.0, E6 0.0};;-2.60103583;1.43185651;11.1801147;1.68811703;2.28647375;0.526303530;295;295;294;296;295;296;0.0235620849;-0.00953703374;0.110517398;-0.0432345569;-0.0216172785;0.0330617204;-0.000305277761;-0.000305277907;-0.000325052097;0.0;-0.000559840060;-0.000316817;0.0;100;0;#T1;#P_FREE
2025-11-27 14:16:40.682;{E6AXIS: A1 -9.09999943, A2 -140.057190, A3 125.564560, A4 -35.3082085, A5 29.5542088, A6 9.39463520, E1 0.0, E2 0.0, E3 0.0, E4 0.0, E5 0.0, E6 0.0};;-0.891783774;2.14778543;15.3846054;1.92096066;1.70037317;0.607134879;295;295;294;296;295;296;0.00729302643;-0.0123420442;0.0650762320;-0.0190740675;-0.0445061587;0.0228888821;0.0;-0.000305000111;0.0;0.000270670309;0.000280047447;-0.000317105529;0.0;100;0;#T1;#P_FREE
2025-11-27 14:16:40.914;{E6AXIS: A1 -9.09999943, A2 -140.057190, A3 125.564560, A4 -35.3082085, A5 29.5542088, A6 9.39463520, E1 0.0, E2 0.0, E3 0.0, E4 0.0, E5 0.0, E6 0.0};;-2.22945929;2.04550934;12.7090197;2.38664818;2.40411091;0.647528112;295;295;294;296;295;296;0.0190740675;0.0129030468;0.0953703448;-0.0445061587;-0.0241604857;0.0152592547;0.000610277755;-0.000305277907;0.0;0.000270670309;0.0;0.000633922522;0.0;100;0;#T1;#P_FREE
2025-11-27 14:16:41.140;{E6AXIS: A1 -9.09999943, A2 -140.057190, A3 125.564560, A4 -35.3082085, A5 29.5542088, A6 9.39463520, E1 0.0, E2 0.0, E3 0.0, E4 0.0, E5 0.0, E6 0.0};;-2.37809;6.13653;15.6712723;1.57169509;2.46282530;1.05215824;295;295;294;296;295;296;0.0218790788;-0.0364651307;0.0476851724;-0.0254320912;-0.0330617204;0.0127160456;0.0;-0.000305000111;-0.000325052097;0.0;0.0;-0.000317105529;0.0;100;0;#T1;#P_FREE
2025-11-27 14:16:41.368;{E6AXIS: A1 -9.09999943, A2 -140.057190, A3 125.564560, A4 -35.3082085, A5 29.5542088, A6 9.39463520, E1 0.0, E2 0.0, E3 0.0, E4 0.0, E5 0.0, E6 0.0};;-3.64145041;2.14778543;11.3712282;1.45527327;2.69742870;0.971182525;295;295;294;296;295;296;0.0112200407;0.0291721057;0.0981753543;-0.0267036967;-0.0635802299;0.0356049277;0.000610555522;-0.000610555813;0.0;-0.000270670309;0.000280047447;0.0;0.0;100;0;#T1;#P_FREE
2025-11-27 14:16:41.598;{E6AXIS: A1 -9.09999943, A2 -140.057190, A3 125.564560, A4 -35.3082085, A5 29.5542088, A6 9.39463520, E1 0.0, E2 0.0, E3 0.0, E4 0.0, E5 0.0, E6 0.0};;-4.83049488;-0.715928376;13.9512558;0.873163939;0.762324870;0.566510201;295;295;294;296;295;296;0.0213180762;-0.0112200407;0.0908823311;-0.0356049277;-0.0597654134;0.0152592547;-0.000610555522;-0.000305000111;-0.000325052097;0.0;-0.000559840060;-0.000316817;0.0;100;0;#T1;#P_FREE
2025-11-27 14:16:41.828;{E6AXIS: A1 -9.09999943, A2 -140.057190, A3 125.564560, A4 -35.3082085, A5 29.5542088, A6 9.39463520, E1 0.0, E2 0.0, E3 0.0, E4 0.0, E5 0.0, E6 0.0};;-1.11472952;-6.23880529;14.7157078;1.04779673;1.46601772;1.37579250;295;295;294;296;295;296;0.0258060936;0.0145860529;0.103785381;-0.0572222061;-0.0292469040;0.0139876502;0.000915555574;0.0;0.0;0.000541587127;0.000280047447;0.0;0.0;100;0;#T1;#P_FREE
2025-11-27 14:16:42.060;{E6AXIS: A1 -9.09999943, A2 -140.057190, A3 125.564560, A4 -35.3082085, A5 29.5542088, A6 9.39463520, E1 0.0, E2 0.0, E3 0.0, E4 0.0, E5 0.0, E6 0.0};;-2.08082867;8.48886681;14.2379246;2.38664818;1.58330417;0.121392414;295;295;294;296;295;296;-0.00617102208;-0.00561002037;0.0566612072;-0.0343333222;-0.0661234409;0.0648518354;0.0;-0.000305277907;0.000650400238;-0.000270670309;-0.000279792614;-0.000633922522;0.0;100;0;#T1;#P_FREE
2025-11-27 14:16:42.286;{E6AXIS: A1 -9.09999943, A2 -140.057190, A3 125.564560, A4 -35.3082085, A5 29.5542088, A6 9.39463520, E1 0.0, E2 0.0, E3 0.0, E4 0.0, E5 0.0, E6 0.0};;-1.26336026;-5.11377525;13.1868019;1.68811703;1.99379408;-0.364176363;295;295;294;296;295;296;0.0123420442;0.0106590381;0.106029376;-0.0241604857;-0.0432345569;0.00254320912;-0.000610555522;-0.000610278;0.0;0.0;0.000559840060;-0.000633922522;0.0;100;0;#T1;#P_FREE
2025-11-27 14:16:42.520;{E6AXIS: A1 -9.09999943, A2 -140.057190, A3 125.564560, A4 -35.3082085, A5 29.5542088, A6 9.39463520, E1 0.0, E2 0.0, E3 0.0, E4 0.0, E5 0.0, E6 0.0};;-3.86439633;2.14778471;13.3779154;1.04779673;1.17282116;1.25438190;295;295;294;296;295;296;0.0207570754;0.00673202425;0.0734912604;-0.0445061587;0.00254320912;0.00127160456;-0.000305000;0.000610278;0.000325052097;0.0;-0.000280047447;0.000633922522;0.0;100;0;#T1;#P_FREE
2025-11-27 14:16:42.748;{E6AXIS: A1 -9.09999943, A2 -140.057190, A3 125.564560, A4 -35.3082085, A5 29.5542088, A6 9.39463520, E1 0.0, E2 0.0, E3 0.0, E4 0.0, E5 0.0, E6 0.0};;-3.64145;-3.57964230;15.6712732;2.15380454;1.70059192;1.13298845;295;295;294;296;295;296;0.00897603203;-0.0100980364;0.0577832051;-0.0330617204;-0.0432345569;0.0127160456;0.000305000;0.000610278;0.0;0.0;-0.000280047447;-0.000317105529;0.0;100;0;#T1;#P_FREE
2025-11-27 14:16:42.985;{E6AXIS: A1 -9.09999943, A2 -140.057190, A3 125.564560, A4 -35.3082085, A5 29.5542088, A6 9.39463520, E1 0.0, E2 0.0, E3 0.0, E4 0.0, E5 0.0, E6 0.0};;0.222945839;-0.306826890;12.5179043;1.45527327;1.40738678;0.485566139;295;295;294;296;295;296;0.00673202425;-0.00673202425;0.0791012868;-0.0292469040;-0.00890123192;0.0394197404;0.000915555574;0.000610278;0.0;0.0;0.0;0.000316817;0.0;100;0;#T1;#P_FREE
2025-11-27 14:16:43.208;{E6AXIS: A1 -9.09999943, A2 -140.057190, A3 125.564560, A4 -35.3082085, A5 29.5542088, A6 9.39463520, E1 0.0, E2 0.0, E3 0.0, E4 0.0, E5 0.0, E6 0.0};;-3.49281931;3.78419232;14.5245953;1.45527327;1.87651598;0.364174575;295;295;294;296;295;296;0.0162690580;0.0190740675;0.0998583585;-0.0139876502;-0.0152592547;-0.0178024638;0.0;-0.000305000111;-0.000325052097;0.000541587127;-0.000280047447;-0.000316817;0.0;100;0;#T1;#P_FREE
2025-11-27 14:16:43.445;{E6AXIS: A1 -9.09999943, A2 -140.057190, A3 125.564560, A4 -35.3082085, A5 29.5542088, A6 9.39463520, E1 0.0, E2 0.0, E3 0.0, E4 0.0, E5 0.0, E6 0.0};;-2.45240521;2.25006104;12.9001331;1.45527327;1.34874606;0.445101947;295;295;294;296;295;296;0.00785402767;-0.00673202425;0.0785402805;-0.0317901149;-0.0445061587;0.0305185094;0.00122083328;0.000610278;0.0;0.0;-0.000280047447;0.000316817;0.0;100;0;#T1;#P_FREE
2025-11-27 14:16:43.681;{E6AXIS: A1 -9.09999943, A2 -140.057190, A3 125.564560, A4 -35.3082085, A5 29.5542088, A6 9.39463520, E1 0.0, E2 0.0, E3 0.0, E4 0.0, E5 0.0, E6 0.0};;-1.56062150;5.93197870;14.1423693;1.74632800;-0.645052314;1.33530605;295;295;294;296;295;296;0.0134640485;-0.00617102208;0.0650762320;-0.0254320912;-0.0178024638;0.0216172785;0.00152583327;-0.000610278;-0.000650400238;0.0;-0.000280047447;-0.000316817;0.0;100;0;#T1;#P_FREE
2025-11-27 14:16:43.919;{E6AXIS: A1 -9.09999943, A2 -140.057190, A3 125.564560, A4 -35.3082085, A5 29.5542088, A6 9.39463520, E1 0.0, E2 0.0, E3 0.0, E4 0.0, E5 0.0, E6 0.0};;-0.445891887;4.70467234;12.6134634;1.22242951;2.40428662;0.404638141;295;295;294;296;295;296;0.00448801601;-0.0123420442;0.0869553164;-0.0368765332;-0.0190740675;0.0139876502;-0.000305000;-0.000305277907;0.0;0.0;-0.000279792614;-0.000317105529;0.0;100;0;#T1;#P_FREE
2025-11-27 14:16:44.150;{E6AXIS: A1 -9.09999943, A2 -140.057190, A3 125.564560, A4 -35.3082085, A5 29.5542088, A6 9.39463520, E1 0.0, E2 0.0, E3 0.0, E4 0.0, E5 0.0, E6 0.0};;-1.26336014;1.53413200;20.8313236;2.03738260;1.29010499;-0.404638499;295;295;294;296;295;296;0.0269280970;-0.00168300606;0.0920043290;-0.0394197404;-0.0686666444;0.0216172785;-0.000610277755;0.0;0.000650400238;0.0;0.0;0.000317105529;0.0;100;0;#T1;#P_FREE
2025-11-27 14:16:44.387;{E6AXIS: A1 -9.09999943, A2 -140.057190, A3 125.564560, A4 -35.3082085, A5 29.5542088, A6 9.39463520, E1 0.0, E2 0.0, E3 0.0, E4 0.0, E5 0.0, E6 0.0};;-1.48630607;3.06826520;13.8557005;1.68811703;0.820976;-0.161855593;295;295;294;296;295;295;0.0168300606;0.000561002;0.0712472573;-0.0317901149;-0.0394197404;0.0254320912;-0.000915555574;0.000305277907;-0.000325052097;0.000541587127;-0.000280047447;0.000633922522;0.0;100;0;#T1;#P_FREE
2025-11-27 14:16:44.624;{E6AXIS: A1 -9.09999943, A2 -140.057190, A3 125.564560, A4 -35.3082085, A5 29.5542088, A6 9.39463520, E1 0.0, E2 0.0, E3 0.0, E4 0.0, E5 0.0, E6 0.0};;-1.70925200;-3.37509131;14.2379255;2.03738260;1.52466977;-1.69993556;295;295;294;296;295;295;0.0224400815;-0.00953703374;0.0875163153;-0.0381481349;-0.0445061587;0.0559506;0.000305277761;0.000305277907;0.000325052097;0.0;0.0;-0.000316817;0.0;100;0;#T1;#P_FREE
2025-11-27 14:16:44.861;{E6AXIS: A1 -9.09999943, A2 -140.057190, A3 125.564560, A4 -35.3082085, A5 29.5542088, A6 9.39463520, E1 0.0, E2 0.0, E3 0.0, E4 0.0, E5 0.0, E6 0.0};;-2.74966621;2.96598911;11.0845594;1.62990606;1.46602845;1.01202500;295;295;294;296;295;295;0.0140250502;0.00673202425;0.118371427;-0.0330617204;-0.0406913459;0.00762962736;-0.00122083328;-0.000305277907;0.000325052097;0.000270916818;-0.000280047447;0.0;0.0;100;0;#T1;#P_FREE
2025-11-27 14:16:45.095;{E6AXIS: A1 -9.09999943, A2 -140.057190, A3 125.564560, A4 -35.3082085, A5 29.5542088, A6 9.39463520, E1 0.0, E2 0.0, E3 0.0, E4 0.0, E5 0.0, E6 0.0};;-1.18904495;-2.25006127;11.3712292;2.03738260;2.52156878;0.566783667;295;295;294;296;295;295;0.00392701384;-0.00785402767;0.110517398;-0.0432345569;-0.0559506;-0.00890123192;0.000610555522;0.000610278;0.0;-0.000541587127;0.0;0.0;0.0;100;0;#T1;#P_FREE
2025-11-27 14:16:45.337;{E6AXIS: A1 -9.09999943, A2 -140.057190, A3 125.564560, A4 -35.3082085, A5 29.5542088, A6 9.39463520, E1 0.0, E2 0.0, E3 0.0, E4 0.0, E5 0.0, E6 0.0};;-2.00651336;3.78419328;14.9068213;0.931374907;1.64195204;0.0404861793;295;295;294;296;295;295;0.00673202425;0.00897603203;0.0594662167;-0.0292469040;-0.0165308602;0.0508641824;-0.00122083328;0.0;-0.000325052097;0.000270916818;0.000279792614;-0.000317105529;0.0;100;0;#T1;#P_FREE
2025-11-27 14:16:45.577;{E6AXIS: A1 -9.09999943, A2 -140.057190, A3 125.564560, A4 -35.3082085, A5 29.5542088, A6 9.39463520, E1 0.0, E2 0.0, E3 0.0, E4 0.0, E5 0.0, E6 0.0};;-1.41199100;0.409101963;11.1801138;1.39706230;0.820975900;2.14584184;295;295;294;296;295;295;0.00785402767;-0.0224400815;0.0802232921;-0.0546789952;-0.0139876502;0.0279753;-0.000915555574;-0.000610278;0.0;0.0;0.0;0.000633922522;0.0;100;0;#T1;#P_FREE
2025-11-27 14:16:45.808;{E6AXIS: A1 -9.09999943, A2 -140.057190, A3 125.564560, A4 -35.3082085, A5 29.5542088, A6 9.39463520, E1 0.0, E2 0.0, E3 0.0, E4 0.0, E5 0.0, E6 0.0};;-1.18904495;0.715928435;14.3334818;1.39718187;1.17282295;1.17415655;295;295;294;295;295;295;0.0218790788;0.00336601213;0.0959313437;-0.0343333222;-0.0317901149;0.0381481349;-0.00122083328;-0.000915555924;0.0;0.0;0.0;0.000316817;0.0;100;0;#T1;#P_FREE
2025-11-27 14:16:46.043;{E6AXIS: A1 -9.09999943, A2 -140.057190, A3 125.564560, A4 -35.3082085, A5 29.5542088, A6 9.39463520, E1 0.0, E2 0.0, E3 0.0, E4 0.0, E5 0.0, E6 0.0};;-1.93219805;1.63640773;18.7290802;1.51397121;0.938258231;0.242930546;295;295;294;295;295;295;0.00673202425;0.00224400801;0.113322414;-0.0190740675;-0.0445061587;-0.0241604857;0.000610555522;0.000610278;0.0;0.000270670309;-0.000280047447;-0.000633922522;0.0;100;0;#T1;#P_FREE
2025-11-27 14:16:46.279;{E6AXIS: A1 -9.09999943, A2 -140.057190, A3 125.564560, A4 -35.3082085, A5 29.5542088, A6 9.39463520, E1 0.0, E2 0.0, E3 0.0, E4 0.0, E5 0.0, E6 0.0};;-1.18904507;2.55688739;17.3912907;2.38773775;1.52466953;0.242931530;295;295;294;295;295;295;0.0162690580;0.00112200400;0.121176429;-0.0457777642;-0.0292469040;-0.00762962736;0.0;0.000305277907;-0.000325348141;0.0;-0.000280047447;0.0;0.0;100;0;#T1;#P_FREE
2025-11-27 14:16:46.514;{E6AXIS: A1 -9.09999943, A2 -140.057190, A3 125.564560, A4 -35.3082085, A5 29.5542088, A6 9.39463520, E1 0.0, E2 0.0, E3 0.0, E4 0.0, E5 0.0, E6 0.0};;-2.45240521;0.511376917;14.9068203;2.67911816;1.75923431;0.202443779;295;295;294;295;295;295;0.0140250502;0.0314161107;0.114444412;-0.0139876502;-0.0483209714;-0.0228888821;-0.000305000;-0.000305000111;0.0;0.0;0.0;-0.000316817;0.0;100;0;#T1;#P_FREE
2025-11-27 14:16:46.744;{E6AXIS: A1 -9.09999943, A2 -140.057190, A3 125.564560, A4 -35.3082085, A5 29.5542088, A6 9.39463520, E1 0.0, E2 0.0, E3 0.0, E4 0.0, E5 0.0, E6 0.0};;-1.04041433;2.86371350;12.8045759;0.931904614;0.469129205;-0.283422;295;295;294;295;295;295;0.0162690580;0.0100980364;0.0796622857;-0.0432345569;-0.0292469040;-0.00127160456;0.0;0.000610278;0.0;-0.000541587127;0.0;0.000317105529;0.0;100;0;#T1;#P_FREE
2025-11-27 14:16:46.979;{E6AXIS: A1 -9.09999943, A2 -140.057190, A3 125.564560, A4 -35.3082085, A5 29.5542088, A6 9.39463520, E1 0.0, E2 0.0, E3 0.0, E4 0.0, E5 0.0, E6 0.0};;-2.89829683;1.32958078;11.6578960;1.68911481;1.46602857;0.283422023;295;295;294;295;295;295;0.0145860529;-0.0319771133;0.120054431;-0.0292469040;-0.0457777642;-0.00381481368;0.0;0.000305277907;0.0;0.0;0.0;0.0;0.0;100;0;#T1;#P_FREE
2025-11-27 14:16:47.204;{E6AXIS: A1 -9.09999943, A2 -140.057190, A3 125.564560, A4 -35.3082085, A5 29.5542088, A6 9.39463520, E1 0.0, E2 0.0, E3 0.0, E4 0.0, E5 0.0, E6 0.0};;-2.00651336;4.19329500;13.4734707;1.57264352;0.586411476;2.22688770;295;295;294;295;295;295;0.00448801601;-0.0112200407;0.0964923501;-0.0241604857;-0.0534073934;0.0241604857;-0.00122083328;0.0;0.000650400238;0.0;0.000280047447;0.000316817;0.0;100;0;#T1;#P_FREE
2025-11-27 14:16:47.431;{E6AXIS: A1 -9.09999943, A2 -140.057190, A3 125.564560, A4 -35.3082085, A5 29.5542088, A6 9.39463520, E1 0.0, E2 0.0, E3 0.0, E4 0.0, E5 0.0, E6 0.0};;-2.22945929;1.84095824;9.36454105;1.63090086;2.46292782;0.688310742;295;295;294;295;295;295;0.0112200407;0.00336601213;0.0948093459;-0.0534073934;-0.0356049277;0.0381481349;0.0;-0.000610278;0.0;-0.000270670309;0.000280047447;0.000316817;0.0;100;0;#T1;#P_FREE
2025-11-27 14:16:47.665;{E6AXIS: A1 -9.09999943, A2 -140.057190, A3 125.564560, A4 -35.3082085, A5 29.5542088, A6 9.39463520, E1 0.0, E2 0.0, E3 0.0, E4 0.0, E5 0.0, E6 0.0};;-2.08082867;-1.02275467;12.5179071;2.50460792;0.586411715;1.45759940;295;295;294;295;295;295;-0.00336601213;-0.0106590381;0.0807842910;-0.0292469040;-0.0279753;-0.0127160456;-0.000915555574;0.000610278;0.000325052097;0.0;-0.000559840060;-0.000317105529;0.0;100;0;#T1;#P_FREE
2025-11-27 14:16:47.897;{E6AXIS: A1 -9.09999943, A2 -140.057190, A3 125.564560, A4 -35.3082085, A5 29.5542088, A6 9.39463520, E1 0.0, E2 0.0, E3 0.0, E4 0.0, E5 0.0, E6 0.0};;-2.52672052;-1.12503064;13.2823601;2.38765168;0.762335;0.850266397;295;295;294;296;295;295;0.0134640485;-0.00336601213;0.123981446;-0.0445061587;-0.00890123192;-0.0216172785;-0.000305277761;0.000915555924;-0.000325052097;0.0;0.0;0.0;0.0;100;0;#T1;#P_FREE
2025-11-27 14:16:48.128;{E6AXIS: A1 -9.09999943, A2 -140.057190, A3 125.564560, A4 -35.3082085, A5 29.5542088, A6 9.39463520, E1 0.0, E2 0.0, E3 0.0, E4 0.0, E5 0.0, E6 0.0};;-2.89829707;-3.06826520;18.6335220;1.51383913;1.05554044;-0.728800237;295;295;294;296;295;295;0.0157080553;-0.00504901819;0.110517398;-0.0330617204;-0.0483209714;0.0254320912;0.0;-0.000610278;0.0;-0.000270916818;0.000279792614;0.000633922522;0.0;100;0;#T1;#P_FREE
2025-11-27 14:16:48.364;{E6AXIS: A1 -9.09999943, A2 -140.057190, A3 125.564560, A4 -35.3082085, A5 29.5542088, A6 9.39463520, E1 0.0, E2 0.0, E3 0.0, E4 0.0, E5 0.0, E6 0.0};;-2.22945929;1.84095919;13.8557;1.63011754;-0.117282175;-0.566845179;295;295;294;296;295;295;0.0241230875;-0.00785402767;0.123420440;-0.0279753;-0.0457777642;-0.0381481349;-0.000610555522;0.0;0.000650400238;0.0;-0.000280047447;0.0;0.0;100;0;#T1;#P_FREE
2025-11-27 14:16:48.598;{E6AXIS: A1 -9.09999943, A2 -140.057190, A3 125.564560, A4 -35.3082085, A5 29.5542088, A6 9.39463520, E1 0.0, E2 0.0, E3 0.0, E4 0.0, E5 0.0, E6 0.0};;0.148630783;-1.43185639;17.1046200;1.97931480;1.93515754;0.202396303;295;295;294;296;295;296;0.0129030468;0.0112200407;0.111639395;-0.0127160456;-0.0584938079;0.0267036967;0.00122083328;-0.000305000111;-0.000650400238;0.0;0.0;-0.000316817;0.0;100;0;#T1;#P_FREE
2025-11-27 14:16:48.834;{E6AXIS: A1 -9.09999943, A2 -140.057190, A3 125.564560, A4 -35.3082085, A5 29.5542088, A6 9.39463520, E1 0.0, E2 0.0, E3 0.0, E4 0.0, E5 0.0, E6 0.0};;-1.41199064;2.86371446;11.7534542;1.92103755;0.762334883;0.728504062;295;295;294;296;295;296;0.0269280970;0.00448801601;0.102663368;-0.0368765332;-0.0470493697;0.0546789952;0.00122083328;0.000610278;0.0;-0.000541587127;0.0;-0.000317105529;0.0;100;0;#T1;#P_FREE
2025-11-27 14:16:49.061;{E6AXIS: A1 -9.09999943, A2 -140.057190, A3 125.564560, A4 -35.3082085, A5 29.5542088, A6 9.39463520, E1 0.0, E2 0.0, E3 0.0, E4 0.0, E5 0.0, E6 0.0};;-2.37809;-1.63640821;13.2823601;2.09564066;1.11418176;1.37593555;295;295;294;296;295;296;0.0213180762;-0.00785402767;0.0768572763;-0.0317901149;-0.0216172785;0.00127160456;0.0;0.0;0.0;0.0;0.0;0.000317105529;0.0;100;0;#T1;#P_FREE
2025-11-27 14:16:49.301;{E6AXIS: A1 -9.09999943, A2 -140.057190, A3 125.564560, A4 -35.3082085, A5 29.5542088, A6 9.39463520, E1 0.0, E2 0.0, E3 0.0, E4 0.0, E5 0.0, E6 0.0};;-2.08082843;-1.43185735;6.97562647;1.28065646;1.87651646;-0.809330583;295;295;294;296;295;296;0.0134640485;-0.0286111031;0.0824672952;-0.0406913459;-0.0445061587;-0.0178024638;-0.000915555574;0.0;0.0;0.000270916818;0.0;-0.000633922522;0.0;100;0;#T1;#P_FREE
2025-11-27 14:16:49.534;{E6AXIS: A1 -9.09999943, A2 -140.057190, A3 125.564560, A4 -35.3082085, A5 29.5542088, A6 9.39463520, E1 0.0, E2 0.0, E3 0.0, E4 0.0, E5 0.0, E6 0.0};;-0.445891917;2.14778543;16.9135075;2.15381908;1.64195156;1.74000764;295;295;294;296;295;296;0.00561002037;0.00112200400;0.121176429;-0.0343333222;-0.0178024638;0.0495925769;-0.00152583327;0.0;0.0;0.0;0.000559840060;0.0;0.0;100;0;#T1;#P_FREE
2025-11-27 14:16:49.786;{E6AXIS: A1 -9.09999943, A2 -140.057190, A3 125.564560, A4 -35.3082085, A5 29.5542088, A6 9.39463520, E1 0.0, E2 0.0, E3 0.0, E4 0.0, E5 0.0, E6 0.0};;-0.966099;4.29557133;16.4357204;1.04784369;0.410488;0.606968820;295;295;294;295;295;296;-0.00168300606;0.0269280970;0.109395400;-0.0279753;-0.0279753;0.0241604857;-0.000610555522;0.000305000111;0.000650400238;0.0;0.0;0.0;0.0;100;0;#T1;#P_FREE
2025-11-27 14:16:50.023;{E6AXIS: A1 -9.09999943, A2 -140.057190, A3 125.564560, A4 -35.3082085, A5 29.5542088, A6 9.39463520, E1 0.0, E2 0.0, E3 0.0, E4 0.0, E5 0.0, E6 0.0};;-2.74966669;0.715928316;17.0090656;1.97977579;1.17282283;0.242785290;295;295;294;295;295;296;0.0162690580;0.0140250502;0.113883406;-0.0317901149;-0.0381481349;-0.00635802280;-0.000305277761;-0.000610278;0.000325052097;-0.000270670309;0.0;-0.000633922522;0.0;100;0;#T1;#P_FREE
2025-11-27 14:16:50.262;{E6AXIS: A1 -9.09999943, A2 -140.057190, A3 125.564560, A4 -35.3082085, A5 29.5542088, A6 9.39463520, E1 0.0, E2 0.0, E3 0.0, E4 0.0, E5 0.0, E6 0.0};;-1.85788262;-1.63640821;10.5112181;0.990026832;2.22836328;-0.0404641144;295;295;294;295;295;296;0.0112200407;-0.0112200407;0.0897603258;-0.0521357879;-0.0178024638;0.0457777642;0.000305000;-0.000610278;0.0;0.0;0.000279792614;-0.000317105529;0.0;100;0;#T1;#P_FREE
2025-11-27 14:16:50.496;{E6AXIS: A1 -9.09999943, A2 -140.057190, A3 125.564560, A4 -35.3082085, A5 29.5542088, A6 9.39463520, E1 0.0, E2 0.0, E3 0.0, E4 0.0, E5 0.0, E6 0.0};;-1.33767521;-0.306826174;18.3468552;1.74724185;1.75923407;0.0404685065;295;295;294;295;295;295;0.0151470536;0.00168300606;0.0964923501;-0.0279753;-0.0445061587;0.0241604857;-0.000610555522;0.000305277907;0.000325348141;0.0;0.000279792614;0.0;0.0;100;0;#T1;#P_FREE
2025-11-27 14:16:50.728;{E6AXIS: A1 -9.09999943, A2 -140.057190, A3 125.564560, A4 -35.3082085, A5 29.5542088, A6 9.39463520, E1 0.0, E2 0.0, E3 0.0, E4 0.0, E5 0.0, E6 0.0};;-2.60103607;-5.01150;11.6578989;1.04838920;1.23146403;1.17385149;295;295;294;295;295;295;0.0140250502;-0.00673202425;0.110517398;-0.0419629514;-0.0279753;0.00635802280;0.000610555522;-0.000305000111;-0.000325052097;0.0;0.000279792614;0.0;0.0;100;0;#T1;#P_FREE
2025-11-27 14:16:50.959;{E6AXIS: A1 -9.09999943, A2 -140.057190, A3 125.564560, A4 -35.3082085, A5 29.5542088, A6 9.39463520, E1 0.0, E2 0.0, E3 0.0, E4 0.0, E5 0.0, E6 0.0};;-2.52672029;-0.920479655;11.4667835;1.39788592;3.69439173;0.688205183;295;295;294;295;295;295;0.0207570754;0.0134640485;0.112761408;-0.0406913459;-0.0368765332;-0.00762962736;0.000915555574;0.000305277907;0.000325052097;0.0;0.000279792614;0.000633922522;0.0;100;0;#T1;#P_FREE
2025-11-27 14:16:51.193;{E6AXIS: A1 -9.09999943, A2 -140.057190, A3 125.564560, A4 -35.3082085, A5 29.5542088, A6 9.39463520, E1 0.0, E2 0.0, E3 0.0, E4 0.0, E5 0.0, E6 0.0};;-1.56062138;-1.43185735;12.7090197;1.28141236;-0.996899247;-0.769223094;295;295;294;295;295;295;0.0235620849;-0.0112200407;0.0690032467;-0.0368765332;-0.0267036967;0.0305185094;-0.000610555522;-0.000305277907;-0.000325052097;0.0;-0.000279792614;-0.000633922522;0.0;100;0;#T1;#P_FREE
2025-11-27 14:16:51.432;{E6AXIS: A1 -9.09999943, A2 -140.057190, A3 125.564560, A4 -35.3082085, A5 29.5542088, A6 9.39463520, E1 0.0, E2 0.0, E3 0.0, E4 0.0, E5 0.0, E6 0.0};;-1.11473;0.511377275;17.0090637;1.63090074;0.586411595;1.13363528;295;295;294;295;295;295;0.00224400801;-0.00897603203;0.104346372;-0.0546789952;-0.0406913459;-0.00127160456;0.00122083328;0.0;0.000650400238;0.000541587127;0.000280047447;0.0;0.0;100;0;#T1;#P_FREE
2025-11-27 14:16:51.668;{E6AXIS: A1 -9.09999943, A2 -140.057190, A3 125.564560, A4 -35.3082085, A5 29.5542088, A6 9.39463520, E1 0.0, E2 0.0, E3 0.0, E4 0.0, E5 0.0, E6 0.0};;-4.08734179;1.84095860;14.0468121;1.68915415;1.58331072;1.01219571;295;295;294;295;295;295;0.00729302643;-0.00897603203;0.0920043290;-0.0419629514;0.0228888821;0.0394197404;0.000610555522;0.0;0.0;0.000270916818;0.0;0.0;0.0;100;0;#T1;#P_FREE
2025-11-27 14:16:51.901;{E6AXIS: A1 -9.09999943, A2 -140.057190, A3 125.564560, A4 -35.3082085, A5 29.5542088, A6 9.39463520, E1 0.0, E2 0.0, E3 0.0, E4 0.0, E5 0.0, E6 0.0};;-0.594522595;4.19329548;19.0157509;1.10648298;1.52466953;0.607324421;295;295;294;296;295;295;0.00953703374;-0.0297331084;0.0746132657;-0.0368765332;-0.0279753;0.0203456730;0.000915555574;0.0;0.0;0.0;-0.000559840060;0.0;0.0;100;0;#T1;#P_FREE
2025-11-27 14:16:52.134;{E6AXIS: A1 -9.09999943, A2 -140.057190, A3 125.564560, A4 -35.3082085, A5 29.5542088, A6 9.39463520, E1 0.0, E2 0.0, E3 0.0, E4 0.0, E5 0.0, E6 0.0};;-3.41850424;-1.63640821;14.2379255;1.57207549;2.22836328;-0.121466;295;295;294;296;295;295;-0.0134640485;0.0134640485;0.0931263342;-0.0394197404;-0.0661234409;0.0101728365;0.0;0.0;0.0;-0.000270670309;0.000559840060;-0.000316817;0.0;100;0;#T1;#P_FREE
2025-11-27 14:16:52.362;{E6AXIS: A1 -9.09999943, A2 -140.057190, A3 125.564560, A4 -35.3082085, A5 29.5542088, A6 9.39463520, E1 0.0, E2 0.0, E3 0.0, E4 0.0, E5 0.0, E6 0.0};;-2.82398176;2.04551;14.9068213;1.74656403;1.40738738;0.485864043;295;295;294;296;295;295;0.00561002037;0.00336601213;0.0981753543;-0.0368765332;-0.00508641824;0.00762962736;0.0;0.000305277907;0.0;0.0;-0.000280047447;0.000316817;0.0;100;0;#T1;#P_FREE
2025-11-27 14:16:52.594;{E6AXIS: A1 -9.09999943, A2 -140.057190, A3 125.564560, A4 -35.3082085, A5 29.5542088, A6 9.39463520, E1 0.0, E2 0.0, E3 0.0, E4 0.0, E5 0.0, E6 0.0};;-0.966099143;0.715928733;13.7601433;1.63002896;1.46602833;1.25515223;295;295;294;296;295;295;0.0179520641;-0.00112200400;0.0768572763;-0.0343333222;-0.0394197404;-0.0114444410;0.000305277761;0.0;-0.000325348141;0.0;0.0;-0.000317105529;0.0;100;0;#T1;#P_FREE
2025-11-27 14:16:52.831;{E6AXIS: A1 -9.09999943, A2 -140.057190, A3 125.564560, A4 -35.3082085, A5 29.5542088, A6 9.39463520, E1 0.0, E2 0.0, E3 0.0, E4 0.0, E5 0.0, E6 0.0};;-2.00651312;1.22730613;16.1490555;2.15389323;0.586411357;0.364399225;295;295;294;296;295;295;0.00392701384;-0.00897603203;0.116688423;-0.0165308602;-0.0572222061;0.0241604857;0.000610555522;0.000305277907;-0.000325052097;0.0;0.0;0.000633922522;0.0;100;0;#T1;#P_FREE
2025-11-27 14:16:53.071;{E6AXIS: A1 -9.09999943, A2 -140.057190, A3 125.564560, A4 -35.3082085, A5 29.5542088, A6 9.39463520, E1 0.0, E2 0.0, E3 0.0, E4 0.0, E5 0.0, E6 0.0};;-3.86439610;-2.25006104;15.4801617;2.67776394;0.527770340;-0.688310802;295;295;294;296;295;295;0.0230010822;-0.0230010822;0.0920043290;-0.0470493697;-0.0203456730;0.00890123192;0.0;0.0;0.000650400238;0.0;0.0;0.000316817;0.0;100;0;#T1;#P_FREE
2025-11-27 14:16:53.332;{E6AXIS: A1 -9.09999943, A2 -140.057190, A3 125.564560, A4 -35.3082085, A5 29.5542088, A6 9.39463520, E1 0.0, E2 0.0, E3 0.0, E4 0.0, E5 0.0, E6 0.0};;-1.11472976;-0.306826770;19.9713154;1.51350200;1.11418140;1.21466601;295;295;294;296;295;295;0.0140250502;-0.0134640485;0.0622712262;-0.0254320912;-0.0381481349;0.00890123192;0.000915555574;-0.000305277907;0.0;0.000541587127;0.000280047447;-0.000317105529;0.0;100;0;#T1;#P_FREE
2025-11-27 14:16:53.562;{E6AXIS: A1 -9.09999943, A2 -140.057190, A3 125.564560, A4 -35.3082085, A5 29.5542088, A6 9.39463520, E1 0.0, E2 0.0, E3 0.0, E4 0.0, E5 0.0, E6 0.0};;-2.82398176;4.50012159;15.4801588;2.44487524;1.05554056;-0.323911279;295;295;294;296;295;295;0.0185130667;-0.00448801601;0.0690032467;-0.0343333222;-0.0330617204;0.00127160456;0.0;0.000610278;0.0;0.0;0.0;0.0;0.0;100;0;#T1;#P_FREE
2025-11-27 14:16:53.791;{E6AXIS: A1 -9.09999943, A2 -140.057190, A3 125.564560, A4 -35.3082085, A5 29.5542088, A6 9.39463520, E1 0.0, E2 0.0, E3 0.0, E4 0.0, E5 0.0, E6 0.0};;-3.34418893;-3.98874402;16.2446136;1.57170105;1.58331072;0.809777260;295;295;294;296;295;295;0.00785402767;-0.00504901819;0.100419357;-0.0534073934;-0.0534073934;0.0267036967;-0.000610277755;0.000305277907;0.0;0.0;0.0;0.0;0.0;100;0;#T1;#P_FREE
2025-11-27 14:16:54.028;{E6AXIS: A1 -9.09999943, A2 -140.057190, A3 125.564560, A4 -35.3082085, A5 29.5542088, A6 9.39463520, E1 0.0, E2 0.0, E3 0.0, E4 0.0, E5 0.0, E6 0.0};;-2.22945929;-7.05700922;17.8690739;1.45527625;2.40428686;-0.202444777;295;295;294;296;295;295;0.0201960728;0.00448801601;0.0908823311;-0.0317901149;-0.0495925769;0.0;0.0;0.0;-0.000325052097;0.0;-0.000280047447;0.000317105529;0.0;100;0;#T1;#P_FREE
2025-11-27 14:16:54.265;{E6AXIS: A1 -9.09999943, A2 -140.057190, A3 125.564560, A4 -35.3082085, A5 29.5542088, A6 9.39463520, E1 0.0, E2 0.0, E3 0.0, E4 0.0, E5 0.0, E6 0.0};;-3.49281931;1.73868322;14.0468111;2.44486189;1.40738738;-0.323911279;295;295;294;296;295;295;0.0129030468;0.00280501018;0.106029376;-0.0343333222;-0.0267036967;0.0101728365;0.0;0.0;0.000325052097;0.0;0.000559840060;0.000316817;0.0;100;0;#T1;#P_FREE
2025-11-27 14:16:54.499;{E6AXIS: A1 -9.09999943, A2 -140.057190, A3 125.564560, A4 -35.3082085, A5 29.5542088, A6 9.39463520, E1 0.0, E2 0.0, E3 0.0, E4 0.0, E5 0.0, E6 0.0};;-3.79008079;-2.04550982;17.1046200;1.39706326;1.70059311;0.0404886156;295;295;294;296;295;295;0.0123420442;0.00561002037;0.0706862509;-0.0190740675;-0.0445061587;0.00635802280;0.0;0.000305277907;0.0;-0.000270916818;-0.000280047447;0.000317105529;0.0;100;0;#T1;#P_FREE
2025-11-27 14:16:54.748;{E6AXIS: A1 -9.09999943, A2 -140.057190, A3 125.564560, A4 -35.3082085, A5 29.5542088, A6 9.39463520, E1 0.0, E2 0.0, E3 0.0, E4 0.0, E5 0.0, E6 0.0};;-2.97261238;0.102275349;13.2823601;1.45527375;1.34874630;0.283422232;295;295;294;296;295;295;0.0123420442;-0.00729302643;0.0656372309;-0.0368765332;-0.0330617204;0.0330617204;-0.000610277755;-0.000610278;-0.000325052097;0.0;0.0;0.0;0.0;100;0;#T1;#P_FREE
2025-11-27 14:16:54.976;{E6AXIS: A1 -9.09999943, A2 -140.057190, A3 125.564560, A4 -35.3082085, A5 29.5542088, A6 9.39463520, E1 0.0, E2 0.0, E3 0.0, E4 0.0, E5 0.0, E6 0.0};;-2.97261238;1.43185639;13.9512548;1.33885169;0.234564528;0.404888898;295;295;294;296;295;295;0.0112200407;0.0179520641;0.0920043290;-0.0432345569;-0.0699382499;-0.0139876502;0.000610277755;0.0;0.0;0.0;0.0;0.000317105529;0.0;100;0;#T1;#P_FREE
2025-11-27 14:16:55.212;{E6AXIS: A1 -9.09999943, A2 -140.057190, A3 125.564560, A4 -35.3082085, A5 29.5542088, A6 9.39463520, E1 0.0, E2 0.0, E3 0.0, E4 0.0, E5 0.0, E6 0.0};;-2.30377460;2.45461226;12.5179052;0.814953148;2.28700447;0.890755534;295;295;294;296;295;295;0.0173910614;-0.0218790788;0.0992973596;-0.0203456730;-0.0267036967;0.0673950389;-0.000305277761;0.0;0.0;0.000270670309;0.000559840060;0.000633922522;0.0;100;0;#T1;#P_FREE
2025-11-27 14:16:55.447;{E6AXIS: A1 -9.09999943, A2 -140.057190, A3 125.564560, A4 -35.3082085, A5 29.5542088, A6 9.39463520, E1 0.0, E2 0.0, E3 0.0, E4 0.0, E5 0.0, E6 0.0};;-3.19555855;2.04550958;14.4290390;1.68811715;1.17282271;1.33613312;295;295;294;296;295;295;0.0218790788;0.00168300606;0.0566612072;-0.0394197404;-0.0406913459;-0.00635802280;-0.000915277749;-0.000610278;0.0;0.0;0.000280047447;0.0;0.0;100;0;#T1;#P_FREE
2025-11-27 14:16:55.684;{E6AXIS: A1 -9.09999943, A2 -140.057190, A3 125.564560, A4 -35.3082085, A5 29.5542088, A6 9.39463520, E1 0.0, E2 0.0, E3 0.0, E4 0.0, E5 0.0, E6 0.0};;-1.48630619;0.306826;16.0535;1.28064048;1.17282271;1.01222193;295;295;294;296;295;295;0.0106590381;-0.0123420442;0.0701252520;-0.0356049277;0.00762962736;0.0152592547;0.0;0.000305000111;0.0;-0.000541587127;0.0;-0.000317105529;0.0;100;0;#T1;#P_FREE
2025-11-27 14:16:55.915;{E6AXIS: A1 -9.09999943, A2 -140.057190, A3 125.564560, A4 -35.3082085, A5 29.5542088, A6 9.39463520, E1 0.0, E2 0.0, E3 0.0, E4 0.0, E5 0.0, E6 0.0};;-2.82398152;-3.68191862;10.9890032;1.51348424;-0.351846516;0.526355505;295;295;294;296;295;295;-0.00561002037;-0.0140250502;0.0953703448;-0.0216172785;-0.0368765332;0.0228888821;0.000915277749;0.000305000111;0.0;0.0;0.0;0.0;0.0;100;0;#T1;#P_FREE
2025-11-27 14:16:56.146;{E6AXIS: A1 -9.09999943, A2 -140.057190, A3 125.564560, A4 -35.3082085, A5 29.5542088, A6 9.39463520, E1 0.0, E2 0.0, E3 0.0, E4 0.0, E5 0.0, E6 0.0};;-2.37808967;0.511378348;16.0535;1.51348424;1.34864378;1.17417753;295;295;294;296;296;295;0.00336601213;-0.0117810424;0.0931263342;-0.0241604857;-0.0101728365;0.0356049277;0.000610277755;0.000305277907;0.0;-0.000270670309;-0.000280047447;0.0;0.0;100;0;#T1;#P_FREE
2025-11-27 14:16:56.378;{E6AXIS: A1 -9.09999943, A2 -140.057190, A3 125.564560, A4 -35.3082085, A5 29.5542088, A6 9.39463520, E1 0.0, E2 0.0, E3 0.0, E4 0.0, E5 0.0, E6 0.0};;-2.37809;2.96598959;15.9579430;2.32843733;1.87592530;0.566844285;295;295;294;296;296;295;0.0252450909;-0.00168300606;0.0858333111;-0.0419629514;-0.00890123192;0.00508641824;-0.000305000;0.0;0.0;0.0;0.000559840060;0.000316817;0.0;100;0;#T1;#P_FREE
2025-11-27 14:16:56.617;{E6AXIS: A1 -9.09999943, A2 -140.057190, A3 125.564560, A4 -35.3082085, A5 29.5542088, A6 9.39463520, E1 0.0, E2 0.0, E3 0.0, E4 0.0, E5 0.0, E6 0.0};;-2.82398176;-4.39784670;9.07787;1.68811703;1.99289620;0.850266576;295;295;294;296;296;295;0.00561002037;0.0145860529;0.116688423;-0.0190740675;-0.0254320912;0.0114444410;-0.000915555574;0.0;0.0;0.0;0.0;0.000633922522;0.0;100;0;#T1;#P_FREE
2025-11-27 14:16:56.854;{E6AXIS: A1 -9.09999943, A2 -140.057190, A3 125.564560, A4 -35.3082085, A5 29.5542088, A6 9.39463520, E1 0.0, E2 0.0, E3 0.0, E4 0.0, E5 0.0, E6 0.0};;-0.966099;3.27281523;12.8045769;1.92096078;0.234440818;0.850266337;295;295;294;296;296;295;0.0151470536;0.00561002037;0.0779792815;-0.0203456730;-0.0432345569;-0.00254320912;-0.00122083328;-0.000610278;0.0;0.0;0.0;-0.000316817;0.0;100;0;#T1;#P_FREE
2025-11-27 14:16:57.090;{E6AXIS: A1 -9.09999943, A2 -140.057190, A3 125.564560, A4 -35.3082085, A5 29.5542088, A6 9.39463520, E1 0.0, E2 0.0, E3 0.0, E4 0.0, E5 0.0, E6 0.0};;-2.97261238;3.88646889;9.46009827;2.03738260;1.99266553;0.485866547;295;295;294;296;296;295;0.00673202425;-0.00897603203;0.0897603258;-0.0368765332;-0.0343333222;0.0127160456;0.0;0.0;0.000650400238;0.0;0.000280047447;-0.000316817;0.0;100;0;#T1;#P_FREE
2025-11-27 14:16:57.319;{E6AXIS: A1 -9.09999943, A2 -140.057190, A3 125.564560, A4 -35.3082085, A5 29.5542088, A6 9.39463520, E1 0.0, E2 0.0, E3 0.0, E4 0.0, E5 0.0, E6 0.0};;-2.22945929;-2.45461178;15.3846025;1.39706242;0.937704325;0.404888958;295;295;294;296;296;295;0.0106590381;-0.0117810424;0.0572222061;-0.0203456730;-0.0228888821;0.0241604857;-0.00152583327;0.0;-0.000650400238;0.0;0.0;-0.000633922522;0.0;100;0;#T1;#P_FREE
2025-11-27 14:16:57.553;{E6AXIS: A1 -9.09999943, A2 -140.057190, A3 125.564560, A4 -35.3082085, A5 29.5542088, A6 9.39463520, E1 0.0, E2 0.0, E3 0.0, E4 0.0, E5 0.0, E6 0.0};;-3.93871140;2.96598935;14.6201506;1.33885145;1.05490363;0.526355267;295;295;294;296;296;295;0.0190740675;0.0123420442;0.0875163153;-0.0419629514;-0.0343333222;0.0178024638;0.0;0.000305000111;-0.000650400238;0.000541587127;-0.000280047447;-0.000316817;0.0;100;0;#T1;#P_FREE
2025-11-27 14:16:57.787;{E6AXIS: A1 -9.09999943, A2 -140.057190, A3 125.564560, A4 -35.3082085, A5 29.5542088, A6 9.39463520, E1 0.0, E2 0.0, E3 0.0, E4 0.0, E5 0.0, E6 0.0};;-2.60103583;-0.715929;11.9445686;1.80459297;1.75816035;-0.526355684;295;295;294;295;296;295;-0.00168300606;-0.0112200407;0.0824672952;-0.0139876502;-0.0292469040;0.00762962736;-0.000305277761;0.000305277907;0.0;-0.000270670309;-0.000280047447;0.000317105529;0.0;100;0;#T1;#P_FREE
2025-11-27 14:16:58.024;{E6AXIS: A1 -9.09999943, A2 -140.057190, A3 125.564560, A4 -35.3082085, A5 29.5542088, A6 9.39463520, E1 0.0, E2 0.0, E3 0.0, E4 0.0, E5 0.0, E6 0.0};;-2.22945929;-1.12503064;4.87338305;1.39747250;2.16838932;0.0809776559;295;295;294;295;296;295;0.0319771133;0.0179520641;0.115005419;-0.0305185094;-0.0572222061;0.0241604857;-0.000610555522;-0.000305277907;-0.000650400238;0.0;0.0;0.0;0.0;100;0;#T1;#P_FREE
2025-11-27 14:16:58.278;{E6AXIS: A1 -9.09999943, A2 -140.057190, A3 125.564560, A4 -35.3082085, A5 29.5542088, A6 9.39463520, E1 0.0, E2 0.0, E3 0.0, E4 0.0, E5 0.0, E6 0.0};;-1.70925212;5.42060089;12.6134615;1.33944917;0.703420639;0.809777677;295;295;294;295;295;295;0.0241230875;0.0100980364;0.0824672952;-0.0292469040;-0.0317901149;-0.00254320912;0.00122083328;0.000610278;-0.000325052097;0.0;0.0;-0.000316817;0.0;100;0;#T1;#P_FREE
2025-11-27 14:16:58.511;{E6AXIS: A1 -9.09999943, A2 -140.057190, A3 125.564560, A4 -35.3082085, A5 29.5542088, A6 9.39463520, E1 0.0, E2 0.0, E3 0.0, E4 0.0, E5 0.0, E6 0.0};;-4.38460350;4.09102;13.5690298;1.57251704;1.05531251;1.33613300;295;295;294;295;295;295;0.0241230875;-0.0117810424;0.109956391;-0.0457777642;-0.0457777642;-0.0292469040;0.0;0.000610278;0.000325348141;0.0;0.0;-0.000633922522;0.0;100;0;#T1;#P_FREE
2025-11-27 14:16:58.746;{E6AXIS: A1 -9.09999943, A2 -140.057190, A3 125.564560, A4 -35.3082085, A5 29.5542088, A6 9.39463520, E1 0.0, E2 0.0, E3 0.0, E4 0.0, E5 0.0, E6 0.0};;-3.56713438;2.45461178;12.9956894;1.28136539;1.28995097;-0.161955863;295;295;294;295;295;295;0.0145860529;-0.0106590381;0.0426361524;-0.0394197404;-0.0432345569;0.0445061587;-0.000610277755;-0.000305000111;0.000650400238;0.0;0.0;-0.000317105529;0.0;100;0;#T1;#P_FREE
2025-11-27 14:16:58.981;{E6AXIS: A1 -9.09999943, A2 -140.057190, A3 125.564560, A4 -35.3082085, A5 29.5542088, A6 9.39463520, E1 0.0, E2 0.0, E3 0.0, E4 0.0, E5 0.0, E6 0.0};;-2.89829731;-1.32958174;15.6712742;1.10665977;1.70048070;-0.121466950;295;295;294;295;295;295;0.0140250502;0.00168300606;0.0785402805;-0.0292469040;-0.0254320912;0.0165308602;-0.000610277755;0.0;0.0;0.0;0.000280047447;0.0;0.0;100;0;#T1;#P_FREE
2025-11-27 14:16:59.207;{E6AXIS: A1 -9.09999943, A2 -140.057190, A3 125.564560, A4 -35.3082085, A5 29.5542088, A6 9.39463520, E1 0.0, E2 0.0, E3 0.0, E4 0.0, E5 0.0, E6 0.0};;-2.00651336;-2.96598911;15.7668285;0.873690307;1.81780744;-0.0404892974;295;295;294;295;295;295;0.0145860529;-0.00897603203;0.0998583585;-0.0279753;-0.0343333222;0.0419629514;-0.00122083328;-0.000305000111;0.0;0.0;0.0;-0.000317105529;0.0;100;0;#T1;#P_FREE
2025-11-27 14:16:59.447;{E6AXIS: A1 -9.09999943, A2 -140.057190, A3 125.564560, A4 -35.3082085, A5 29.5542088, A6 9.39463520, E1 0.0, E2 0.0, E3 0.0, E4 0.0, E5 0.0, E6 0.0};;-0.668837905;-3.37509131;13.6645861;1.86388659;0.996879101;1.53857780;295;295;294;295;295;295;0.0157080553;0.0258060936;0.0931263342;-0.0267036967;-0.0254320912;0.0648518354;-0.000610277755;0.0;0.0;0.000541587127;0.0;0.000317105529;0.0;100;0;#T1;#P_FREE
2025-11-27 14:16:59.682;{E6AXIS: A1 -9.09999943, A2 -140.057190, A3 125.564560, A4 -35.3082085, A5 29.5542088, A6 9.39463520, E1 0.0, E2 0.0, E3 0.0, E4 0.0, E5 0.0, E6 0.0};;-2.37809;-1.22730625;16.2446098;1.86389434;1.52465236;1.21466672;295;295;294;295;295;295;0.0;0.0274890978;0.0768572763;-0.0368765332;-0.0165308602;0.0114444410;-0.000610555522;-0.000610278;0.0;0.0;0.0;-0.000316817;0.0;100;0;#T1;#P_FREE
2025-11-27 14:16:59.915;{E6AXIS: A1 -9.09999943, A2 -140.057190, A3 125.564560, A4 -35.3082085, A5 29.5542088, A6 9.39463520, E1 0.0, E2 0.0, E3 0.0, E4 0.0, E5 0.0, E6 0.0};;-1.48630607;-2.86371350;16.5312824;1.33943844;1.52465987;0.809777439;295;295;294;296;295;295;0.00841503;0.0112200407;0.0908823311;-0.0317901149;-0.0317901149;0.00635802280;0.0;0.000305000111;0.000325052097;0.0;-0.000559840060;0.000316817;0.0;100;0;#T1;#P_FREE
2025-11-27 14:17:00.136;{E6AXIS: A1 -9.09999943, A2 -140.057190, A3 125.564560, A4 -35.3082085, A5 29.5542088, A6 9.39463520, E1 0.0, E2 0.0, E3 0.0, E4 0.0, E5 0.0, E6 0.0};;-3.26987338;-0.920479774;13.4734735;1.39741123;2.99068713;-0.688311338;295;295;294;296;295;295;0.0145860529;-0.0162690580;0.0863943100;-0.0343333222;-0.0330617204;-0.00127160456;-0.000610277755;0.000610278;-0.000325052097;0.0;0.000559840060;-0.000316817;0.0;100;0;#T1;#P_FREE
2025-11-27 14:17:00.370;{E6AXIS: A1 -9.09999943, A2 -140.057190, A3 125.564560, A4 -35.3082085, A5 29.5542088, A6 9.39463520, E1 0.0, E2 0.0, E3 0.0, E4 0.0, E5 0.0, E6 0.0};;0.0743154138;2.45461154;17.6779594;1.63013101;1.70058978;-0.0404890142;295;295;294;296;295;295;0.00841503;-0.0168300606;0.0768572763;-0.0254320912;-0.0241604857;-0.0152592547;0.0;0.0;0.0;0.0;0.0;0.000633922522;0.0;100;0;#T1;#P_FREE
2025-11-27 14:17:00.613;{E6AXIS: A1 -9.09999943, A2 -140.057190, A3 125.564560, A4 -35.3082085, A5 29.5542088, A6 9.39463520, E1 0.0, E2 0.0, E3 0.0, E4 0.0, E5 0.0, E6 0.0};;-3.04692769;5.52287531;14.5245962;2.03753614;2.63884854;1.33613324;295;295;294;296;295;295;-0.00112200400;0.0269280970;-7.60774851;-0.0216172785;-0.0508641824;0.00762962736;-0.000610277755;-0.000305277907;0.0;0.000541587127;-0.000280047447;0.0;0.0;100;0;#T1;#P_FREE
2025-11-27 14:17:00.864;{E6AXIS: A1 -9.10002804, A2 -140.057159, A3 125.564552, A4 -35.3081512, A5 29.5551510, A6 9.39488888, E1 0.0, E2 0.0, E3 0.0, E4 0.0, E5 0.0, E6 0.0};;-3.04692769;1.12502968;-1306.08472;1.62997139;1.81787443;-1.01222253;295;295;294;296;295;295;0.0196350701;0.00729302643;-7.75978;-0.0203456730;-0.0216172785;0.0470493697;0.000610277755;0.0;-0.00260189688;0.000812257407;0.0;-0.000316817;0.0;100;4;#T1;#P_FREE
2025-11-27 14:17:01.098;{E6AXIS: A1 -9.10002804, A2 -140.057159, A3 125.536270, A4 -35.3081512, A5 29.5551510, A6 9.39488888, E1 0.0, E2 0.0, E3 0.0, E4 0.0, E5 0.0, E6 0.0};;-0.520207286;-0.306826532;-2088.93628;1.62994218;1.99379790;-0.0809776559;295;295;294;296;295;295;0.00617102208;0.0100980364;-10.8520231;-0.0317901149;-0.0419629514;-0.0165308602;0.0;-0.000610278;-0.845622420;-0.000270670309;0.000559840060;-0.000317105529;0.0;100;4;#T1;#P_FREE
2025-11-27 14:17:01.343;{E6AXIS: A1 -9.10002804, A2 -140.057159, A3 125.230988, A4 -35.3081512, A5 29.5551510, A6 9.39488888, E1 0.0, E2 0.0, E3 0.0, E4 0.0, E5 0.0, E6 0.0};;-1.11472940;-3.47736669;-1728.92395;1.57171404;2.75613284;-0.0404891483;295;295;294;296;295;295;0.0173910614;-0.0134640485;-10.2433357;-0.0356049277;-0.0432345569;0.0406913459;-0.000915555574;-0.000610278;-2.83641315;0.0;-0.000559840060;0.0;0.0;100;4;#T1;#P_FREE
2025-11-27 14:17:01.584;{E6AXIS: A1 -9.10002804, A2 -140.057159, A3 124.316, A4 -35.3081512, A5 29.5551510, A6 9.39488888, E1 0.0, E2 0.0, E3 0.0, E4 0.0, E5 0.0, E6 0.0};;-1.70925200;0.715928733;-1498.46887;1.10601485;1.70059299;-0.0404891968;295;295;295;296;295;295;0.0112200407;0.00280501018;-5.81310272;-0.0330617204;-0.0432345569;0.0724814609;0.0;0.000305277907;-1.95664036;-0.000541587127;0.0;0.0;0.0;100;4;#T1;#P_FREE
2025-11-27 14:17:01.823;{E6AXIS: A1 -9.10002804, A2 -140.057159, A3 123.997086, A4 -35.3081512, A5 29.5551510, A6 9.39488888, E1 0.0, E2 0.0, E3 0.0, E4 0.0, E5 0.0, E6 0.0};;-2.15514398;-1.12503040;-991.566589;1.04780054;0.351846904;-0.283422440;295;295;295;296;295;295;0.0190740675;-0.00504901819;-5.57018900;-0.0381481349;-0.0343333222;0.0190740675;-0.000610277755;0.000305277907;0.0279707629;0.0;-0.000559840060;0.000317105529;0.0;100;4;#T1;#P_FREE
2025-11-27 14:17:02.067;{E6AXIS: A1 -9.10002804, A2 -140.057159, A3 124.042091, A4 -35.3081512, A5 29.5551510, A6 9.39488888, E1 0.0, E2 0.0, E3 0.0, E4 0.0, E5 0.0, E6 0.0};;-3.49281955;-2.45461202;-609.634155;0.989587784;1.70059299;1.41711056;295;295;295;296;295;295;0.0213180762;-0.0100980364;-3.07709622;-0.0394197404;-0.0521357879;0.00890123192;-0.000610555522;-0.000305277907;1.02613020;0.0;-0.000559840060;0.0;0.0;100;4;#T1;#P_FREE
2025-11-27 14:17:02.299;{E6AXIS: A1 -9.10002804, A2 -140.057159, A3 124.378792, A4 -35.3081512, A5 29.5551510, A6 9.39488888, E1 0.0, E2 0.0, E3 0.0, E4 0.0, E5 0.0, E6 0.0};;-2.30377460;2.45461178;-496.469635;1.92096281;0.586411417;1.09320;295;295;295;296;295;295;0.0162690580;-0.0291721057;-2.61483049;-0.0368765332;-0.0406913459;0.0114444410;-0.000610277755;-0.000610278;3.09758043;0.000541587127;0.000839887478;0.000633922522;0.0;100;4;#T1;#P_FREE
2025-11-27 14:17:02.542;{E6AXIS: A1 -9.10002804, A2 -140.057159, A3 125.355888, A4 -35.3081512, A5 29.5551510, A6 9.39488888, E1 0.0, E2 0.0, E3 0.0, E4 0.0, E5 0.0, E6 0.0};;0.520207047;7.15928459;-430.479675;1.22243023;1.87651658;1.49808848;295;295;295;296;295;295;0.0190740675;-0.0123420442;-2.52507019;-0.0343333222;-0.0216172785;0.0432345569;-0.000305277761;-0.000305000111;4.53318691;0.0;0.00139972754;-0.000317105529;0.0;100;4;#T1;#P_FREE
2025-11-27 14:17:02.776;{E6AXIS: A1 -9.10002804, A2 -140.057159, A3 126.525169, A4 -35.3081512, A5 29.5551510, A6 9.39488888, E1 0.0, E2 0.0, E3 0.0, E4 0.0, E5 0.0, E6 0.0};;-2.30377460;4.60239744;-573.768127;1.57169569;0.996899307;0.0809776485;295;295;295;296;295;295;0.00729302643;-0.00897603203;-3.23361564;-0.0445061587;-0.0356049277;0.0127160456;-0.000610555522;-0.000305277907;4.50424099;0.0;0.00111993495;0.000317105529;0.0;100;4;#T1;#P_FREE
2025-11-27 14:17:03.014;{E6AXIS: A1 -9.10002804, A2 -140.057159, A3 127.734764, A4 -35.3081512, A5 29.5551510, A6 9.39488888, E1 0.0, E2 0.0, E3 0.0, E4 0.0, E5 0.0, E6 0.0};;-2.37808967;-1.84095943;-598.962463;1.45527351;1.17282283;0.769288778;295;295;295;296;295;295;-0.00673202425;0.0129030468;-3.45465064;-0.0203456730;-0.0432345569;0.0305185094;-0.000610277755;-0.000610278;4.49708557;0.0;0.00139972754;0.0;0.0;100;4;#T1;#P_FREE
2025-11-27 14:17:03.250;{E6AXIS: A1 -9.10002804, A2 -140.057159, A3 128.924210, A4 -35.3081512, A5 29.5551510, A6 9.39488888, E1 0.0, E2 0.0, E3 0.0, E4 0.0, E5 0.0, E6 0.0};;1.04041398;3.06826425;-570.227417;1.74632812;2.34564543;1.98395538;295;295;295;296;295;295;0.00280501018;0.0213180762;-3.25773883;-0.0356049277;-0.0648518354;0.00127160456;0.000610555522;0.000305277907;4.49058104;0.000270670309;-0.00167977496;-0.000316817;0.0;100;4;#T1;#P_FREE
2025-11-27 14:17:03.496;{E6AXIS: A1 -9.10002804, A2 -140.057159, A3 130.153961, A4 -35.3081512, A5 29.5551510, A6 9.39488888, E1 0.0, E2 0.0, E3 0.0, E4 0.0, E5 0.0, E6 0.0};;-1.33767557;0.306827;-568.162354;2.15380454;2.40428686;0.323910981;295;295;294;296;295;295;0.0157080553;0.00112200400;-3.23193264;-0.0267036967;-0.0673950389;0.0317901149;0.000610555522;0.000610278;4.50781870;0.0;-0.00279971;0.0;0.0;100;4;#T1;#P_FREE
2025-11-27 14:17:03.736;{E6AXIS: A1 -9.10002804, A2 -140.057159, A3 131.363571, A4 -35.3081512, A5 29.5551510, A6 9.39488888, E1 0.0, E2 0.0, E3 0.0, E4 0.0, E5 0.0, E6 0.0};;-3.79008079;0.204550564;-588.551453;2.21201539;2.46292782;0.688311040;295;295;294;296;295;295;0.0140250502;-0.00617102208;-3.44847918;-0.0241604857;-0.0241604857;0.0165308602;-0.000610277755;0.0;4.52440596;0.0;0.0;-0.000317105529;0.0;100;4;#T1;#P_FREE
2025-11-27 14:17:03.972;{E6AXIS: A1 -9.10002804, A2 -140.057159, A3 132.553009, A4 -35.3081512, A5 29.5551510, A6 9.39488888, E1 0.0, E2 0.0, E3 0.0, E4 0.0, E5 0.0, E6 0.0};;-2.22945952;-2.25006104;-601.333;1.45527327;2.40428662;0.283422261;295;295;294;296;295;295;-0.00953703374;-0.0151470536;-3.44567442;-0.0343333222;-0.0368765332;0.0152592547;0.0;0.000610278;4.48375082;0.0;-0.000280047447;-0.000633922522;0.0;100;4;#T1;#P_FREE
2025-11-27 14:17:04.202;{E6AXIS: A1 -9.10002804, A2 -140.057159, A3 133.722290, A4 -35.3081512, A5 29.5551510, A6 9.39488888, E1 0.0, E2 0.0, E3 0.0, E4 0.0, E5 0.0, E6 0.0};;-2.67535090;-2.04551;-658.582642;1.74632788;2.34564543;0.526355445;295;295;294;296;295;295;0.0100980364;0.00448801601;-3.56572866;-0.0317901149;-0.00762962736;0.0190740675;0.0;0.0;4.49806118;0.0;0.00139972754;0.0;0.0;100;4;#T1;#P_FREE
2025-11-27 14:17:04.435;{E6AXIS: A1 -9.10002804, A2 -140.057159, A3 134.891571, A4 -35.3081512, A5 29.5551510, A6 9.39488888, E1 0.0, E2 0.0, E3 0.0, E4 0.0, E5 0.0, E6 0.0};;-2.37809;2.55688715;-596.438110;1.51348424;1.23146391;0.202444389;295;295;294;296;295;296;0.0145860529;-0.0230010822;-3.82435060;-0.0406913459;-0.0330617204;0.0279753;-0.000610555522;0.0;4.49741077;0.0;0.000839887478;-0.000316817;0.0;100;4;#T1;#P_FREE
2025-11-27 14:17:04.671;{E6AXIS: A1 -9.10002804, A2 -140.057159, A3 136.081009, A4 -35.3081512, A5 29.5551510, A6 9.39488888, E1 0.0, E2 0.0, E3 0.0, E4 0.0, E5 0.0, E6 0.0};;-2.52672052;-0.920479238;-589.766663;1.16421866;1.64195180;-0.202389821;295;295;294;296;295;296;0.0134640485;-0.00448801601;-3.44230843;-0.0330617204;-0.0368765332;-0.00381481368;-0.000610555522;0.000610278;4.50586700;0.000270916818;0.0;0.0;0.0;100;4;#T1;#P_FREE
2025-11-27 14:17:04.912;{E6AXIS: A1 -9.10002804, A2 -140.057159, A3 137.290604, A4 -35.3081512, A5 29.5551510, A6 9.39488888, E1 0.0, E2 0.0, E3 0.0, E4 0.0, E5 0.0, E6 0.0};;-1.70925212;1.22730565;-622.248291;1.74632788;1.64195180;0.485660374;295;295;294;296;295;296;0.0168300606;-0.00448801601;-3.68634415;-0.0343333222;-0.0165308602;0.0343333222;0.00122083328;-0.000610278;4.50977;0.000541587127;0.0;0.0;0.0;100;4;#T1;#P_FREE
2025-11-27 14:17:05.136;{E6AXIS: A1 -9.10002804, A2 -140.057159, A3 138.419571, A4 -35.3081512, A5 29.5551510, A6 9.39488888, E1 0.0, E2 0.0, E3 0.0, E4 0.0, E5 0.0, E6 0.0};;1.33767509;-5.31832504;-614.993530;2.38664818;-0.410487831;1.65919518;295;295;294;296;295;296;0.00841503;0.0123420442;-3.69924712;-0.0356049277;-0.0534073934;0.0178024638;0.000610277755;-0.000610278;4.50846910;0.0;-0.00167977496;0.000316817;0.0;100;4;#T1;#P_FREE
2025-11-27 14:17:05.384;{E6AXIS: A1 -9.10002804, A2 -140.057159, A3 139.669495, A4 -35.3081512, A5 29.5551510, A6 9.39488888, E1 0.0, E2 0.0, E3 0.0, E4 0.0, E5 0.0, E6 0.0};;-2.15514421;-1.32958138;-632.952515;1.51348412;1.52466977;0.526060462;295;295;294;296;295;296;0.0173910614;-0.000561002;-3.73851728;-0.0394197404;-0.0394197404;0.0343333222;0.0;-0.000610278;4.50456619;0.0;0.000839887478;-0.000316817;0.0;100;4;#T1;#P_FREE
2025-11-27 14:17:05.623;{E6AXIS: A1 -9.10002804, A2 -140.057159, A3 140.879089, A4 -35.3081512, A5 29.5551510, A6 9.39488888, E1 0.0, E2 0.0, E3 0.0, E4 0.0, E5 0.0, E6 0.0};;-1.63493657;4.39784670;-695.316772;1.16421866;1.05554044;0.849767566;295;295;294;296;295;296;0.0140250502;-0.00673202425;-3.97974801;-0.0254320912;-0.0139876502;0.0534073934;0.000610277755;-0.000610278;4.48602724;0.0;0.00139972754;-0.000316817;0.0;100;4;#T1;#P_FREE
2025-11-27 14:17:05.863;{E6AXIS: A1 -9.10002804, A2 -140.057159, A3 142.088684, A4 -35.3081512, A5 29.5551510, A6 9.39488888, E1 0.0, E2 0.0, E3 0.0, E4 0.0, E5 0.0, E6 0.0};;-3.19555831;-1.94323468;-641.359253;1.80473137;1.23146379;-0.202322885;295;295;294;295;295;296;0.0207570754;0.0100980364;-3.86754799;-0.0406913459;-0.0495925769;0.0394197404;-0.000305277761;-0.000610278;4.49773598;0.0;0.00139972754;0.0;0.0;100;4;#T1;#P_FREE
2025-11-27 14:17:06.100;{E6AXIS: A1 -9.10002804, A2 -140.057159, A3 143.199890, A4 -35.3081512, A5 29.5551510, A6 9.39488888, E1 0.0, E2 0.0, E3 0.0, E4 0.0, E5 0.0, E6 0.0};;-2.22945905;-0.613653421;-1048.82007;2.15452266;1.46602833;0.283249348;295;295;294;295;295;296;0.0213180762;6.37765972E-19;-7.16287327;-0.0381481349;-0.0534073934;0.00127160456;0.000305277761;0.000610278;0.722682;0.0;0.0;0.000316817;0.0;100;4;#T1;#P_FREE
2025-11-27 14:17:06.337;{E6AXIS: A1 -9.10002804, A2 -140.057159, A3 143.345673, A4 -35.3081512, A5 29.5551510, A6 9.39488888, E1 0.0, E2 0.0, E3 0.0, E4 0.0, E5 0.0, E6 0.0};;-1.04041409;6.13653;-1265.74707;1.57242274;0.527770340;-0.121392339;295;295;294;295;295;296;0.0224400815;-0.00617102208;-7.58194256;-0.0317901149;-0.0419629514;0.0127160456;0.0;0.0;0.000650696282;-0.000541587127;0.0;0.0;0.0;100;4;#T1;#P_FREE
2025-11-27 14:17:06.578;{E6AXIS: A1 -9.10002804, A2 -140.057159, A3 143.345673, A4 -35.3081512, A5 29.5551510, A6 9.39488888, E1 0.0, E2 0.0, E3 0.0, E4 0.0, E5 0.0, E6 0.0};;-2.89829707;-1.43185699;-1378.25513;2.44616628;1.11418176;0.688013256;295;295;294;295;295;295;0.0218790788;0.0246840883;-8.20241070;-0.0241604857;-0.0216172785;0.0152592547;-0.000610277755;-0.000305277907;-0.000650400238;0.0;0.0;0.000316817;0.0;100;4;#T1;#P_FREE
2025-11-27 14:17:06.816;{E6AXIS: A1 -9.10002804, A2 -140.057159, A3 143.345673, A4 -35.3081512, A5 29.5551510, A6 9.39488888, E1 0.0, E2 0.0, E3 0.0, E4 0.0, E5 0.0, E6 0.0};;-3.26987338;-0.409101725;-1425.15259;1.33961797;-44.8602333;17.3251038;295;295;294;295;295;295;0.00673202425;0.00673202425;-8.41671276;-0.0305185094;0.966419458;0.525172710;0.0;0.0;-0.000325052097;0.0;-0.000560094893;0.0;0.0;100;4;#T1;#P_FREE
2025-11-27 14:17:07.053;{E6AXIS: A1 -9.10002804, A2 -140.057159, A3 143.345673, A4 -35.3081512, A5 29.5546761, A6 9.39488888, E1 0.0, E2 0.0, E3 0.0, E4 0.0, E5 0.0, E6 0.0};;-1.18904483;-2.65916348;-1446.12024;1.74736488;-78.2260284;15.4647074;295;295;294;295;295;295;0.0190740675;-0.00280501018;-8.53171825;-0.0470493697;2.30923390;0.556962788;0.000305277761;0.0;-0.00552914198;0.0;0.103023060;-0.000951028080;0.0;100;52;#T1;#P_FREE
2025-11-27 14:17:07.294;{E6AXIS: A1 -9.10002804, A2 -140.057159, A3 143.345673, A4 -35.3081512, A5 29.4684658, A6 9.39488888, E1 0.0, E2 0.0, E3 0.0, E4 0.0, E5 0.0, E6 0.0};;-1.48630595;-3.98874474;-1534.16785;1.39790821;-111.825005;10.4858704;295;295;294;295;295;295;0.0151470536;-0.00785402767;-9.10001373;-0.0343333222;2.78227091;0.279753;0.00122083328;-0.000610278;-0.00227654888;-0.000270916818;0.891373158;-0.00760793593;0.0;100;52;#T1;#P_FREE
2025-11-27 14:17:07.530;{E6AXIS: A1 -9.10002804, A2 -140.057159, A3 143.345673, A4 -35.3081512, A5 29.0407524, A6 9.39488888, E1 0.0, E2 0.0, E3 0.0, E4 0.0, E5 0.0, E6 0.0};;-2.00651336;0.920478821;-1602.89905;1.74739623;-158.613480;17.4095039;295;295;295;295;295;295;0.0218790788;-0.0173910614;-9.49103260;-0.0470493697;3.85550523;0.685394883;-0.000915555574;0.0;-0.000975748349;0.0;2.33257580;-0.0161669;0.0;100;52;#T1;#P_FREE
2025-11-27 14:17:07.771;{E6AXIS: A1 -9.10002804, A2 -140.057159, A3 143.345673, A4 -35.3081512, A5 28.1113968, A6 9.39488888, E1 0.0, E2 0.0, E3 0.0, E4 0.0, E5 0.0, E6 0.0};;-0.222945884;1.53413236;-1356.35107;1.86389577;-151.812607;24.8595562;295;295;295;296;295;295;0.0173910614;-0.0190740675;-7.69526434;-0.0330617204;3.01370287;0.762962759;0.0;0.0;-0.000325348141;0.0;2.39108610;-0.0136309210;0.0;100;52;#T1;#P_FREE
2025-11-27 14:17:08.008;{E6AXIS: A1 -9.10002804, A2 -140.057159, A3 143.345673, A4 -35.3081512, A5 27.1371880, A6 9.39488888, E1 0.0, E2 0.0, E3 0.0, E4 0.0, E5 0.0, E6 0.0};;-0.743153095;-1.53413236;-1162.66968;0.757007122;-140.496948;11.7416315;295;295;295;296;295;295;0.0185130667;0.00953703374;-6.58896875;-0.0457777642;3.29345584;0.253049314;0.0;0.000610278;0.0;0.0;2.40704346;-0.0158497952;0.0;100;52;#T1;#P_FREE
2025-11-27 14:17:08.254;{E6AXIS: A1 -9.10002804, A2 -140.057159, A3 143.345673, A4 -35.3081512, A5 26.1134434, A6 9.39488888, E1 0.0, E2 0.0, E3 0.0, E4 0.0, E5 0.0, E6 0.0};;-0.743153095;-5.11377573;-1001.13074;2.21243620;-143.780365;-4.77765799;295;295;295;296;295;295;0.0207570754;-0.0173910614;-5.70651245;-0.0190740675;3.46003580;-0.298827082;0.00122083328;0.000915278099;0.0;0.0;2.39248586;-0.0155329769;0.0;100;52;#T1;#P_FREE
2025-11-27 14:17:08.492;{E6AXIS: A1 -9.10002804, A2 -140.057159, A3 143.345673, A4 -35.3081512, A5 25.1392365, A6 9.39488888, E1 0.0, E2 0.0, E3 0.0, E4 0.0, E5 0.0, E6 0.0};;-0.966098905;-0.715928435;-918.006714;2.44511580;-162.073135;-25.5483093;295;295;295;296;295;295;0.0196350701;-0.00392701384;-5.28856611;-0.0381481349;2.85729551;-0.977863908;-0.00122083328;0.00122055598;0.00162644463;0.000270916818;2.39472532;-0.0158500820;0.0;100;52;#T1;#P_FREE
2025-11-27 14:17:08.725;{E6AXIS: A1 -9.10002804, A2 -140.057159, A3 143.345673, A4 -35.3081512, A5 24.1650276, A6 9.39488888, E1 0.0, E2 0.0, E3 0.0, E4 0.0, E5 0.0, E6 0.0};;-1.33767545;-4.29557133;-880.017639;1.22250116;-147.063568;-23.9288139;295;295;295;296;295;295;0.0190740675;0.0145860529;-5.14719343;-0.0317901149;3.14467812;-0.562049210;-0.000915555574;-0.000610278;0.000975748349;0.0;2.40284395;-0.0174350329;0.0;100;52;#T1;#P_FREE
2025-11-27 14:17:08.968;{E6AXIS: A1 -9.10002804, A2 -140.057159, A3 143.345673, A4 -35.3081512, A5 23.1743088, A6 9.39488888, E1 0.0, E2 0.0, E3 0.0, E4 0.0, E5 0.0, E6 0.0};;-2.37808967;6.75018263;-864.360229;1.80459666;-160.431427;1.41711;295;295;295;296;295;295;0.0224400815;-0.0179520641;-5.07482386;-0.0572222061;3.39772749;0.151320949;0.000610277755;0.0;0.0;0.0;2.39360571;-0.00729111908;0.0;100;52;#T1;#P_FREE
2025-11-27 14:17:09.198;{E6AXIS: A1 -9.10002804, A2 -140.057159, A3 143.345673, A4 -35.3081512, A5 22.2166119, A6 9.39488888, E1 0.0, E2 0.0, E3 0.0, E4 0.0, E5 0.0, E6 0.0};;-1.18904507;4.09101963;-860.347168;1.68814695;-136.451294;9.06950188;295;295;295;296;295;295;0.00841503;-0.00336601213;-5.05126238;-0.0343333222;3.37865305;0.301370293;0.00122083328;-0.000305277907;0.0;0.0;2.40340376;-0.0126798935;0.0;100;52;#T1;#P_FREE
2025-11-27 14:17:09.442;{E6AXIS: A1 -9.10002804, A2 -140.057159, A3 143.345673, A4 -35.3081512, A5 21.2093792, A6 9.39488888, E1 0.0, E2 0.0, E3 0.0, E4 0.0, E5 0.0, E6 0.0};;-6.24248552;-3.98874474;-864.064209;1.92097914;-144.014755;-0.202444479;295;295;295;296;295;295;0.0145860529;0.00785402767;-5.01984596;-0.0254320912;3.40662861;-0.0953703448;-0.000305277761;0.000305000111;-0.000650400238;0.0;2.39556527;-0.0164840054;0.0;100;52;#T1;#P_FREE
2025-11-27 14:17:09.684;{E6AXIS: A1 -9.10002804, A2 -140.057159, A3 143.345673, A4 -35.3081512, A5 20.2186604, A6 9.39488888, E1 0.0, E2 0.0, E3 0.0, E4 0.0, E5 0.0, E6 0.0};;-2.52672052;-1.84095955;-862.536316;1.86275959;-158.203278;-16.2765083;295;295;295;296;295;295;0.0151470536;0.0179520641;-5.04396915;-0.0343333222;2.87509775;-0.583666503;0.000610277755;0.000305000111;-0.000325348141;0.0;2.39332581;-0.0168011114;0.0;100;52;#T1;#P_FREE
2025-11-27 14:17:09.923;{E6AXIS: A1 -9.10002804, A2 -140.057159, A3 143.345673, A4 -35.3081512, A5 19.2279396, A6 9.39488888, E1 0.0, E2 0.0, E3 0.0, E4 0.0, E5 0.0, E6 0.0};;-3.04692745;3.78419328;-861.295349;1.39730406;-140.907425;-11.6607904;295;295;295;295;295;295;0.0269280970;-0.00561002037;-5.08155632;-0.0254320912;3.17901158;-0.188197479;-0.000305277761;0.0;0.000650400238;0.0;2.40284395;-0.0180689562;0.0;100;52;#T1;#P_FREE
2025-11-27 14:17:10.161;{E6AXIS: A1 -9.10002804, A2 -140.057159, A3 143.345673, A4 -35.3081512, A5 18.2537327, A6 9.39488888, E1 0.0, E2 0.0, E3 0.0, E4 0.0, E5 0.0, E6 0.0};;-0.148630381;2.14778519;-866.255798;1.68874598;-155.145645;9.59586239;295;295;295;295;296;295;0.0173910614;-0.00953703374;-5.08380032;-0.0152592547;2.93613482;0.437431961;0.000915277749;0.0;0.0;0.0;2.40508389;-0.0158500820;0.0;100;52;#T1;#P_FREE
2025-11-27 14:17:10.403;{E6AXIS: A1 -9.10002804, A2 -140.057159, A3 143.345673, A4 -35.3081512, A5 17.2880116, A6 9.39488888, E1 0.0, E2 0.0, E3 0.0, E4 0.0, E5 0.0, E6 0.0};;-3.49281979;-5.52287722;-668.726807;1.86365461;-74.3321;14.9403772;295;295;295;295;296;295;0.0185130667;-0.000561002;-3.78451943;-0.0381481349;2.24692535;0.464135677;0.0;-0.000610278;0.000650400238;0.0;0.299830407;0.0;0.0;100;52;#T1;#P_FREE
2025-11-27 14:17:10.644;{E6AXIS: A1 -9.10002804, A2 -140.057159, A3 143.345673, A4 -35.3081512, A5 17.1450367, A6 9.39488888, E1 0.0, E2 0.0, E3 0.0, E4 0.0, E5 0.0, E6 0.0};;-1.48630583;0.920479059;-1171.81970;1.10661280;-13.2468653;14.0091391;295;295;295;295;296;295;0.00561002037;-0.0291721057;-7.36820030;-0.0190740675;0.161493778;0.450148016;-0.00152583327;0.000305277907;-0.00130080048;-0.000270670309;-0.00111993495;0.00126813364;0.0;100;52;#T1;#P_FREE
2025-11-27 14:17:10.893;{E6AXIS: A1 -9.10002804, A2 -140.057159, A3 143.345673, A4 -35.3081512, A5 17.1450367, A6 9.39488888, E1 0.0, E2 0.0, E3 0.0, E4 0.0, E5 0.0, E6 0.0};;-3.26987362;-0.920478940;-1473.20325;1.68909657;5.39212465;14.1710958;295;295;295;295;296;295;0.0302941073;0.0185130667;-8.92610359;-0.0317901149;-0.158950567;0.410728306;0.000610277755;-0.000305277907;-0.00292724511;-0.000541587127;-0.000839887478;-0.000316817;0.0;100;52;#T1;#P_FREE
2025-11-27 14:17:11.128;{E6AXIS: A1 -9.10002804, A2 -140.057159, A3 143.345673, A4 -35.3081512, A5 17.1450367, A6 9.39488888, E1 0.0, E2 0.0, E3 0.0, E4 0.0, E5 0.0, E6 0.0};;-1.18904471;-0.511377931;-1608.39978;1.57263458;7.97064877;13.4827871;295;295;295;295;296;295;0.0235620849;-0.00729302643;-9.61333084;-0.0419629514;-0.204728335;0.431073964;0.000305277761;-0.000305277907;-0.000975748349;-0.000270670309;-0.000560094893;0.000634211057;0.0;100;52;#T1;#P_FREE
2025-11-27 14:17:11.391;{E6AXIS: A1 -9.10002804, A2 -140.057159, A3 143.345673, A4 -35.3081512, A5 17.1450367, A6 9.39488888, E1 0.0, E2 0.0, E3 0.0, E4 0.0, E5 0.0, E6 0.0};;-25.4158077;-4.70467186;-1666.35962;1.63089752;9.02537060;13.4422960;295;295;295;295;296;295;0.199155718;0.0583442114;-9.82314491;-0.0419629514;-0.212357968;0.436160386;-0.000305000;0.000610278;0.000325052097;0.0;-0.000279792614;0.000633922522;0.0;100;53;#T1;#P_FREE
2025-11-27 14:17:11.633;{E6AXIS: A1 -9.10734177, A2 -140.057159, A3 143.345673, A4 -35.3081512, A5 17.1450367, A6 9.39488888, E1 0.0, E2 0.0, E3 0.0, E4 0.0, E5 0.0, E6 0.0};;-570.419250;4.70467281;-1685.01184;2.32986546;8.43920898;13.7257156;295;295;294;295;296;295;4.92110968;0.00280501018;-9.93366241;-0.0127160456;-0.165308595;0.451419652;0.227050558;0.0;-0.000975748349;0.0;-0.000560094893;0.000951028080;0.0;100;53;#T1;#P_FREE
2025-11-27 14:17:11.874;{E6AXIS: A1 -9.20565224, A2 -140.057159, A3 143.345673, A4 -35.3081512, A5 17.1450367, A6 9.39488888, E1 0.0, E2 0.0, E3 0.0, E4 0.0, E5 0.0, E6 0.0};;-560.841431;-7.94888E-08;-1699.12549;1.28128624;11.8968639;15.1023369;295;295;294;296;296;295;3.85240102;-0.00673202425;-9.98247;-0.0279753;-0.274666578;0.473036885;0.925292790;-0.000305000111;-0.000975748349;0.0;-0.000559840060;0.000317105529;0.0;100;53;#T1;#P_FREE
